-- phpMyAdmin SQL Dump
-- version 5.2.1
-- https://www.phpmyadmin.net/
--
-- Servidor: 127.0.0.1
-- Tiempo de generación: 12-06-2023 a las 01:45:30
-- Versión del servidor: 10.4.28-MariaDB
-- Versión de PHP: 8.0.28

SET SQL_MODE = "NO_AUTO_VALUE_ON_ZERO";
START TRANSACTION;
SET time_zone = "+00:00";


/*!40101 SET @OLD_CHARACTER_SET_CLIENT=@@CHARACTER_SET_CLIENT */;
/*!40101 SET @OLD_CHARACTER_SET_RESULTS=@@CHARACTER_SET_RESULTS */;
/*!40101 SET @OLD_COLLATION_CONNECTION=@@COLLATION_CONNECTION */;
/*!40101 SET NAMES utf8mb4 */;

--
-- Base de datos: `entre_especies`
--

-- --------------------------------------------------------

--
-- Estructura de tabla para la tabla `categoria`
--

CREATE TABLE `categoria` (
  `Id_Categoria` int(3) NOT NULL,
  `Nom_Categoria` varchar(50) DEFAULT NULL
) ENGINE=InnoDB DEFAULT CHARSET=utf8mb4 COLLATE=utf8mb4_general_ci;

--
-- Volcado de datos para la tabla `categoria`
--

INSERT INTO `categoria` (`Id_Categoria`, `Nom_Categoria`) VALUES
(1, 'cuido'),
(2, 'vacunación '),
(3, 'juguetees'),
(4, 'accesorios ');

-- --------------------------------------------------------

--
-- Estructura de tabla para la tabla `cita_externa`
--

CREATE TABLE `cita_externa` (
  `Id_Externa` int(3) NOT NULL,
  `Id_CitaExt` int(3) DEFAULT NULL,
  `Nom_cita` varchar(35) DEFAULT NULL,
  `Fecha_Hora` datetime DEFAULT NULL,
  `Estado` varchar(15) DEFAULT NULL,
  `Precio` float DEFAULT NULL
) ENGINE=InnoDB DEFAULT CHARSET=utf8mb4 COLLATE=utf8mb4_general_ci;

--
-- Volcado de datos para la tabla `cita_externa`
--

INSERT INTO `cita_externa` (`Id_Externa`, `Id_CitaExt`, `Nom_cita`, `Fecha_Hora`, `Estado`, `Precio`) VALUES
(1, 1, 'vacunacion', '2023-06-08 03:28:37', 'Activo', 20000),
(2, 2, 'vacunación', '2023-06-09 03:28:37', 'Activo', 20000);

-- --------------------------------------------------------

--
-- Estructura de tabla para la tabla `cita_interna`
--

CREATE TABLE `cita_interna` (
  `Id_Interna` int(3) NOT NULL,
  `Id_citaInt` int(3) DEFAULT NULL,
  `Nom_cita` varchar(35) DEFAULT NULL,
  `Fecha_Hora` datetime DEFAULT NULL,
  `Estado` varchar(15) DEFAULT NULL,
  `Precio` float DEFAULT NULL
) ENGINE=InnoDB DEFAULT CHARSET=utf8mb4 COLLATE=utf8mb4_general_ci;

--
-- Volcado de datos para la tabla `cita_interna`
--

INSERT INTO `cita_interna` (`Id_Interna`, `Id_citaInt`, `Nom_cita`, `Fecha_Hora`, `Estado`, `Precio`) VALUES
(1, 1, 'vacunacion', '2023-06-08 03:28:37', 'Activo', 20000),
(2, 2, 'vacunacion', '2023-01-08 03:28:35', 'Activo', 20000);

-- --------------------------------------------------------

--
-- Estructura de tabla para la tabla `clientes`
--

CREATE TABLE `clientes` (
  `Documento_Cliente` int(15) NOT NULL,
  `Tipo_Docu` varchar(15) DEFAULT NULL,
  `Nombre_cliente` varchar(20) DEFAULT NULL,
  `Apellido` varchar(20) DEFAULT NULL,
  `Direccion` varchar(20) DEFAULT NULL,
  `Telefono` int(15) DEFAULT NULL,
  `Correo` varchar(30) DEFAULT NULL
) ENGINE=InnoDB DEFAULT CHARSET=utf8mb4 COLLATE=utf8mb4_general_ci;

--
-- Volcado de datos para la tabla `clientes`
--

INSERT INTO `clientes` (`Documento_Cliente`, `Tipo_Docu`, `Nombre_cliente`, `Apellido`, `Direccion`, `Telefono`, `Correo`) VALUES
(1009121233, 'c.c', 'jorge', 'rodriguez', 'cll 12-12', 2147483647, 'jorgerodriguez1@gmail.com'),
(1009292921, 't.i', 'juan ', 'morales', 'cra 50#32', 2147483647, 'juanmorales1@gmail.com'),
(1090966575, 'c.c', 'alex', 'escobar', 'cra 80# 30', 2147483647, 'alexescobar1@gmail.com'),
(1092334554, 'c.c', 'diego', 'ortiz', 'cra 28# 12', 2147483647, 'diegoortiz1@gmail.com'),
(1120987890, 'c.c', 'luis', 'martinez', 'cra 47 a', 2147483647, 'luismartinez1@gmail.com'),
(1212009896, 'c.c', 'alberto', 'alvarez', 'cll 87 #23', 2147483647, 'albertoalvarez1@gmail.com'),
(1290923761, 'c.c', 'jhoan', 'uribe', 'cll 10 #42', 2147483647, 'jhoanuribe1@gmail.com'),
(1556486467, 'c.c', 'manuel', 'gutierrez', 'cll 50# 86', 2147483647, 'manuelgutierrez1@gmail.com'),
(1879012738, 't.i', 'camilo', 'pino', 'tranv 3#26', 2147483647, 'camilopino1@gmail.com'),
(1990923234, 'c.c', 'brayan', 'gaviria', 'cra 65#28', 2147483647, 'brayangaviria1@gmail.com');

-- --------------------------------------------------------

--
-- Estructura de tabla para la tabla `compras`
--

CREATE TABLE `compras` (
  `Id_Compra` int(3) NOT NULL,
  `Fecha_Compra` date DEFAULT NULL,
  `Forma_Pago` varchar(50) DEFAULT NULL
) ENGINE=InnoDB DEFAULT CHARSET=utf8mb4 COLLATE=utf8mb4_general_ci;

--
-- Volcado de datos para la tabla `compras`
--

INSERT INTO `compras` (`Id_Compra`, `Fecha_Compra`, `Forma_Pago`) VALUES
(1, '2023-06-01', 'Efectivo'),
(2, '2023-06-08', 'Targeta');

-- --------------------------------------------------------

--
-- Estructura de tabla para la tabla `configuracion`
--

CREATE TABLE `configuracion` (
  `Id_Configuracion` int(4) NOT NULL,
  `Id_Rol` int(2) DEFAULT NULL,
  `Id_Permiso` int(2) DEFAULT NULL,
  `Estado` varchar(10) DEFAULT NULL
) ENGINE=InnoDB DEFAULT CHARSET=utf8mb4 COLLATE=utf8mb4_general_ci;

--
-- Volcado de datos para la tabla `configuracion`
--

INSERT INTO `configuracion` (`Id_Configuracion`, `Id_Rol`, `Id_Permiso`, `Estado`) VALUES
(1, 1, 1, 'Activo'),
(2, 1, 2, 'Activo'),
(3, 1, 2, 'Activo'),
(4, 1, 4, 'Activo');

-- --------------------------------------------------------

--
-- Estructura de tabla para la tabla `deta_compras`
--

CREATE TABLE `deta_compras` (
  `Id_DetalleCompra` int(3) NOT NULL,
  `Id_Compra` int(3) DEFAULT NULL,
  `Id_Producto` int(3) DEFAULT NULL,
  `Cantidad` int(4) DEFAULT NULL,
  `Precio_Compra` float DEFAULT NULL,
  `Subtotal` float DEFAULT NULL
) ENGINE=InnoDB DEFAULT CHARSET=utf8mb4 COLLATE=utf8mb4_general_ci;

--
-- Volcado de datos para la tabla `deta_compras`
--

INSERT INTO `deta_compras` (`Id_DetalleCompra`, `Id_Compra`, `Id_Producto`, `Cantidad`, `Precio_Compra`, `Subtotal`) VALUES
(3, 1, 2, 34, 23424, 23423);

-- --------------------------------------------------------

--
-- Estructura de tabla para la tabla `deta_externas`
--

CREATE TABLE `deta_externas` (
  `Id_CitaExt` int(3) NOT NULL,
  `Id_Mascota` int(3) DEFAULT NULL,
  `Documento_Cliente` int(15) DEFAULT NULL
) ENGINE=InnoDB DEFAULT CHARSET=utf8mb4 COLLATE=utf8mb4_general_ci;

--
-- Volcado de datos para la tabla `deta_externas`
--

INSERT INTO `deta_externas` (`Id_CitaExt`, `Id_Mascota`, `Documento_Cliente`) VALUES
(1, 3, 1009121233),
(2, 1, 1879012738);

-- --------------------------------------------------------

--
-- Estructura de tabla para la tabla `deta_interna`
--

CREATE TABLE `deta_interna` (
  `Id_CitaInt` int(3) NOT NULL,
  `Id_Mascota` int(3) DEFAULT NULL,
  `Documento_Cliente` int(15) DEFAULT NULL
) ENGINE=InnoDB DEFAULT CHARSET=utf8mb4 COLLATE=utf8mb4_general_ci;

--
-- Volcado de datos para la tabla `deta_interna`
--

INSERT INTO `deta_interna` (`Id_CitaInt`, `Id_Mascota`, `Documento_Cliente`) VALUES
(1, 1, 1009121233),
(2, 1, 1009292921);

-- --------------------------------------------------------

--
-- Estructura de tabla para la tabla `deta_venta`
--

CREATE TABLE `deta_venta` (
  `Id_DetalleV` int(3) NOT NULL,
  `Id_Venta` int(3) DEFAULT NULL,
  `Id_Servicio` int(3) DEFAULT NULL,
  `Id_Producto` int(3) DEFAULT NULL,
  `Cantidad` int(5) DEFAULT NULL,
  `SubTotal_Pro` float DEFAULT NULL,
  `SubTotal_ser` float DEFAULT NULL
) ENGINE=InnoDB DEFAULT CHARSET=utf8mb4 COLLATE=utf8mb4_general_ci;

--
-- Volcado de datos para la tabla `deta_venta`
--

INSERT INTO `deta_venta` (`Id_DetalleV`, `Id_Venta`, `Id_Servicio`, `Id_Producto`, `Cantidad`, `SubTotal_Pro`, `SubTotal_ser`) VALUES
(1, 1, 1, 2, 4, 87000, 25000),
(2, 1, 2, 1, 10, 35000, 56000);

-- --------------------------------------------------------

--
-- Estructura de tabla para la tabla `mascotas`
--

CREATE TABLE `mascotas` (
  `Id_Mascotas` int(3) NOT NULL,
  `Documento_Cliente` int(15) DEFAULT NULL,
  `Nombre_Mascota` varchar(20) DEFAULT NULL,
  `Foto` blob DEFAULT NULL,
  `Fec_Nacimiento` date DEFAULT NULL,
  `col_Mascota` varchar(12) DEFAULT NULL,
  `Especie` varchar(12) DEFAULT NULL,
  `Raza` varchar(12) DEFAULT NULL,
  `Genero` varchar(15) DEFAULT NULL,
  `Inf_Mascota` varchar(200) DEFAULT NULL
) ENGINE=InnoDB DEFAULT CHARSET=utf8mb4 COLLATE=utf8mb4_general_ci;

--
-- Volcado de datos para la tabla `mascotas`
--

INSERT INTO `mascotas` (`Id_Mascotas`, `Documento_Cliente`, `Nombre_Mascota`, `Foto`, `Fec_Nacimiento`, `col_Mascota`, `Especie`, `Raza`, `Genero`, `Inf_Mascota`) VALUES
(1, 1009121233, 'Polo', 0xffd8ffe000104a46494600010101012c012c0000ffe1008045786966000049492a000800000005001201030001000000010000001a010500010000004a0000001b010500010000005200000028010300010000000200000069870400010000005a000000000000002c010000010000002c01000001000000020002a0040001000000e803000003a00400010000009b02000000000000ffdb0043000604040504040605050506060607090e0909080809120d0d0a0e1512161615121414171a211c17181f1914141d271d1f2223252525161c292c28242b21242524ffdb00430106060609080911090911241814182424242424242424242424242424242424242424242424242424242424242424242424242424242424242424242424242424ffc00011080190032003011100021101031101ffc4001c0000020301010101000000000000000000040502030607010008ffc400411000020103030303020404040504010403010203000411051221063141132251617107143281234291a11552b1c116243362d17282e1f043085392f1172534ffc4001b01000301010101010000000000000000000203040105000607ffc4003411000202020201040202010303050003010001020311210412310513224114513261231571810642a13391b1d1f04352c1e1ffda000c03010002110311003f00e7173d197b09cb63e6b88f9d5ad23b8b8537b094d21ade0cc8e0103b527f2136531e2b4bc96e98cb1b8e4669cfe489b1d58f2de442fee3c7cd736ea34590b5e49fe6439d9f15ca954d3d9d28cf449ed56601b1c8a2ae5d7464de4f2389e22483c5509c5ed8ad9e345331dc990451fbd1899ed3915343727f539c563e445e91ef6fa815f091223c555424de49ed6f065d2e7d2ba6fbd75e50ed138fdb131f5bebc91c5b4b7f7ae3ddc26e59c1643905f16acb28665ed8a4fe263c9542f6c5beb7af7406e38cf6a7591eb0d18a7991b1d3e38d215c63915c3958d32d884cb3a4699ce28eb9c98c4d038bf40d90c2a9ecd201c53267572a300ff4a08cdb6174491f1bf9ca13b8d52a19152963c108b5097d4f71349b69583d0b187db6a123b818fed514934509a1e5afabb03815b4daa2f62acc32e9357788ed3deaff00c85e4c85498543aa6f8b279af3e6eb06aa964f56313e72df5a6d72eeb60ce5d7c00de2244c4039ae5f22094b4515cdb404a4330f6d7a12685ce24a585cf239159293054502c968ce693dc7244adf4c2f20527bd6672f064a7d564d55874fa0832ca3815d1ab8a9af91cab7952eda0592dc43315078ed8acf6239c0c56b6b22fd5b4496ed328dc77ed5d2e371a29e49a77bf06624d2aeec64fd0c573555d18a583d5cdb67a4498f706fdeb896a59d1d183635d31368c9adaad49e01b22d9eea7332f00f06ba7534c99e8cfcc8f206073cd39ca31070d945beeb57639c8340e499be0faf75929110b9cf6a28d68f4a47ba3dc1cef7e727346eb42d6cd7d82ac8a59bfa529c51557043ab78a33dd452fa27e06cb487da645186c8c549c8af1b26949b1fa2c6547e9a8e0b32132c8af5774489b818c1aedd0b4026ce61d4c104eae9e4d59d035208d10966566e69134510f06dec2eb6a2814c83c0a9c3237b79b2c3354c264b380eec590e3155c2447388da25c8a6a625a3d651f1442ca5d78af23c09280735a6a02957158d1a5454628584532714b68342dba9319a44994d71c8a6ea6c03486cb6b889ee651f35348b2085b2cd962054f21c56b2fd6a49c8f60bd083f3533982c8c83751c6c0183b439f34d568b9226b00038a2f74533c688ad1c6629a2b0086a7260e02e3b9daa3e94d8cb0638137ba57039aa21303a01cb2a83de98e6638033ce39c30143d84b58049a707ce6b1c82480e4b921b1f34b948dea0770c58e696a46a8140b7965f72c64e3ce28d482ea41ade519cae298a43230c82cf6b216e45323623655938e029d851f6462acfa78f8a095980fdac83ac79241f351cf91b1f1a34416df248f8ab699a92d905f0c32f16ec159707e4532518b14a6d0add9a298a9e39af2a62cdf7a48b639198727b714b9f1e3f4323c997d909a4de991dea774607abb246d9f9c1a9eca4aaab062140190691ed14a98393b67dc7b56b86b4667614d7998f8f8a9945f61ae5a00373ba5e465b35d282c4481bcb18c12215e576d038b0de305735b8901e41a6c658112882fe578a09cb63211d04dbda24980696a41b41c9d3f1cabed34e8d9827956c51a8f4acfbc98ce7e86a9aed44f3ad8aae3a72ed012533542b508956cbed34c79e2f4c2fbd69739a5b36316f4742d588552ec6be6e95f67d1cde4cb4c37967ddb89ec3e2ac83173d207b5b5b8770f1c2ec01e485ae9c2692d9c99a6e5a1a25a5c86ffa4e01fa522eb6290eae0f21d0d918d0bbe73f5ae25b6e5e8e94220775aa9b66c29a655477d9e94b07b6da9faa3715a3971f1a17dc676b78afc1a9eda74315b807d47548ed90ee23ed41c7a65267acb960ccea3af2ca0aad7778f4491cebaf8e0404ee72de49aec45611c86f67c532706858710b86e4c30119e4f153cab4d94c6cc223697444fb8d2eea538e02aecd9a2875d2815735c597072f274a36a48aaf35d6313007357d1c0892ddc9ea2fb7d565964c64d6ddc48a3d4f25c99a1d352495c33038a91d296d17a9b34f15bc6f0818c1a54a5d41c65943d9057054f9a094f28f3581fe97a7c69b59c0e4572ee937a024dfd0f61f4224238a97ec0f919cd63619b720ef5656d8e8cda45d676cde97d319a549ec2577d1ebea125a9da05531be515a191829805c6a0d39e700d4b3b5c995c2b51455f9df49b934d83d0328e42a1d44321a19c85aacaa4d4d23a9fcf81eab4c9d96ac04ea7e0d1d6da90ab69cc4d58ea68d2df0c40e2ba9f9788e0e4ae137233adae892f0bb7626955cdc9e4a6ca54238353a6df5b5c26d6c0e2bb7c7b5786726d830e7d3ad2652485356f58cd0a5271625d4f4085d098c76f8a86de145f82caf94d7932b348fa7cfe9b1f38ae559c671792e8dca482a38c5d8cbd32b9c9013c145dda428a46de68a76366c63a14cd62dc91cd32bb04cd604b776d97c15e49ed54c6c62861a758b1c1ed44ee092357a6445461b9151ddc8c781b1b303379846a08c8ada392a5a0bbe4bec35631103766a8b3e48d514301d44df1c548aac48d7058136a3af7a87890e078aeaf1e0a2b6473f3a33d7313ea1206f0a78cd52e6b07a35b632d2a078080578a53926392c2353607db9f3591c193638b69033638a7c49a439b5955300119aa22c96686b0dd0da39a7c499a2c1703e6982d916981a2409439ce68b06640a72335e6793066e3cd0b41a0799b1c52643622cba3c1a9e48aeb621bd9b19153ccbeb425b9989a9a5e4b2285f2494998c48824ddea3b11b8098a6fad49246344ccd4098b68f91f2689c80922f560050ab05389f332e334e84c54a250464e56ab8c8068f0a376a745e4f60a64ca551166f5009a4218e734793ce208653bbbd0f6112813906e5c8358d9b188be7241acce4674454a431c66b706f546974ff004c5b285c722b3c0583cbcb749a2c951b80ef58e41c50a3d156f1da96e6d0cc14bc017bf6a5bbda0a304c0ee0281c1acf75b1aa091408863752bcbd9ae58450b308e5f1cd5d5e52d10d987e43c4ea52990b24989b2a5812ea081d891dcd7420f24528e00e194c4f87048a36022c9361ced279a9e4caa10c9edbc255b3dc54d37b2b82c066fc0001ac50c86e6ca9fdd938a194346c66ca9642322a392c32a5b4531becbc1c706a98ff00110a3f33432c08f02ba0c1c5294b0f03ecaf2b2819056b9e09fa1e48003c1acce4c5a2b2ce8432e41ac8e33b324d938fa826b63b49a63a5b5a32372fb1859752c73bed9101a435388f4e121a35e59cc982b8cd07bd247bdb8b055b38a3984ca060f9a17c9662e3c72572de2eb881377a7f34b8c940a9c7268347d0ece055dd0990e3b9f353cef7937db58d8d648a585a28ad6c516327dec478a35cac2db14ea59d0c5a381800d02e71e0573e5cb9c87aa52146b1a4c72c4cf17b4e39ac84df6352c1cd754876ca79edc576f8f269609ac5b2ab6ba0a98f8e29b665b169a41d15e88b1cf8a15539215296c5faa2c976404c91e4d5bc7a54364d6e5a124969b3703dc57453fd10b5fb298493c7c5384939988618a16834567713b402685e02c84436b28f715c79a54e6864133d559659f68e3158a2b014a6c9dd2bc3ed61de9b1c63426596f619d3d6e97170338a8b90cb38f848e8705ac56d08600735176c22d52c9e1bcd871c8ae65d66cb6a814b5eed62775294db36690d2cb556923003e714138201241326a2f1e7dd534a3b1deda6803f346e25c13e6a88c70896c8e079f9e4b6b41dbb549879d81086599abcd57d694f3f6c535ed60e8c21d5037e619b2777142ab0bb82cb72cf285069eab03b9a5d2b4c33440b50ceb78c93cefc3d14ea1a7323e323152bf8b2aaacec8152c997904d7a32cb18e44dc328f7313f4a6b5917d9026d91dc6d356d494511dd3ce877a64b3c58c939f9a4d9c9e8f3164fedf63476b7d3b003e6aae37a9cbc325b29487f0c65e2f77722bbd0b94910c961986ea8b3717a5d47b4549c869e915d1e0549a8b5ba601c9f8a8d56f392ac9e457af73261c114138607464b0348228ca12d8e692a7d444d360dfe0df98972146334cf7f3a4028fec225d0a6b44f5429db4c8c99e94b046d6fd23383416d0e5b429cc2dee9261b57fbd2eba7a3c8c8b6cbed74f320ce48a29f2bae8a2393d974f95411b8d369be32d8526ca93476eedd8d54f991f00c296f6131e9a23fe5a642dec35c3012234893771c51ec5b09b6ba51d88a28c8071c8c44ea10329f70aa14960435bd904d4ae91b2464536b9362e70432b6d624206462ac8c88a758d60d495e9b910e2151dc073c1a24c5b89687c8a3c80d144abbabc7b00eea056309024e714990e88a2fdc28353cde0aeb466afe52491515933a554454f9626a594cb22819a2cd25d8314488880a54b67b0799dbdbbd25c720b47827e79a5bac1c12597dd4b7105a0f87f8a0525c5e454960252c378e4d3a09896c220d300e4d74298e509948b27b140322aa8c0152155e401734d511b162a9a204e2bcc30716a0b71438c0992091a6ee5c8a54e78363016dee9eca4f7a5ab531bd302b961787914f84d305c4becb5792c789177af7fb51b68d48326d75660422950df3496c62894c5396703bd2a4c2c155f49e98c8246693d5b61a78d899ee19a4da4f7aa15585917ee65976582f7e2a6958a321ea3942eb8621b35d5e349491cbe4294596c13b01e71567b2bc937bafc1e4ecae4f18f34d8c300379297891d411dc8a19f8323e4f1635e39a92722ead075b20edc521b1e91edc428bc8a6458122a8a2dfe7f6a268f44ae6b5c3fb7b5493815c2407736eeacb229e41ed475fe98bb1ef28796b7a8f67b194875a1955b18ae4e3816b5dfa72907b50cabc89f70b4ceae38af2835a3ce47864c0c8a071d9a2abb70ef83c62ba14af89cebf4531bbc53821b834738a689d4e4bc1a4b576785496ae6ce0b23e12b3e8316fb6464335496417d1d2a272fb2bb75f426c81da90b6741962f555fd95e862a590765156c38b094739d9cfb39128c8e99a1eab2ea96692bdb95dc07715ccb78f0ce323a16b6b232960caee4193f142b839594c2f7daf267f5c179e8148a2619ee40a757c750f20bbb2730d74bc32ed752adf5ae8d10c8ab2cc0a526288c31c9aa7dbcb10ecd1ea4eed82c0fdea88d69214a6db1e59056841207342bc8f6b425d623f4ee1b1d9aae82d64e5d8f0f02989b61614d1382fb5b66ba940009e6956cd416438a6de0d569fd36a17732ff5ae25fce6de116c2909bcd3e1b78fc76a1aaf720ba60456e91fe61b18ef5d2949a8e4463320eb8d1c5f052a38ae7fe6f4960a7f1fb2c8cb41d00db49b5532de282ee6296cf428713a3e83d32d728ad72bff00b7e2b85cbf52ff00b60550875dc871aa744db4d64e638c0976e178ec6a6aae93dc864791bc23956b363369b74d04e36b2f7aead4d3d8c6f251a65cb45215ce477a3b968dafc8d64ba0fdea096996c5688c134713e77035443622d897dd5c99e2c213c52e5032bc2113b309319028e14b63256a430b6855a3c9e78a370489dd99652204172bc62bc9ec645e51b1d37538a3b5d8700814e6d630493a9e722fbdba5924e0f1dea0b2a2ba73144adeea355f76290ea7f46bb3603a8cc1dff874eae3fb35783eb050397ef5eb66fc205432324b858fb1a91d6e479a482ed752c103144a0e24f38e4d1586aa2418cf38a7ae7ceb2395055a84314e8c49049a15ce94d8d85783217da47f14b276cf6aec71edcc76174c957a3e801ed22b672c8c50d128ae369c0071515b07f41281a8e9df4ee9802477ec6970834c5ce26ba5b5b66b72aca3b55c9e11334db398f5569ab677664b724063cad5fc79a9476638e194e9315c6ecb21c54bcab62b4864346bec5084ec6b8727963548b9d7de335bee38ad0c86193f63f6c56abca544aaf664862c646eae8f1aecb153134d71e3357ab322ba9e59cb993279a740f4960d3e9f024b8c9ab2104c8ac9b4371a72326077aaa30c1239e4a859fa6c78a6c500d8443106e3b5310b61f6f095f35a8061606051a62f05721adc9ec03caa4f6358d9a90beeb2077a5486c4cf6a93ec06a2b6582ea639667a69bd424e6b9d64f2752b8601c9c9a96522848f000694e4311532735a982ca9a3e6bcc06ca1d0e4d0e413d890e466b14416c7ba7c20a8e2bcabcb26b2581a47176a6aa499cc242855cd555c702a5202b998006a98a07221d4aeb3c014ec6838c84ef31a1687a67b14b83c8a5c91a318a71b7be2a2b1b1f0894cec1e909318d0b2ea218ce38f9aa6b4c5b428b9519278aa302b242100aedec685c3212997c27649bbc6287d96cf2990ba6f51064e7068a15619b2968497526c9f81dbcd58abcac114a586110dda98f9c66b9d7715b792daf90b00d70eafdaa9a20e24f7cbb1e5bb638f1567b9823f6c9ce17d3e3f50f3471b4df640c4873814536074698446a0a8c8a82c7b2cad87db2ae320f34893c144760fa83ba0e0d15733d38145bceffaa9ce42d22e92e41ee2b3c9bdf050f32943cd034d337b29208b274978ce2bcdb351f4da7191f208c50f601c72c87e54c42b7b1aa20ed212d8adc64f64a27b567f7f3471b7ae89af86767b05a06619ac95cc4550cb1b44445185f8a82e9b6cec555248a2691de4c01c57a11cad9b2c2f06bd6dad57b9526b8eec93f058d10ff0fb692657f6900e69caf9f5c0a95317b36fa6de016c8a817006302b9ae728b607441f15ded39a757ca9c7c18eb4cb4df46eb8740689f326fc9efc75f4627ae340835244922508e0f71577a7f2a49e1f8137d3a30b2f4bcc8e46ee01aec47929225f69b29974b7502318ce68d721790952c6f6b6452dc03dc548f9894b05cb8d9889f5bb52cc1b15d4e3f214a272b93c76a42fd33409f50bb0aaa4293cd3ddc9123860e8961d19159db83b3dd8e4d41cbbb311954361a34791a23dc01f15c251ecf25d9c18cea39ff2acf18cf1c57478b56f604a4b0676cfd7698b2c6e73f00d756c51eb8c9345fc8d8e95305401d483df06be63969a9651d7a70e26d3a6adbd5267da3e05727937378821f1824b2ce93d3f6c3d2cf9351c56c87913cbd0daf160b1b296ea760a88a49cd5f4d4d6df8248c9ca5d51f9c3aa75cff15d52e2e3c16c2fd8574e9a9a583a99518e04f03ca4961c0aadd7ac0309ec949a8b8f6eee452a3c5c943b92063aaca9281bb8ab61c449124f90dbd1a3d3eed2480ee3ce2a59d5863633ca17dc48a65ce7cd354340361b6d72c140a9ac8e199e4b423dc37b57f714863ab924103745182ce4114718b63bbc4a9af43f03935e75b5e4dec8ad1672f9ddc67b537ac304cf3d86112865c93c8a964b0ca239c11924083029330932a17a037345006686965286231cd31c134493f23d830a320f8a95d0a4c0ed82ab8d48c4704e69f571226a9140d4e394775ae8c6bc2d0480af6e91c6de3f6a1921a98be17dcc56946b636d32e5ec240e09e0e78a2e99f02dc8d3c7d4f1c916307762991ae5f6224d214dd45fe2537a8c3db9cd3273505842f39637b2b08828f68c570adb1b90dc686b1c10a2718cd2d6fc820b7b1aa8c822b56de06c65833d717f2c05b6f22aa8f194c7ab84f3eae5d8e4d5d5719c5611e762678b75ea79ababa9a07b06d8c9b581f9aa22b00bd9b0d2250547355d4c82f5b1f47328039aaa2c8da261d5da9917901a2f8a15273e68f02db0854da38a2481c923c568244e1abc6954ab8158790b6ec7b4d048644caeb11b306e2b9f7a3a543d9997565620d73268ea459e07da690d0c4c909452da0bb1e7a81ab33801c88c8a719159d80722875e735a8cc9ec4bce4d31032636b0b80b8069b144b60dd2e2323be0d3d448e45573a8468bc3669b18998c88eef564e453e2174622bbbdde4e0d1c9e828c015a424641a5398d513d59580cd0e726935ba6038341282631598271dcc840f8acf691bee16b832a15c7ef4492479b14dc5a1c1c9a38b422720158ca3e6a98c50972094cbf19af4a21465b2aba551ed3497a2a8bd0b6ea3535b198ab21915c92147da29d8c92bd3248198f7cd63c23526c3eda33b7711de91363a303e9006522853c144600a9165f20537be8559048200daacbf14a7b169918266dc42b76a5598c0f8265b283281ba909e3c06d96451aaae00e6b65261471802bce1b8aa299135a85b34c5073daa8714d1329753db2be2b2fd286550e859b3416ba84520e4f34894303d3c92b870e8c40a506f4856ca4b71de9d09086c6d6314725be1c0e6a6b9b52ca1d18a9c762fd40ad9b02b4fa63dc926bda613a232df93b8f15eb78f81d0e57e86571a67a49b80a42f88f5252331ff125c3b700e299f81142d72a4c67a66ab7372fb32691771a108b63aaba529246a345d726b29364c4907e6b857549ed1d1e9a3616fa9473a6e420d21470f02bab2325fac48647200cd37dbce906bc197d5faca0126c182abd8d74f8bc47822bad59151ea186e4f8ab3f1a48995e8a5268a59d594e4fc0a09c651586323745bd0e8c0fe886d8c063e2b99e645eb90b18135ca09a40a479f22bab566289ad9464b2697a76da0b41bc85c9e689dd8d9cd9c72f030bdea00f37a498555f8ae67339529691d3e1f12118f690658dface0af822a0574e2573a2afa0bb7e9cd2af2526e2056663ce451cb9935e190ddc55e50fe0e97d2208b0969181ff00a45323ca9b5b648a003abf48d85cdb37a31aa3f82076a5cbb7f2c9456da2dd3f49874dd3e2813dd27f3354dedb6dcdf909d8dbc1a0b4be8b4d87d495c2a81ce4d0461f2d134d7639efe24fe258d4e33a4e9e7f87da4707c7c57629a5e3320e9a545e4e736d68656cb6315529a89538646525bdbdbc07246714fa9b931738f533332b7acc7c66bab0a960e7cec9641276c4b46e27a3261b67792aae17352594a288d85beb316cbd2fa7e87760db29fd5995338cf153d956b2676369a55aa46017ed8c9a83db79065303ea0302065888cd742882fb12ed97d19ab07267058f00d1726292d1550dbf23c9a78a2fd2473cd736319329784c9db169159b69e69134d31d1c60f1d0be540cd03404de3c1e2e9524873c8a5fb98054b21114335a9001245535cfb013c606e925c041b416cfc5742be32f246e48aae2dae648c9f49a9feda41c1a33d7b2496cd862ca7b735e8c32165108ae0b27eac9ac9527bb86da86cfde81d292c82ec188de00c52b09307b845b4cc9c3014d5e053791845758c638a92f9682510a1a9bc6bc76ae54a39635158ea028d8279a62a4c6d169d505cae3757943a3d80d80de45bd0e2ba1458b2076667ae2c487ce4e735d7834c38ccbed2ddfb60d0596a88d521d5a5a1c0c8a8a7cb59c646ad9a1b285a14072715571ee6c9ad4186f0a70735d0f7097a04dadf2b3edcf354553c899c4776c723355449a416a0d310b6488e2b70664877e315ec1993c7031cd6335317dc479cf14a686a667b548c0ddc547722ea1994bc4dac6b9d389d4ad8b646da7e949711b92a12f34b923d92d8b9a9e40b9052266805b678f6ec7b0a28b33b15a42ca7914d4cf365cbfc339a64642dac926ba23354466844ab059a7ddc134f8c91e50165de7c531319d0042331ed592968f75c16adabb0f8a9256a3cda266c643c126b636887329921f4cf22a98bc9e53c9e5aca0395a378430691952b91e45219e7203bb40b915e88b9315ce81546477ab6029947a9e99cd1cbc1b1f22fd42ef382b53c8a53288e6f5739e696f47b3fb02b88bde4d3a12d099476156102b901a86c632111cb4091c600c7153658fd20098287205164f76230c209fbd67627b2592f300738af7617108874b545dc2a5b665b52d1f1851476a4c65b0e712a922c0cad37b0b7a009a1dcc3228959824b660b756588c9156576e4867316dbdb959071c66acca6295ad0ca2870f8ed9a44d16d378e4005429191daa29265ae5d85f78a23970057a3931c4aa1d44da9c1e54d31c3b1b19753e9ee12f98281fb532a4e085df3520ad2226b395b0b919adb2dd08aead9a492ee37d85bc0a954f2cadd6d230d6ba3cd34c1123639f81544eec2cb0630c1bad03a32e900768b19f9ae3f2f9a9ac22aa2189649eaba25c5bc872871f4ae7c6793a49a28b1bbbbb66daa0914d5059cb065b17eadabde3de08dd8aa81902bb7c6a20e3db07179774e2faa3302dae6fee84280b33b6001563946b5d991c54a6f08e91a07e1a4514092df4b97233b6b8f6fabe5fc517c383ad8fe0e9cd334fb8431c21b1c9a8efe6bb223a1c451632985ac8853d35c5733dc96723fdb467755d12270648c60f7aba8e6496989b2bd68062905bc79638c51597393c227ea97913deeb3045212003f5cd361c594f63bdec7d9659f5545672076e541e466a98fa6b9ac089f21af06ef43fc42d1af764659449dab9d77a759579593cb90e5ac9b0b6bf8af13f84491f6a9d26961a0e0d083ab7abec342b5746994cdd82679a7f17896db2d2d0e949456598f8ff00126e3f2ea4c24b1ec09ae87fa6625e407358f024d6faaf51d5d0a3ca634ff2a9a757c58560211c3164ee279ad9bfa2882c05b4c628f838c56574763676a8818ba96e1b6e49ab630502773720892c9cc79c66aa858b04d380ae6b473272b44e6980a2c656d65b621c72454f6cf03a10c80de1649714aae591b25d5165a160c1d720834fc26b0c564d147af4b1c6ab23638c521d0be809362ebcd6564dc49c93470a9a17942b875031b123bd1ce9cad945566073a7092e9c331ef4875a894f66f66bacadff0083b1473534f8fd98cf752d02ba18ae0823153dbc6783dee263bb230c917719ae74aad839c32a93d157c363bd1d6b0cc9e5a1ee96b0bc630057629b744128b4c726d104590a324553e40eccc5f52584733e360dd9f8ad8c921f1d8a6d74540dc8ad9ce21618ca3d3634e478ae65fc8c691bd1bd84a5aaf1815cff007db60b863c9196d0139c73575766b6644afd065ce338a8f913d94c71806ba99e2520356555a93d83262a79dda4ee6ba51ad244ed3630b02ee47bb0291741331a63c5da50007353d55b4c10796d431c915d38b7835165b5baeee00e2a2e4766b4362c6d696e18838a821c69ca5b295628a1fdbdba3a630302be978b4622886db1e49cd611b8e05743da42158c1a1b2314c08a2847a9b29650fecc60006ab8b24920e00605350ac1f310051038205abc78addabccf01dc3601a4c86c443a88c8352585b5195d457dc6a0b3474ea623b83ce2a66ca0ad23c9a4ca4036151c6722a79485b630b78f3589641c852c01876a3c1993e7b5c0af335306922c78a1cb35a039a320d323618d023a926aa84c040f3c44d393c85d9108a0e7b564de84ce435b6b652064715ceb5887265f2dac6a3b565563ce0062ad4208829604038aead2f27a2679e41139c53a4b25083a0be0140cd2fab024cf2690dc0da3fad363016d80c9b94957ee29cb47b3903b92361fad0ca41c622d9eddd8d29cd31aa2cfa188c630452d9b829b9619e29b016cf6ce7d8dc8c564d8711cace8e805250d60f2c218e41c510a68a90b46791c50b40345b1cdef049f340cd486925c208c01f1de9128647c658115c5f48b71b49e28a15033bf01d0ccb2277a3f689a7ca582132a9f8acf60e65b7e41a53b54e7069b058109b62812049f18f35545e43ea36528fb5c0a19071d33d96e1a3c1ee07c52fae4b2bb5805d4cf3499039a14922e526d01b452f9534d4d0b926596ec6365278c1ac6f4224f6398af506076a96c8b2da9a27737e0a00a6929619467274993fc1b418bf312a227c71c9ae0c2eb6e7d50f704076ff8956925ec76b0dab6d66c1627b0ae82e0b51ecc536b26aef8c13c2afb010c3e3b5452482ae6c457fa5c36cc1c6d00f34d8bd0f8cf262ba8208e6bc1b4633c03f35d9e1c9c6047caabbbc8e3a47a3676b85bb080a63be3cd43ea1cb4d74038f08d7b66de6b1ba8c64720715c5528b2d56a009219b7e1b22bdda26b9a7e0f444401b8d29b07b02eaf32da593c8c4600a6d15b9cd450ab25a3996a5abcb752fa307766c0afa4af84a0bb4be8e7ce674be94fc30d21ac05cead27ad248b9da4e315c49fadbeed474903edc99e4df865d3f0ccf3bcbb633d94b702b57aef21aeb1f3fec7bd8cb2fd3ad3a4b4b9c08842ce3cf148b6ee5dbb90d8d5146bec75cd3444de998c228e4e692aeb1349a0bdac6ce31d757163ac6b725cc38c07c13f35f63c572853b40c9464d67e848b234cfb5013e0015eb1f55b1b1f91a6d27a425b9549af2558a33e09e6b996f370f1143e34fdb186afd2fa6d9583dc45723701ed00f9a9e9e5ca5675920a50c2d18eb960b164f7aec46582768ab4ec1909c51cb2cf4708d35b08e4550454d6cdc51ec7660f7b651846231934ba2f6decf4eb48aed602ca3fa536eb328da63b29bdd2b79e077a5d36751b6c328aadf4ff00cb8c35512b842a85faa4810ed06aaa3e44d6b51170b79645ddb4e2abd225c3613a7d8995c123b54975aa255540d5d945f972a36818a895c9b2b5948d169d7617dc481818344b91101c1b299196f2f18c7c81c57a76c64825168362b331c449c8ae7d89361a6c02784997f53714ae83075a33ba7f3614536bd08b2299a27d459223b4e703cd54ad64feda12babdecdbca67e287dc6c3c2481e785acff005277a96d9c90e834cf2de4f59b18c66a26db63278486f6fa786c1cd3eba149e48acb4be6b486353915d08d69227ef2624b892357201fdaa1b6bcb2badbc0b6eedcc80906b2a7d58ec644f32fa3273572cc8742292d855a4e0639a646acf9156e07104c0e0e699ed2237e424c808c56a81a8ba07500f39ac7526786d62cb90734faa8481948796a4638abe1111261db7db54258140ef80ddab19a1304dd85310b920e5972b462d9e17e28d184378adc8256ee00c935ec9ec024f2039a4c98d8a135f9e0d476b2baccbea272d5ccba6746af0289212c6a27614763d8a139ed4a94c06c20444734bc80196c338a6c598c631c4bb460d30c44a54016b1a340e488356289ad815cc58071deb54416c5b302a4d3eb882c15dce0f1554500cf239369e6867e05b18437bb53c5436d7901229b9be254e1a82bade4f3145dce5fcd75a98e10222bd72b939aa701f6058efda2619e479af60c6c6b697a18123cd144532cb9c48b9cd1601ed813cb27f1369f148b168a6a916a80715322afa20e9c714d88a62f9e3f71a6af028ad63e3e2a5b24f23e0917c32b21c7715b161b639b144b81c8c1a2ec0b590b9f4d409b87342e40388aee2cc21e33f3429ecdc1646e1930ddc50b3dd40eeeccc926e1c0a6c24909b6b6f68f205310c134cee8e7d94c9b3cb89820af39e49d71e59037b9de300d25b1ea9c79009f25f701e69b5cff00679c475a6859502b77a1bacc6d0f85390c9f4fcc648f1532bd8e546050612938041c6698e794515c46d0dac5247e2a6f79e4a5d5940b7ba5aa0dc98ed9a7576bc915f535e04ec25f57673554b18c8aa6526f0122094af39a8e4ce8456b668754d57f3f28122fa840c024f6ae5d55a82f896fd12d134a8cdd89c46db579c8ab3dcb251c089f58b35d2755cbb7f2b05a392bc02476a83f1a50799b0e314fc1545aa9790477cc5779e4f8028e1158f8996b715a1c1b2d175188470ed63e0d46f957553d89eedad8f34ab98749b416fbb38ae6732e9dd2ca054725e75c85b82327c54d1aecf2c638e0063b98e6bc2b2103778ab2b6b1b064de34339ecada2b72ec46319e6a95437f28888dcf386734eb4d485d8f4219008c1e71e6bb3e9d4747de414a59313e9aa4a1c7041cd75a52ecb0c0504339fae757b784431cd851c67cd4d57a371e4fbb44f75ae3a426d47aa357d4232b25d4bb40eca715d1abd3b8f5bca892caf9333325edcac9959a50c7e18d5dedc1fd0a7397ec75a57516a56d118bf3526c6efcf3525bc1aa4fb751d5df35a6c721565b54c1e49e681f9c32c8acaca34967a45eff0087a3699a6c970e3f5498ae53eb3b5ab2582b72f6e0b084d7efd4258ade8ba85178c6c200abe30a20be288bdcb26f6c1a4bd70803cacd8ec09a42a94a5948add8e2b6c11a7694e32706ad8f1d24492e46c374e8f6e7eb5bed9bdd853ddb40d804e052eee3f64646ed9e47a919b2a4d739f1faf82c8cfb0d6ca4441c9c1c645034c7c3086b6e897506e1f3c9a4cb298dd3429d4a3319c2f6a6562e62192c0cd2ee3d8d7529b3073eeaf21f0e9e4c79dbc515976342e302fb6b758580da335ceb9b914c160702212a8fa573e6da1e99216a7e4e2a67397918a4869a5db471f34bf7a59f23baa686b349104c0aaa16645b42b9465b2a2b5da6f409b5ba48622aec14d7a367d98ea22da986f62b026bdefe3c99ec9a2d0da2f4c162338f357716719220be2d3d166b6b0340718ce2bdca4b1a069ca7b3271dc7e5e5e6b8dd8b5c728357a84423bd550b1a12f8cd82def53c8ea5545355f2357130268efa49e7c927935b29656c2f6f0686d630d1fb8839a997931e855ac5973bc0edcd76b8b1ec84bbba89d2631b71c55eaa172b721916a4570335beda15d83a0bb6908c9e285c123531944e08c6696d1b91859dc6c61de8a2cd68d2585c86039ab2b9089ac0d44d951e6a8427052efcf6ad34f94956e2bc816151cbc0a60b2f57cf9a34091924088589e0735ec9829e9eb997559dee5a5c42588f4fe9e07d28e2844de5e8717da6c6d6cd2dae772f2c9f23e94ab2195941d76e1e2464af662471e6b9374bf675ab467eec124935c8ba65b003201e2a56c696c6838a06632c7518e2b0c231bec19a623d80c86e0b7039a6c5e4f341244922e714deac1ec8ae442abcf15e5131c85f76dc6698a26a625ba970f4f8470632a0dba98c5b3e2bf141260344086f1de92e2082dcb30e3354535a024c0598e0d5d18ac0972165e21909af3414642f7b76f8acc8c47b6eef03e39c57b20b591ac7705968948534532dbeff0070f3592699b0ca656b941cf7a43816464cb9486ef5b8c060f3db86e4563963c98e004f0b2d03c303382db7872dcd0bd051791b59916c39ce29129e5e0a62830ea71eddb8aceccc6902c932c9e3bd67631a2096bea3702b5c8d4894a823500f7a5f7d87d5014eaa0f7adf7054aa42fba5dc7834d8cc44ab406617dd85adecbec5bad9725a71cf2695dc57b5fb2cb577b7900e7bd39fc90ea9606c6fc60020e0f153fb657a2968565391fd6b33836313edcd01c03487e4a63e08c9a801c38fb53619176414901131eecf7e6acce88d57d5876142671e295d42959809d274a92ea65690154cf9a96c942bff0072a8ca5236706b1a368388a431900724d4f4df39bca46d94fd8decf52d2b55844962632f9c9c639ace4dea2b1240422fe8713f4e68d7d64bf9a64f55bc66894a98d7df3b01cac72c63427bee8b4d12ce4d42ce7223419c67bd4b64253877ce82586fabf20565adfe654064f71efc572eca9c462ad7d0619553de06e73fa40a17e0f24e4f07905b5c492faa41dc685ca2d6077b6922bd72f248f4e9a1f55fd423802ba3c29624b3e09a75afa39cdb74deafa8c8e628e4233fcd9afa2b79dc7a92cb25519781ae99f879a85c39376fe98152d9eaf44565012535a34f65f869a7c58339321efcd71791ff005158f5568d8f17b6e44f59d07a7f42b0925b98e34007038c9a4f179bcce558a316c29535c16ce1ba898ae6fe59614db1b31da3e95fa1d11946b4a4f672e786f41315948b6eb315210f00d1391ee8fc9a5d0207bc3142bfe619cd733996aa93933a3c68b9248ef9d2bad5868d671db4a8bed183f5af8bfcc97b8e4d68e87238739c57566b60b9d0357b672e96edc72180aea71f935d8b7a6722da6ead9f97badad61b4eadd462b523d0598ec0bd80afa6e1a5eda665b36dec4124fe99c8ab52276c334d9dbb9271f15ec05d9864d974f39342cf202b68dda5603e6a4b122da98ca0ba311dac79ed534e0b192a8c87ba75f08d086fd26b9d67f21f1642e6e6391bb715e4cf03a22cae38e29f0963c0a9c4d05bd927e5c657ed5936dec52580092c1a3b8dc41dbe2913b30b01a8e4656f000bcd433b32cdea49bdbc6281e028a251c8cbd860525a4509e8216e0639fef4e8ac80d955c5e246bedc517b4d8c8cd211ea1a9107834e54bc1aac4536b7a15f278349971a4d84ee490dad35d688fb5cfdaaba699416486c92931936a92dd2f7245239177d33d08004c8ea4bd4f5624c6f8145d5fec728739ae84684d642534551cfbf1cf7af7b2cc7621a595a6ff703c8ac700a32c8e607311018f1e295186246ce29a23a8cc258f0076f35dbe33491cdb6bd889ed8312477cd54ee484fb6c8ad936fefdeb55a99e75b0f89561c67bd2e7346a830d8dcb8f6f148ed935c5a34ba069a6e2d8dc310ae1b0991903e4e2ba5c2e3a92ef221e55ee2fac471309dd002b17ad0f3945dbeaa639e3e455b7549aca26a6e6a586156d28603e0f35341fd16c825b07b539605e4ac0e7bd7918589f14681610ac17cd6e40c006b9366c5e2562a66c2641c601f35ab6f00c9e11ee9a8b676a1576a93c9c531884116bac2c3380cc01e3826b326e322eea7d2fd21f9fb5526090fbc0fe43f3f6ae5f3e9c2ef12fe1db9f848c7dd49c57cf5875e007bc03cd27030b11f3dabd83c4896359d4c21839a348cc8c2c14641355570136498de3c6cc0aaa28436426881439ac94347a33622be4c6692b4c7a96441723dfce6a946763c8c0ad67b25e1548a53679944800a28ac8b60b3202a6aa821531739db9cd50993c81cc01db34b94838126b64c52bb1445141b24639c56399aa24441e91e3b52fdd0d5592c120c60e287dd1aa9c035ce3c51c2c3d286017f30178cd3bc8b52c0758a7e63826916ac6d07ee045de983665452233791729a6090dbfa47914c6f26c1ec2e4c08f20521f92c80a6672ad9c9a745268092d8559c9bd8034128e01c8f2de24319047d6913614722cbf70aa47c506426c4b2cc739cd1a4265305694b3629f18e8539642ecedda56c014b9b0a2351a6fb738c9a4f60bae484fa348abbc038a6c6d5e0f75fd02081812a79ad94c74225899801241c525bc8e5105b8b904e4d3a10c832780399c3f639a675c19db27a887616f8a2426c0e8dfd450b9f15e4b0473cb271f51bdc4ab198dd117c5477f0f0b2752abd37806d4e66bd94246a4e7cd0f1eb7059632cb531df4ac32e93972dc93939f1517364add098494766e61d4e1b8283243571a75b4825636f43cb8ba827d3c5bcf703d21fcb9ef4af7ee71f6d7837a2ed9fb33e91c72c856d23273dce3815d1e371e734dcfe806f0f192cd2a2920b995ee8e31c0cd497625f189538e1650f63d4ece04da5d73dcd4df8f63d242a4ff6576f75a36a503dd4ae9956200c8e4d59f896d55b727b12acccb08b7fc7745b1539b8893f715cefc4e45afc36365351db075eaad36edca582fe61d793b6ab87a2f23199e9133e4c5bc440ef357d627dc6dad021ec37574787e93c78ff00eac85592b1ff001303d57a0f516b1996e59a4c7641c015f59c35c6a175a9608e755b2db321ff000e6a515c22cb6922827be2ba329c545b1308372487ba85b4d3c76fa7c1030c11cedc5450b12cc9b2ee475515189a2e9de9636171baeae1502ae720e2b99ccb95ab1819c78b8ece87a269561aadabfa3307238041ce0d719f1e307b2d97265e5180eb34d7741b8291cf2c71720bc648e2bb3e9b5f1e5f5b21e6cacc7f4635c1705998b3372493926bbdd71a473b390278b7139ad40f50ab252327c57b2175d0ca070e8e00e71433362885bc7e9c83ef534d15d6f00f7932c577b7e294e2da1dd9261315f9298519a91d1bd8d5612f5a5272735ef6923dee0cad2608013de913581d1c3343a7df24aa013c8a44acfa35d413712c646462a59cb21c2b211dc0dbcd21a09c490dafcd0618a7a25bd14735eeb207ba17de5dec3ede6ba1455fb01c81a379271f34f924814db2371a5b9064273f4ac5346a4c064b6651daa8ae51fb32516cf6da03138ce4d532c49604e1a66a6c0fb40da315f3fccab6555cf4157622488938cd49429290726b06335185a698fa63b9afa5e3e14764726df82eb6d2a600364fcd1ca7005647f647d35c3019a9ac4bc8f848b2e24da32b52a6b23db7803f56593da54fdead8cf08435961b6b6801f72d2656b0d41051b04ee077a28da638034ba73672334d536ccea913b3b29a4992241cb1da29d5c1c9a8a27ba4926d9bb09fe1b6d140581d83048f35f4d5c1420a27cf4a5de4d93b695249a29f6ee68ce47d41ef460e08a116f732c23840dba3e73ed3dbff0015ccb9384ffdce952fbc0204d9a28ccd68f4cbcd33b19d4b12418ef5eec6752cf5b8af763dd44dab5d2b6a16903027f539ff004a6d0f2c4723510dba9bd1ec081b29ed932464758d466f544ca8c021e36b72d499329844d974aeb29a9da9b59cee575c306f8341d94938b0650ebb46575ed29f4dbf96d9b900e54fcaf8af9ae6d2eab3a9dae35bee473f6286879a88a91645173f15e47984884633de8d21793efcb163902991898d86d9c05703155d5127b58ca2848c55518924a67b32e14d6ca2629886fc024d4d28ec746623b88c31e056a617607f4c8a2354cae462be694c6a7907966f934c81ac1dee86306a88b1324033cbf069d914e241271e4d266c384704a5b855149c8e5a3e89b79159266f6d974f08dbc5224c64660ad6a5464d4d2b3037b82cb13039e714eaa590273409341c83564644f279630d21bd36c1a2f285cf487cdb5971e294e22149e40264407914392bac5d3cc23ca839ac71c9741e011623704e2bd9c1b2d96c31b43debd2791781cc1294b7c9ce4f350593d94c63ac8a754909cb0a2af64d664413cd838cd5d0812499181b7303df9a6b8e0c87934ba5c242e718cf9a86c65714682ca388732107e953cf3f4120cbc30fa38e00c529379191466e61189091da9e9b6374806eee108238a38d6d9bee2125e7b94e0d5b545af2457d9fa058589001f1543af24d0e47d171b864c802bcaa3656118af8897be315aead011b13783be1d074073b9a18bfa573677d6df91cfbaf02ad6f41d1e5b72b670a097b023c52ff002aacf54cc942cc659e687a3db43b20b8804afe48a92718f61b18cfae4d347a56991bed30846c7c51baea4f13462737b45eba2e9ccdbcc61be94d8d3c75b8a3ce73f04e692c74e81cac48b8148973610cc52015536f2632ec497f3b3195634249c0ae3bb5465948eac73d52048b4eb017d99ef4938c6cddc5535f2ac6b51117433e4393a7f4920949739ec01ed4565b6c9e89e29c4c2f56f4fdd5adcb3c684c47b0c577bd39ac2cf9137b78d14f486a5aa68cce61b491d0f7f6d5fcde3fbd1c2649c6b542599235f0f566a6ed97b19941ff00b715c9ff004a9a5e4e97e6d6fe8a756eb2b9b5087d1c8f2314aaf8d629e3250acafae5a1d68dd63a1ea36e82e123593eb5d4b54d578398d45cb280bac35dd2acedc1b15433b7e923c545c6564e787e029c54564c0daea779a889c4b2b13f4ab2d8c2bd87537258361d157d73a2969d7734206585727915be43f8f9298ae8b6743865d33af34c6d851f70233e7352c636533de99eeeb18fa391f59f4a4dd313e36b342c7838ed5f4fc0e62be389794733914fb7f28f83245fbd5f25a128374e1bc11f2280607980dba9c79af3d808125b9306ec0f778a0eb91aa781682d3dc127927bd79c5247949b90e34eb3665ed525af6550d790e362edda969e4cb269145cc2f17009a0b2bca0aabf3a19e8f1b95c926b917c70cbe16656c762dd98e2a751614ad47df97600f7ac6077c865ad91fd4c4fd2aca6a4d6c9aeb3f40b748fea6d1902a9f6628426c5f269d2b1dc5881592928f81f12eb40b00c139a82db1e4aa10c86bce853068233c98e18072b1bf8af4ac94438c5164162b23e077acfcc947c9e9d6b03cb4d3fd24048a53e5466f64f2880eab1b6dc2f9f1575105e4097e8034fd2cc92ee7ed9ade4f23ae91e85668a3d3e258b079a8eab653679c45f7968a8c7d3e0d59393c1b0894a4591eecd44eec329ea110c00725481f6af7e5333a05a9000c0a646c7205ac1744c81b9ab2b4d8b932d2c8c38157c22218c7a7ed2396696775e221edfbd7578552edd9fd1cee6d988f5fd8b7a835a315e08c36549eddbfbd74f2736310bd26fb2c8c8723e2bc99e94473a9b3490453c60968880703ba9ef49e457da2338f67591f479d80e2a15a2f6b25ab963f144a46e0b5071cd1641c15cd70900cb1000f9a07309444f6ef1deea53dd160ca988e339e0f935d1e34310cfece6f2a599617d075fb4af07b1379ce307b51485c0e79d665628772a46cc3bed6edff9a4c8b2ad8cff000f7539246450d8ede693f66dab0742eadb0fcd69b05e000bc7ed6fa8a47a9d3daaedfa3783675b3a98b7b6cf8fed5f36e2775115b7239e6b30632e8e124f6e28d00c2a387154450b65e83655107827b02125205550911c914ccece08ad6f202d0a2f57be7b52263a2c4b71edcd2c6a03249cd164f14488d8e6b3a8e8805c2b67814714136052330e08e69c8128652c6b1d983dd7279e8b019a4bb530ba6012e321bbd6ad82c334f632118a5cc11adc47b2307cd29ec34813d612719ed515906b63178233c6bd88a650de44cc127836a702af4f22f20b13b46c3144de06a59180bc6551c9a0723ca9d954b7e1c11919a11f087517cec646a6446b0ab104a1c77a19a4985179182db318f3b49fda92e48d510eb6b579a2c08ce718ed5cdbde245306b001ace9a638c02067ce299c7b324b76fc192bcb4653900d762a92c11ce2510472a48a483814f934d08594cd5d8ccc620147ef5cbb16cbe1e021659236ddc9a0c267b05573a84ae369f159eda1917802323c8719af63026770bb508e403355532592695829795f254d5f18a6b42a536c9c279c8ad6c08ad8c74fb41792329ef42e781cd68f2f7436827461f3cfdabdeee513b8bc9d1e1b9b9be8cc96ea4a0f24d7c9c38d89624cfa3738a0675d4652503347f506ac5ec53bfb1526e41fa635f69d2ac9eaef23c31c9a92ce4fcfb443524e3d59af376751b332ed02641e29d73fc98297da1704ab78fa32777d4d7fa54804aa72c7da0f9a0a2a93fb3d3c79659697b71d43711a5d318a14e5803faa8b935282cc76c2af5b35a7a4ec3f2bfc36224619ce7b549c7e34a6f3367a5cc717848576bf8756715c3dcdc4af2337d6ba736aa86091db29bc8ee0d36c6cd54450f23cd44f9697840384bed9edc5bdb5d262481580fa52e1ce945e80957a329a85fae897642d9218db9aeff1b95da3966468ecb4453aeb4f9b6a4b68107627157ae4c65a15ec38bc8ab53ea3d12f6f121112e0f738ae7f2a1369ce0594d914fab21a8689a25c6d16e556423236d414726f486590849e3027bad08c792cac71e4f35d58dcf0992baf781674f698f737d346870036295ceb14609b0e95b3a7e91a0fe5f4f785b059857017aa46b7a45738f63ce8ce96bae9bbe768ee18c12316287b0ae8479f5f2d664b0c89d6ebd2357d6da341afe872c64299767071e6b69cd76a9c59b16bab8cbecfcdd7f61716170f0cf1b23038e457d5a6a4b28e6aca7b08d2dc6450b4164737b22fa2b83e2b0d420bb93dc49af0451679327d4d0c8289abd3a2e140fdea2b16429598343158a18f3c66929a8a1397260773650b30071c52e77965343f25b0471c0bc002b9b39762e4b0151dda1619f8a0ea0b0c819181ce39a54918b431b73114c31fe955556616c4ce2c1ee218d9b2a79fad3dcf2645340d725447b7b8a4bd8d5a1119889f1e33416d19591d55df41653201a923a1f2d9f246d9ce29da629b686160a5583138a45f465685bb58f92f630bb7209ae74686a593dd812e84737915d7a65847920312085ea7b9e58f8d790c8efd5a3c1a6f1947204eb68a259437dea8e4496346c225f676c8ec0b572da7263fc0c6482258cfdab5538663964513b88e4200e2ba1457f64f64b08b2390b0cd762a82c113965968720d3f012668f4d220d15dc67748c47d80aeb71d75af271f992cd983997525db26a4ae5b1ce0e7b51c659322b46934378cb2c91cccec71901703f6a72112c9b1d3ee807dae46dc1ee7f50a316677a8babad3a6f558ac95649ccc4144886e207c5493e37679894d7c9eab121aff00c57a3c6f96b953b464815e5c3904f991c0af5ffc47d3349113a4724eb21c0283038efde9ff0087fd89fcc30da9758ea7d5ccfa7daca34f85f9f598f23e947f8ea3e10a7c893f2c2f4ad33a9f4cb4896cf50b6be8a363ed390c40f9a36da16b7b35ba37582b37e5355b57b7b861ceefd2c7ce0d29b1a967c08faf2392fd02d9c68223dd878fbd2a4caa9d7929fc3b8b64c72c0aa791e696fc8769d8f68bdd1e48011b8aee03e71476c7bd6e24d5cbacd48c8bdb60918e6be5e70c3c1f470795920611f14bc1e647d2f8c56a4632e8e3db4f8a15227e986a7213325b3146a44b289078f20e29a9e45f513ea2a5734b9870422b8cf9a4b65091420ce057933707d220c5322c340571083cd31305b16cd07278a1948cc949403bd496498e89072029c52e2de46362bbb7e4e3c55d5c742a411a4c814f35eb627ab4379e50d177a4a5818d0aa4de24dc80e3e95ae317e453098a5f5386ce683a25e059e5ca9c714c833d816e3dfcd318d89edc4d84c50a86c66702c6b9024c1a6fb79463b02adc999805e6824b1e46c5f6341a4e972fa80ed351f26dc20d68d95a6941d395033f4ae1fe53ce826c3174f48460628e56f6016443acdb44c7048345558d0c506c4abd3eb7527038cd7461c9c2153af0328ba1e3700ec1fd298f90f04bd761e3a492d612428e05453be591f0d19dd44a5b3143c106a9adf6591c85520f50d1b324f44a3839ce2b54d11ca0db29ba88118a6278f02249a115d5afbf22acaec33050d0b28ed4e4f2175c06e8b7461b91b871c57ad8e818cb2f068755b98a78d4af06a28b6bc94c6bc97f4a752fe5e68edddb72b9c002a3e5f1da4e687ca5db48d3752751d8faa96b6cc0b71b8ad72ebaa56aef21914e1e4092e6fee5818a16da3b6478ac946b8f9651089a9d18dcc5012e8779f1488725d6f11f014e09e01358b06be6432c39743b9703cd7438d737b680b145af207a6196dae91248997dd9248a0be52ce834974f26ee0d52ccb08ccaa4803233daa8a25949344b3a9e3218351b4901549a3247c1a7594765e4972e24a310ca386523e86bd1e25696c54ae7f67df968bc57a5c5a7f40fb8c06f3a72c3507ccf9271814dad56be28f7bf38ad0b6f7f0db4ab88c88f2ade0d50a097f103f264fc9cff00a87f0d6f34f769ade65755e71e69f55baeb23159979401d2d6779737b99118043c93507a95d5d55621e4bf87094a7991bdbab657b5650b9623038f35c1e3f3a6e4933a7650b1916685d2bf90943b3619cee6aeb722d53c2913c2ac23a4e9fa2acf6eaddeb17a5d362c90cee70960175ad1b51d3905c5a219140e52a7b7d0faeeb61c7969ea466ed7ad20f5cdacd947070c8fc11537e2f268df9288ca16e91e751687a5f51dae542173e477156d3ea73adec53e2268e57a874fcda1ddb46332277040afa4e3f255d0ecce7594b8485f34f20424838a79e48592c8649315a68c347b16964ce3cd22db3082ae1966cb4eb7118e40ae73b3321b2af45f7972615386c714337a32a82edb14c37c5e6e79a8e5093d9d45249603a594bc7c71486b0cc4b20a6e1948c1f34c8e199258f036b0b8563cb57a550a099b514b7e79fda8156f26b2505dfe70a95ce2892c02d0d96c51e1c9e491448cc082eecd2de62c718cd3dcf31c1e8c30f25d13c78ec0d73670792c8e0223f4f1938a08a68f4d22b966419c362a98efc923c2179bd995fdad90698ea8bd84875a6e6e392d53b8fd0f514832e34ddc3754f65727e0757624531dbaa1c1f15ea6324f67ae9265578521dbcf3554a0d91fb9865716a9f9639ef4ca38fd998ef253ebe665c2a9aa9f10cf7c096e5e56c9ad85290b9db9185bc9818ab6089f2188e1a9c8f266a2ce22da0a29f938aebd4bfc691c8e43ff00236729eb6819276560467c8acf032b633e85ba916d592e3dc107b5cf7a641816f90ad4fa925bdbd3a5e987f8f2e3326ef6a7ff003f4a3f24ef435d1e0b0d3865d7f337d19f74ee339c7fa53631c0a6f261bab658a5be9ee2c80f7bb49ed180cdf14d882c45269b73796e11e565f4d773023f47ff001460e0234fd1eeed27c7a88fbbb6de41c0ec7fad0642c1adb79ae2ce31bb71dc767ab19fd233f158f0cd5a1a6a17905e5a2a5cc7ea630b1edfd4b8f2691288c8c845d433ea7a76932c30a1984ded5909cec07fd0d21c4a213d84f43dbddc1008d412e0027fdea79f9286d34760e9c491d5649f7c640c05639a741e49acfe81750d3bd0b9604e413c5723974626d9d5e2dfda38602f6d8a8dd654a45061c1a1eb80b27db7028bc00c929fa56a90a923c7268948538907385a6a90bea28be5ce49af391bd7020bace4e052a41260d1ee26966a649b9ef4716164a645cd37b18073c63048a1933302d9b8a538e434f00533139c51c208f7717c88ccfd8d590c25833390ab0b59e46c46a4d65b38c5659aa58198d3ee19d51c1e78ae75bc88ada1a99acd37a3f7da0723248f8af9ebbd55f7c0c50d0bafb41fca393b78fb57538bccf7224d358155edbaecf68ab633171627961647c918aaa2f23727c60590d3a2817262fbab012498514dca48059634d0ec764aa1bbd73f913d68bea8e11d02d561b680138ce3bd7226dcb431a20daf43036c0e3fad4bf88decf6416e3a815f3b5a8a3c597d9b192005b9174fb9f9fa53655f44510d8cece68a120b6294a4dbd1974741573d4f6f6c0658015447b3d107400baeb482688a2b0fdab7f1e52612c232d7f225ecdbb3935d1aeaea82ec0877230ad9240b790a4f7c793c1a8a52c3040e57f710d4f836c5cd2f22fba0b9045595886116704770855b1cd1b780dbd131a52c2e59066b257e740c62b253700a902939c9754b47d79a249a3cab26ecc60e056c2f8dd17102553aa5dbe8d7f4868f04c82e65456763c6eae0f2ec9a9748f81f2b1672740b6d3520404a8fe952aa7ed82ef4148a91fbcaf1f38ab28ae2fe89ecba5fb06bed7b4cb01ea4d2c7bbc8cd749748fd088c6c9bc200f66be56e6da48d60008fb9a2ff001bdb29ad4a1a6083a119dd996fa44dddf0d43d61fb297cafac1f37415cdbc4df97d46607bfeaa1b62d2ca60c6f8b7b4229ff00e23d0e5277bc918f350ab32f055ed55359c157ff00e4cbeb5c21c3b671835d1a299633239f7d55a788b2d6fc4bd47696112e4fd69caa8b7a112a1259064fc44d6ee0e032a0ed5eb2a510214a7e4aeebaa6e4b8f5ee1d891c8f14955d925a284a111a689aed8ec620043feb5c6e6712dcef674e89c1f80d4ea3b43a9416fbc7bc8a0e3f1271f9343adb23d7099d274fd16dae9d255da411935d3f6559247267c9704d056bbd4361d2b022cb8dce70aa3b9356f7f6f489aba9dcf2cd469cc9a8e9b1ca5062450707eb5d8a977ad36736dcd7660e6fd7ff0087716a529bbb4022b98fdc08e323eb5249f5975674b8d62f2ce73690dfd95d984c8ca4b79a8eda2bf383a51ecc6c6d56ee565dbeb1191c78a43b3db5a3650fe849aaf4aef3e945840ddf2320551c7e726b649653266647445cc57654b291bb15d05cb8c96899d324cd569fd117d0a6f54047d2b9b77322e5d5144218f249ad5ede468db861e295dd6721b01d5622b16ecf34e87c852d333d6aff00c5247cd51d34353c8e636cc67352db526535cb0545303b679a47b7866ca47cb3fa0ebc55b4d7944b64b01408b96e7b56d95a8ac8976363ad351163c0c573add31d5bc8c64bdf463200a5a9e7458a1ac996d56f5de6183575556565889ff47d6d3c99cb70298f8e84fb8d1ecda8ed3853c0a1fc60bdd6ca23bbf59f0738a9e75f517919da5b0761b871419fa19190d2c5d2d2e307b62b610cb2872cc46136a7185c161552a3225d98135d6b2ad312b83e3bd17e2012b01a5bd139c939340e8698b72c90255b8aaeaaf029b2c48d4814e68d2f8a25534aea604ee543c628d187b1dce240079346bc9efa36f7123d9e956c811c82a49c0ed9aebad41238d2799b6738eaa9e2d4ad1f62b0923ca9e3cd294b2c6ad19ad07599ce9f2d86d6f5d5b0081dc53e280b197db892de530c126e95f99652738fbd531863c92b9646ba7db4f7537a6b23818f731270e3ef44664fb59d3ae2dee610a23298ca923e3e9f35e460846bf6f0c5769347b2448593be771cf1448dc16f46eb525eb4b1b8c96c0dfd80c9ff005a066e0e850d847259c70229da064b139e4f76fad09809716296ae0c219621ed2b228f79f38fafd6b1b3506ff82fe62c9a74384fff0069bdcbfd685a372c476f6d75a4dc1b9b4767e7dc99edf7f8a9edabf43ebb3e99d17a77587be85091b1f8cae69314d79192c7d0fb5156936becc7039341cb8e6298de2cb0da17ba8f8cd73ba97a60d2c63be281c434c1dc6295241f921bc28a0c98d1599326b01c1176f6fcd3360b42dbb50c0d6e40626ba847c560b9303c05ec39a16814c862b52c0699175e3b56e4dc815ca102b1b3d9145cfb58d627933b023727b5313c23531b693a0fe748ddc66b9dcae77b7e07451d0744e8fb782db2ca0b37d2b8177a9ce6fc85d467ff0009db3853b0020f7c5493e64dfd9ba1bc3669690ac7b4600ef5c99b6e5918a463fad648ad22dc30335f49e8edb781362c9ce67d45771e78afa7e8c4a8316cd74256aa20b41a47892e181c669bdb006361708f58f087fa526cb521f088c2d6ddf7a81c1f06a39cd35b2c821c5e46c6d820241dbdf351c1ace429185ba1790dd9572cc33c1cd76ea8c1c495e7234b4595c02c4f149b62be87d7161c674b54c9ef5ccb2b949e115af8ac89efb5d955c8538aaa8e263c92dd6e7428bad467b953b89c0ab3d98a256e581724f289c124e33544631c0af964d3d83faa8ac0d22cd14462c2a550e40cd4339ec23c95fd38f19a4a8f662a4c593316355c6380320ec198608a3ef805c49da1781b19a6b96502f4358e72c3153491e4f00f748339228a23a16e0bfa9b56825c5bc4c1f610588f159e9dc692cce433996a69451e68bacdfc97f05ad891f4ddd97ea6bdc9e2c2b8bb2622b9f7f8a3ad74fdec9242e1cbdd3edc1720601fa0ae04b9cd3eb0458f87d772357a5dbcd222bc93ac5181920af23fdaa9e3dd27e1ff00e092d8a5ac185eabe8ab6ea3d7dee1592d6d506d730f2d39f9c76515559c951f1b63eb938c3a8eb48d0ecf49b68e1b58bd80796ce2b9b3b1bf964f776c671931ae015ce73da894dc567203796490b6ff009fa1ed58af97db0248aef3f2bf96924bc8d046a32d9ad84e139ee390a329f88b38bf515bd96a1adbcda7c4121f81db35daa6728c30c63ab2f2512d8c8105321306cadb3cb64588e48c9ad9372606e281353e727c5515e9604e5c98aff366152db8a815e6b2caa2fac4374059e79ff364b139c8fa50dbd52ea2d4dbf074fd0fa9f5cb120901931d9b8ae1ced8c2798b3a35f15d90f9156a17973acebb6f797c432467845e71f5aa61cc8c63b067c3fa89d6748eb1b48a38a02405c62ba147ab55950c9cbbfd327fc921acd3c7aac6e6160411de9b3b23736e0c4420eac7639deb9d38cf3131801d4e411e6a34de5c64755721754d08e4d3354b5de20b795863b29c64d2654ca5f43972ea5e5880e93d4cd3e16191724b3163471a12422de5465e0b9acf5cb660cf1ef20fc56a8fe89a560ff47ea9b8813d3beb578fc02578ae7ddc79d73ec87c271b1604babdfa4d7b24caa00614ca2329793d67c4cceafa9031381f15d7a296492b04167236f3564abc050b07503b30e7b7c54d3895466170c6646c1a9e49209c8a6fa3110edcd36b9213240d672cc5f033476b4d0b51355a71223c13deb957e0a6a8308b85caf2718a4d6f65b8c2145c59a771dfbf35d3ae5a12fc8aeed8c236e4f3554096e022934a7db9c514b02a298e348d39988dea735cee448d7a35d069b8881039ae5fb9b31485d7da64fea19158ad7438f6a41bb35812deadd2e572d5d2aee88b790048e40dee040a7f74fc038612148e73de858582d8a539fb56a31a0a4b81dab19ec179ba006452d98ca9ae4935e5a3033478c5d6a11c4eca0161fabb1a750bb4b0c0b5b8c5b3a7dd4c896e230bc2a802bab378471e29b7939df53dedbc329448c066ff0028ef4a865b1b2d23371450e9e1a72248e59792cd1e481ff9ae9555e16c8e73c95ea172b0ed44f6b1e4b6c01b1f5a635a010df41bcf56d0ab7aa491c0c6547f4a5e0dc86df1babf4fcc1b5dad1af63919c76c7deb707b272cea5b57bab99e75017f86d90a3c83839af04c7bf849a74ba9eb3259c484aec0c58f839a06b26a677db1e898e18806b87ddb026d03818af64cc09baaba42e12d5e48c1b8f6f0bdb1f6142cd460748d666d2a76b5b8565809c156519feb421343b9ecae6688cd04e85197746a7fd3ef468132d349d4dd3b7c2f2d3d2316433c19e7fa9a5ce94f6862b3e8eadd13f88ba7f565b8b0b92b05f28e509a075f65d59b19f59764686e2d0c0d8383f5ae759474674abbbba0199291288f8b17dc83daa3b62c7c181bb6de09a420cafd40c71cd31201a3dce699805835cc79a07114c5772a0035889e42b93c9a2c188a77d7b01a6786551deb7a98e40f7122b29c52a481ec24bbf71cd0a616495841b9f7119fbd26fb70b08281bad0228a200b6335f2fccb252657035b6da8470200cc302b9ca2df8098636a517a64ab03fbd31425e0cc015deb712c272e0607935e5c694a5e0d48e5dd6baf7f8937a3036429e48afacf4ce17b4bb48f74c98bf4e667f70e2bb1d91aab630b6b112019ef42ecc07ece86d65a1e5c161535dca5142fda793496fa242917200ae4cb94e5218a38073a784b8429d81a6bb7e3b1d09055edb80818e062a785dbc04f62096cd6798b15e335755c8ebe028c57d9f490a5ba9552335d384bba3d948517b748c76b0c9a255a3273d0b1ec9ae252769229ab488df9cb25fe107c8c52dc8f4a6915ff00828639c1ac568aefb2fb7b66b73819c57a6f257196505722a594454e453292dc1ac8ac096cabd2e298d80d910003da96cf7622e141c9a6c726367cb74a8339a270000af7522477a2843212424b094b7a91b9c961df35d69aebb42a0f39474ce85e9d10402f4dd2c8653b385e38faff00e2be57d639aec97b496307538542ad76ce59d4b4c10d9da2be5771c7b33c8cfd2b911a1b797a19658e4c25a796eb0a4b6c2c3da0f0315d0aa2f1f11585e59e88140639519fad2fda5f6c0732e409b461bc6319142a11485bb0f59edede3dd24b0a63b6e600d63ade320766c5f73d410c68c6da269dc0e0818526862abfb1b5d7dde198fea1d62ff5587d1942449e553b55717158714746aa210f1b12436aa880aad6bb5e47f444dadf778a257333a2156a2a91700f3555563622fad60457f390157b97355d72cf9219412f00ad6459b74a70a3c531cf5842edf0746e92b1b592c2365419fb57cbf37916466e2cb38d18a8e4d625a23281b703ed5cb9dccbe16322ba446f2aac63049c52d5939329574631cb2ed47a7ee74929711e64423dc3e2a9ba99c16647b8dccaedf88f7a73a81e34f4c039ab3d3f9f2a9e083d43869bec8fb53d4a48ee04b8dcb9c914c9fa8c95b9255c4ed0d16da756d9c83698c03db9ab7fd597e8827c0947c8b7a8baa1ac36bc302b2b77ad873fbbc0ca78995b66365eb9b896e02fe5948279e718abab6dac8c9d0a2b0743d3ed6cb58d3137c6a0b0ed410e5c2dcc190b52ade4c7757f489b285a7b76c28392b4fa6b8a791aaf73d33976a31c826d87906bab5c960f4ab09b0b0cf8a1b26923d08ec730d9af000ae65b6bec5d08ac07ac11431e58631589e51e621bc9c4d290a72338a3c61640f2c3ec2d4468188ee29129bce07a820e374b6e0018a45906c6d7a2e8ee9661966ef488c1a632735821346d22e178f8ae954f4492b7f42b934a795cb3553ee24846e4c69a7e9881402bc8fa5416daf25b082c0de1b78636033861f1486db44f7407ba7fa6c00241a82d8ec9305b7b6f1b2f0050ab1c7c1a919ebab08cb1ed470e448a21114dd59aa8236d74e8b5c8d9248533294738aebd6b289e4c819360e3bd37a819287b960d9ac710933d17adda85c7063792f491dc6690dec28c477a0dbcd3de44b1a92c4f15471a2e53d0be4b5086ce97a8db8d3acfd499f184c9fa575ec81c48cf671ed575cb3d4f5a2b04c9fc33b9d8be00ff00efc5329a5836585371a94f6f39b91ee8db8de4e40ffe6aef08916d99b7ba9f59d480330863278248c9fbd031891daba13a492d6c926ba5cb9c10739e3e9f14269b597488268993d34518230050e423f3c75b590d3fa86ff4b0012c858103be6bc6a2ff00c18d70689d5e2da64f65e45e9a91e187fe6bc61fa1e5be932ac91b153e681a66e88db6a905eac905c2ed00e39e6b306986eade87b886437d64f1cb16776c1c578f300d2f5098ed8a5e148c140338fde88c25acdb5a4b1ab2ca91a7d58649f8c7fbd1186166d32e347d50ea36579b678d890170005ff7a171c8499d6fa5bacedba8aca3572e2e9061c373cfcf6c0a93910cac94d12c3c0e66e335cd91d28804eb9a9a63e0052c39e692e3f633253e97345140b67a576d1e05b289c8c1358d0b625bd7da0d060534239e720fd68b003408d39e735a630696ef07835b833057f9c0c31489c4251079650d9cd2703544bf4fb8443b5ce3eb52f26b6d6504a381d2eaa2d9772b8edc572ff19c98f42fbfeabb808551b24f156f1fd322de59a8590755ea56926ef59981eea4f15d47e9f4ce38c0d8c022f3a96e3514daa0aeeefcd2e1c0856c6aac1edecc9f73f9a74d86a3826d69eee1734894b0312435d2f4b270cd53597e11e724b46822b610ae718c5726db9bd0bc27e0a6eb515401490051d14b96c5d9a3eb7ba8e6c60834eb938a3205b711facb839cd4116f23d00fe519093d855d4bc9e94857a944cb9dbce6bb144f0225232d2ac9f9a2addf356bfda17ee6c756491c71fbc64d6760672d17108c7b0a44d92f56d935b78c91c527b607c6a06bc8d11885038a3521c9600f009045785c991962f3e2845b656c06dc579018c833328344919805bd97627c5515a35c456b2bca4edcd1cf47a3105bb4933834dab07a49966941ac7508a7f4a3976367648b956c7822aab26a71c09845f636965f88daf6abd61636ee208edc3a27a11c6046a99f1505fc4a655f792d8f84e719748bd1b0d2baaecf4ad1daf351918b4973200ab82ced9cf15c5b38ae7637f47463fa05bcfc63b487220d36e18f82d2003fa5511a1c961bd1e5c77e64cae0fc688cc589f4add2fcc72e17f7c8acb3848074a6f4c5da97e296a77d1b7e5a28ad13fecc96feb498f19458f871e3159609d2bd44e92cb757acf2c921eec734ce451dbe313cab4d1a093aded231b1508fa54ff83248049262cb8d7d6e492010299ec34b0551922367ac4626f4cf39ec2b7f1df905da930d7b87bb944312119efc564a118472cf2b321e74383d2fe2005b1e45731f3a49e223957dbc98fd76ce1b3ba523191dabb1c1b256a6d9272611accfdfdcbcce123ec6bb355692cb3996c9c9e11d3bf0ea261624c8c3000af95f5ac2b3e25fc58bc6ce8ba65a4372e32462b91456a52c4865d3705a2abfb5365725e2e5734db6955bca021639ad95dcf55dbc56ec97241c0c5575db3b23d5ac831a3acbb459981d6d6b15e130c676e7b8140e8ebb3a11ae535b61afd4bf9b181113bbe9514a2dbd8f54f54790c227e71839a0eee22a704152587e610249ee143ef35b44fede3c142f4a5a37b828cf7ab2bf529a581538119ba867d01c5bac0f220ec56ace2717dc7ee649675e4035beacb8d52dbd2f49a3523926bb74c7afd9eaf8e93c985be74338c8e7b55b5cd8eb22920bb291624624e29d62ca22ca4c3ac275918a83963c0ae6dcbeca60c7173a696b3620e588a4c6f59c07d1b31ed68d0dc156ee4d592b138e808d6f2398588842fc54a9fd943450f6b24cd9cd6cad8a479458cacac02a02e71504f95bd0cf6fec630c310e370a38f29899521d0d942e703049a6bbf4075c0f2c74788c7fa066b8fc8e64a32c06a5816eb5a42c19743823e29fc6e737a6792ede4596375244793c8aa6c927b0bd8c863ea1238da338a546b5262674e0a9636939248354478c84b938954964f2e719355d55f505cb226bed2dd09620822ba955892c316e3f62a74da482b552d818059e2e338144d1ec91861248cd2a41a18c5130c2a46d2367b28cd2a357761cad50596752fc3fd38e996525e5dc08091b81908c8aedf12955c4e172ef7648e45f8aff008a37baeea52691a6398a046224901fd5f6aa7ae5ec996909fa66c1920675b425570cd23e486fed544560530ad5154c207ae84b9dc0090e07dc563092c20de85e8eff001ad5d659a57f4a3c166238e3c0ac9691e5b3b0ea5d4da4f4f3436af770a49801519b1c52a52c2c8715919699ac1bf52c814a1ec41fa50a6d84d60e77f885d1f7173d409abda2fb9701c1f230451e0cc99dd07a31a2ea88e68da40b1b0e71d8e73fed5e31b3b55e6a525968cf2989a4751fa40e49f158f478fccbabf57f54ea7d412c86ff0050b3884e63115ba8fe1f3e7352ced826fbbc15c2a934baa3a1fe13750759f54dfde5b5ddca4fa75aff000c4eeb8676f1f4fbd6c3e515240cfe2dc58efaca19f47612cb61233be543c2bdbfa5531f04e24d3efa49a064b9825da06edac3f57d47144918c2eff42b5bd449216b8562993b3257f6a1c9a914f4cc03a7efd7d442a1bb296209fb8a9ed8e5606d52eacea96d3a5d421c63915ca9ac68eac5e4aa6881278a9a687c582cd1f18c52dad06981ba01cf9a0f0132a76e28d4806802e5f0a79af6409092fa5da0f39af214c417338df835a2983b90e38a16cf605f73953c57948d481d6439a0931891262714b1891435cfa7e298abc87d41df527fd2a715ab8d1f2cf05d8afa8324649f34163c690513dbdb30172051556bf0511642c800307b8a3b2591ca4365b80a98e2a7c9e722db79d4ca01a5db1cc74076c1a5b49e18a205b15c5ba32c80db05d4b5950842ff006a0ab8ce4f61a960c56a1aeca652a32466bbfc7e2a82c8a93c8e7409cbe32e771f149e556a5b0a31c1b4b487728cd731d282cb0892d630a734c85583d9628bbb684920e29bddaf079a31daa4096f3ee5c574a9b328925a60b25f08c004d31a6667255fe2240ce7159d7236314109ada04efcd04ab1e92175d6b85db03be6b630c013fe8fa1d4771e6bcd0be8d8c91fd48f38e296c54a0d0b6eeeca640ef4e840c88b5eed8b814e7041248faed8c90fdeb23e46492c1669712b670334171e844be6b1591a8616610d55a66c6d7f08af5e60f3df5bac4396d80923e94dccd2da256be5a05d4ba6b4de9bd7ed05a4f24d33234926e2095c0e3b52a7294e1b1d18e1ff0066765b3bad62f8a5a4324d0598f49594654b9e5893f7acbec8d71eb27b636bdcbb207bae9cbbb64f5ae368cf600e6974dd193c44a6d4d4722d8a31ebe0f6aaadfe24b4bde59ac1a569ff00e139571eb30cf07915cc727d8a9cb469f4ae93b0bbd223549009013cf9a8aee54ebb321c17658115df43dc477c1629b7213dcf7157d3ea509c76892eaa516686c3a361441eabee38e6a6b39797a46c5b431b3e8cb18ae04fb7711e292f9537a4134bec72da2c312b4e916dda3b91412aadb5191b23162c96646b63260edf9a89f1da782d84f0f1930f77a25e6bdaaff08304f9c57d071efaf8b4665e48b929db3d78189fc3978c8c39cfcd4b2f5b5fa0a1c543dd134f6d17114aff00c327bd73b91c98dcf38d9542a7146d2cee2dd901b79067e86a1716b684496f0c309330dafce689665a62da4bc1cbbae95acb5160a4ed619afa1f4e845d7fd88b652ce50274cc56fa8ab6e5c95ef527a956e0f474783739793676762b120db167f6ae361965962fd8de2b6db11223f77dab5453239d9fd959f517c1a43865f83d09a64c19f6ee0a69b1a3fa09e19e24515c3932a027ea2ad837058429a44df4ab49d76bc4a3f6a7c392e20358f02f93a134cb97de557356d1ce622dcb31dd69d3634045785c9463db35dde3723dcd3209c1ad99ce9fbd0972a1ff00cd4be65798e8a287bd9d045e45e90e476ae0fb4ce829217c5d389a85d3cf2ccc83c01476dee2b083845036a7a4c9a7be118b21f9a3aaced1d832586556520de43e2a6e46475690ca495163ed53d55b9336c692177f88056fb574a1c5d114ae1b69baa0deac7b5365c7f88af7326bac35687d3fd5cd7cff002389394b482fa07d5dfd68c94c60d53c6e0cd6d9e8d8933342ddcb938229d64248e85762c17884af2c4e2b69ca32d49855bb20e0906ba517821943235b558d978029919134e253aa59472424f19c51e4f2460f52091bb78ae871e6dac3153d0b9dd08c66ab1393e8dd6353c678f141d72c3ef846aba334a6bc985cb93b49030ddc557557839dc8bb2f468bf1235c1a274c4b15b4c892baeced9cd74a0b08e7c9e59c0b4ed1279d1e796da47ddee0f8f35a10f2c354bed3ad1ed1232030c3065c923ebf4a67601a017b80f28563e42e14703fa5076d878d1d522d335a8f4332e8ab1c52347940e3b9c7d28649b3d1c27b3836a56dab4faccefaeabc97e9361a39b7636e7f96932cc258eb91f0c4a39ce0e9bf849ae7529b992cae6da63143808b229076e4e3fb536b4f1b15635e51dc67b35bb55793018a8c8c763479140967a01b5ba7902ababb0ee39acc9e46963b459557d8091e0ad0b084ba87e1bf4fdf4f34d75a5412c931dcce5705a97eda7e504a6d781ae89a2e9fa25badb69f6b0db42bc6c8c63147d4cc845f59dadd36c9541f2062b4c021a0da40772dba3f18c7d2bd908124d1ed6cc9c422353c8c0c6284d124da3c6d7a1960497078246715e6b28c4f635b11b4b478c6df18ae65f1c33a754be2112462a7711ea40b2c03e281c0353029230339153cd0d4f2017380a71486c3125ecbc1c56c642a68417d3f7e69a4f2620b890b3139ad308c6c77633499b0b07d728185254b06a400d191e2893c9a7ddd4d1a4145805d1c138a7c47645eed96aa22b42d8ef499908c31c1a96ead98a4157ce15060e4d2abade46a90b2295a37ddfda9b38e838cf65d25fe40c0c1a95a28ce51f45a8156cf9a6a8e56016308b54965c2e4d2df1d0390f86d9ee47b8f7a7c2b8a16f22fbad2104bc8ed4e6d24647219650ac003f6c791525981f1931d45d42902aa96e6a55436f46c9a45f2f50a3a7eaa2f60f644b75ad658e09a0750129e0517b39b839f34caf3110d76145e46fdeaeada66b8b401ea3302189cd331b37243d461e6b5c72794c8c5134ae4d2648745e4696d6072334990d8c4791dbe21181e285232c8a628bdb4324bed0715542488e51c02369e7230b934dca60a611fe132b47c8a5ad30dc9308b0b230fb48c1353dec656162d42b54ce63e2cea8da8c50c67f8eabc7935cdab916c1e3e89f0fece75a8de5b49d632db1dfbe5b7cc730ecc5bc8f8c576250b21c7761e834ed5163cd36d534eb030daa8d88372f19e7c927c9af99baf95b3ed23b75d3182c22ad7ac6eee346582dec2491b20eefe61fb55dc04e137293c13f2ad8ca3d4e677b05c69f77e95c5b4b0c99fd2e8457d2422a71ca672256b8bc0e6c525684b88dbb5416f48bdb2bafb359343a2ea5f95b125e5da771ee6b9bc9839cb0917d328c56cd4e8e9697804f3dd824f8cd51470d463f221e55f997c4d55a7f85a808b2a927eb5557c6ad699ce9cecf28284f63112158122b6c9534f9052b2653737a93dbb428b80dc5736df5458c4114d5c579cb144f6f6af1a5b9c2a8e6b993e649ad23a0abebb0f86c20b640628d40c77c5453b653f26ac64f99377205247c742ed42d43464b600f9a38653c8f52c98c85b58875065b1de63079cd7778fed38e6c25e4e57f135da7ea1acb8c491761de89d357fdac930df933dd4d6575785a69236c9fa5328b141e1143a938e0afa1ed63b595d26f6863e687d4a7df06535bad3c1d46d56d44436e31f5a8eba6bfb64764ac2571776d6d1125969d1e3c7e84fcdf905b3bcb5bdce31c51c69827b43fe6885c6a96566fb6491078c66b7a47c21e949ac80c57905cddef56c278fad62a1499e96521bcc1502b0230682fe3748e5030967401a96ad069f6cd296e40e054552ed2c2198fb6735ea6d56f3a8c2858d8283c66be9789fe37b64967c8cbcb6179a6babcb13203c83f35d54d4913bd31ad8ea92c857739c0238a9eca163436161b7d3f524088b9ef5c6b29792e8cf44f58ba89adf07049e2b69a9e45d9668cc10d1c80f8a7594a68185ed061943478a9e35f566cac720558d158ee154c64c0eb90b495557db5545650b6836c263ea00ae79fad7a518fe8f61e0d0c69b946e626b3b216912fca991805e0549643b32aaa783cb8b2651c106821c7c6ca1db940725b7a7ce4f6aa7d9d13bb76796f24f11380597e2b6153fb02c926597b793b4457d36ed4f55087248c26b7248253b948ab2986044e59162b377ef55e059758a0bdbd481a4206464004e7fa53ea87d935f6e3475ed2da1d32c963445e1467bf155c624126732fc4bd52e355bd8ac84b98cb7201c7ffdd5515a12cd3f4674b3a5a2ee385da3eb91fd78a27e0c08d6bf0e6deff3b6e248b771dfb525b1a9155bfe13e9d66226f55d913dcd93facd6a5f679bc1b7d3365bc296f1a15545c00478a36016dd69f6570eb24b6f034bfe6f4c161fbd1260b8ec2f4dd1e2371be38e34e46e6c726b24790ee4b28d537020e3cd0047c2d82c41dc96e73c0e284d41da6ba3e40c6078c578f074902483b7ee2bc68b6ead5e3c9552df38adc9e4522267009c67eb5e34f99847bb3dbe86b0f220e826888233fb509a287b278e4e1881f6ad3cc8184c739776e48c7271515f1cecb38f2fa26706a54540f2bd0b4126033f39a9ac88f8b14dd48aa0f3cd44e3b1d9d19fbe9864d1423b024676fdbbe29f82492134b904d633523e8db1de93318917801fbd49367b0533c631c56d6c1602fc66aa48d4c1271bb34d435301f4b2f4e52c1920b8004c11de989e742c259fd418cd7b183532974da2a7b3c0e81432d46cb2249216f00d3e00483ece3656e456b047b05d88230077a1cb466806f350dafb8e281c9b09601ceaabb70a464d2f0d85a4511b3ccfb81acb2de882aebeec209741839a557c8521d3a1a03b967539e6a858911ce0f3b2a8a56738ac9c7086570d854d0078bea052e16618c9c1604f3dbfb89aa15c4525806fcbfba9eac0530db6871e2864f2314f038b555207c8a538ec6ab0601b0bb476342f4322fb023c418d029ecd956996db5bc5bb3e6a85327758c2658628f9c579ccd553139dc26240e3353db38b0d4701d6f6cce77354d94137832dac8d71cbc93bcaaa012402702ba743a22b089ed85ade41fa5a69bfc6ac5ae599d444768f3b771e29bcb69d3388aa53f722ceaba76aba6d9cfb2f2d9e3c8cfa99dc547d411fe95f3fc455a7fc4ea72636c96548d4596a3a66a385b39adee09fff0018387c7d41ab2756b2d64e6e5c7c845f74fd96a90149ed9674cfe971ca9ff6a91f6ad76ac253cbd9cfbabed93a763f4608488e50db73dc63eb4aa6a76cfb365bf91889cfac7f33aa4e6dd1c8058f6afa097b74c3b608a2e76cf099abb1e9c9a253bae1b81cf3dab89673db7a47561c68a5b174da95c69f3b1174c1578186aa636b9af8f9315704f6697a5ba8526243c8ceede58d727995cfb6c2704ff89aabad6a1b0837cae003d89a8a34c9bc0acf5f26475aea8696556b6ee0fed5d4e2f053fe40597fd2347a575705b48d6e54e7152ddc24a4fa8504f190a97acf4f8d0b6ec60502e04a5e0f3b30f0c53a66b373d4d772320296c8700fcd2f91c754afecaebb56346aecad523c2a4601f9a9d49bd0ab2434545b55dc4649aad4fa2d92e7b78059a7b53fff00d2aa0376cd36372f279467f42ed56c74cb5b392e536efee314537192f23aa7372c19c8b59bc36a15188e719cd2e34c5bce4b2506bca2d596694624919b34f847ae85492fd16c93cf6049898a64607d6abf6d35b2752329ab5ccb73a87ad3caec478cf14c4b0b081de7235b0d419828048c62a65071639d9918c5d417f34e626e2351c56ce09adb01347922c9ab4c3d62760f19ef53c528783268636ba3411067da338ab78cde764b37f485baf69c9259c99031deba30bb025ac98c8edbd0ce69caeec0b8e0f57569ade40b14868dd5192cb3ca6c6f677724e37cae58fd7c54f2ad2f01e1bf25b22f218f6a5c838c0a5aed636c77a574c87d4f1a732b671c56c6183ce58204c8480a09aae2b4076cb1be9b6ef1e09073dea3b27b1f18ac0ccdfcf1808a7fad06da31c121958dfb632d8dd4514feccc07b5c6e5cb0e6ab8c3ec54a5f452a2390f27bf8af3781638b0d3629476154d4d31363189d0a2917f48fe955b8268965362dd47a3ed2788fa90a313c722852c0beece53d53a4c5a3dc32c676a9fa76aa2a8f60e7675457d25e925c991de2663d810793f6c55d1584736736d9d111da5b72f3c610630a221de9b1429b1341d2c97daa24c6238046378c9aa10b6743b3d2e3b58022aaa81f158cd45b247130c10323c9acd05b2978e39576e0851e4f6acc9b8fd83bc0771605b3e2b3b68d48b2da1965601d3183ce7b57a2cc90e6dd046b81db3927e4d3059f6a37056db702a00ee58f0a3e68719344375d71d3b6f03432ea065957b2c47b1aceb8d9ec8674f75369d7120313cd1ab7667ed5ec64dce3c9b6b798c83dc463c11401af07b2641ce78af1e069d559772f7af1a2d65575774241f23b8af33c796d768a064800f1426e0b25557e707fa578f6053a86636dd9e3eb535fe0a28f205f9a5f9a8f25d8069ee97c1a06c342cbabe5504e693241a115eea20e7dd534abcb284c417b7a189c536358b9b145ccc1bb9a63888605232f7a4c9048a038dd499a0d04acc318a965066b3c91b2b5b080a6c0266001ab2313100c8f8ec68ba8c282ca0935be0d3c129ce2893331918db8dca38cd6f70d40fa71b05264f2322b00f1aef393499229830fb758c1c1a0ed80dac964edb109438fb51464d8328e8123bd39da5a9ea392493d83df4e645c03451a81ec008b267f51c51bad7d1aa4c73a5ca108dd835cde6d2e4b45dc6b3af919cc5586e0335c885534ce83b62d00dc26f5276d74a96d1259860b1154707b62aa92ca129e02669f7ae139348f6f00ce60135b4c7276f7a38a44d24cae2b524e181fde9b9ea7a30c8c61b4c80281d813830a860f49b1dc1a253314187449ea30442013c73e2865965704a2b203a86eb697d26eff2283ae07464a5e085bc8e0e7b57bb60f38862b6fe18ff005a459634816d2088e08873c573276c9b12d9789157b735e8cd82d649eb11d96b17526970fa8243dfd2ec3ef9ff00cd756b8aaffcb81939b7f1333a7e8e96fd6125aaa4919b2b507de3f9b39c8aa9d92971fb3fb64aa2bde497d23a2c1a64070b283237976ee6b84ac699d090b35fd29b498ffc4ac24314b0fbc15ee2ba9c6b949f564d62525b02d0bf1bae2293f2faa69e2724ff00d5808071f553c55b2e1f55da2ce5b96f0687a8ba9ba5ba9b4830dc0bd5e77a6d886e43fbf06a54eb8bc0c8ca48e4967aada6857d7052532ae7d8c5704fed4fbaa95d1490ea6d509659edcf586a13a34702b2993807e052e1e9d5a79914cf9736b081a2d2eeaf3067909cf8a2b6c8d5fc50ce347ddd36746e94fc38bb3642e6272afdc023bd712ee54ee6faad1d85ed50929334f7fa3d9be813477d8f5147193cab0f8aaf8b28387cbc917269ccf5e0e52d3c6927a608215bbfd2ac55bc64e6693c079d7a345080038e290f8927b298de92c13b781f54957d4f6467e68652f696bc9ec777b379a6c963a4d9ac5090001cfc9ae15b19db2cc87a585841b6bd5b6703ed9081f7a6c78b25bc13d9fd87dd6bb6f791afa2f93f4a1b6b7f66d11cb166a8b25d2039231c8a4a78d1d2aab4844f71201e9ce4b2f8cd14733d228c287c83eceda09382700f22b6354e2cc95f168656da5c723800f19a6ce72ad6591ca719783556fa2dadc4437a0381f156d2fdd864e65b6384b42ad5ba1f4fbd52ca0237d29914e007bcd99393a42e6c27f690e9f5a54f9111b1949909216b70432e0d794fb070b37865fa7caa1793cf7ac956f3919396513bad5a58e4051b017fa1a7d69a2796006fb5192f00562a13e05372c158017b28ae2223b1aa69fd8b9a11b6966dae77939c1ec6aef772808430c6d671a70cc40148948a944faeee3d4caa0e052d2c9ac044658f3de98e3a07b0db4fb35908ddcfd2a49cda679ac9a5b3d1e1700ed14d84f2265a0f3a6c712e700564a07a370a6f21657cc6bedf1f5af2490fed923690c864e722896327b2692184b5bed22ab5e304efc89eecbc329038c722a3b57d21d14871a36bf1c58491b068e8b9c74c0b29ede0d2da6b90be72471f5ae946e4d114e8681f5cea0852dcac6cbea1e00a6c7e5e095c7af9391eb5a7dedf5f19ae411cff0031e31f6abeb8e1689ac9e4959cab6b3058522c8fff006c6589fbe2a8893b36b66649ed509560de431a7216c7fa544fc61d13e806298999d47722aaa770c7e6b1b3d80491d39c9228432a20153b724fd7b5633724acc0772848247739af43f47a5e0358478c2be48a6685ec9a3ed5248381e2bc8c672afc76eab9342d160b4818c6b74ec646538ca8f1fbe689351db330de91f9ca4eb2b9cb089d87d8d04ae4f580e34bfb638e9ffc62d67a7ae23da16e2304168e424823e296ad49e7013af2b193f5cfe14f56bf5774959ea6d118bd4dca109c9500f0335af7b3318d1b667debf5ac3c259f5448f50168654f53f56ccfb80fb569a80defff002e642109049c6285b0d2034bf064da63c8ef9a5e42ea32b6b9f50e067ed5b905a15f53ea90c5888a82df353def5829e3477932f2ea20767a8fa1776175c6b9b3233cd7ba9eec84b79ad190905b02b7db354c5371a903d9b343ed9bee0be6bdc935bd017205927cf7ac7003b83bcdbb8a4ca0129111205f34bf6c6c59f09c039cd0ba4668f1ef33c0af46ac0bea053cfc124d39403490b67bbc1a2f6c06c824c1bcd2e513c9962b0c8e69780d343ab191760c9a44de1944707d72ca7c8ac4c2c03efc7039ad6828b2c42c0f079a5c921a8ba472539a5af279f814cf2057e2adac924b64e17dfc9a676c18a392dda3381e6b7266036d34d9e660541029339c50693361a6682d242372f8ae4dd349e5142646f74654180b4885fb0b1a3337ba3cbea9d8085aea54f289e73482b4cd33d2e65c1fbd2ee93fa0ab6985df8b648f00a835341cb23da581296883ee14f9378063145d14cb834a4db0e4905d84f0ab3c92f38185155d31cf925b5e3c00de6a6e6431c000f9fa53fa2314de360d219644ccadb8af22b5d794146ec128af15540a82d8b450acc8445397618a8a79fb066c31a52ab9cd4dd50bc17d9033b7278ad7888691474c6acb1ea8acebc918dd5d1953275e077224b29a1940227eb7d726665012d51724f9228a1954423fd927ff00cadafd1b88bf2f71109239108c77045412865f8294f28e79d6faedd5d5acb1d812d0a644ab8f763e47d2ade0c21ee625e41be128c3b239d69edff33bdf8fbd776e5f1c2388dfcb269ee75586dacb82324571e1c594a796393c8aba77424d4ae9eeeed87eac853e2ade45dd23d60514d09bcc8d0ea9a75ac4c86150302a4a6727e4aac8ac0bedefd2de61ea630adcd3eea3bc3089e8b1c2793b07497e2368f1587a724e88546304e2b89f8d6d5f1713a7728721a929183fc4deb68afa430e9cdbb71c165ed5d2e0f05b97b935a13cae52856aa83d98dd334bb8bd4dccc431abacb145e082316d0e6d742317ba41dbc9a9acbf2b0874697f63bd22c65d42f12dedfbf93f15cde44d46396550d2362fd0b27a636cedbb1f352c64df8467ba8457fd11a8ac9c3171f6ab213fa68458f211a5e99269722a488d8cf24d072ebed1ca0f8b6747866b5ed9648032f622b833675213d997d723581490bdaa8e24733197d8940456fac4bf9c488f00e6bb928251c9c5eee4f46de29e4b51088e32fb8649f8ae05d9b1b6d96c128a185aeb57eb78912db37a47bb55de9f5b8472d9272145b34a544d1063c1356ded75c92474c4fa85d2d9b0560486e2b8ce8736de4ad4f1e051aa69a2fedd9e11eeee2ba5c08767d49af78f91918eec42ed1c99475e0835d39d580ab9e504c500b942739cf6a05148f4f2017f652c180b9cfc56e1191c9e5bbca23cb29181451d069a17dd5e2c9215ec477a6c62c24d1f24991853e2b5c42524156f093c63bd2f290586cbded70722a85b12d3430d3e28e323279a9adac28bc8feda6f497f562931781738b64a4bcf55b6e781fde9b2b160546b7908b7896500900e6a5949e4a92c20b8b4d01c3003e68e36e006c3c43e9a1da0fdaacaee58132116af646552cbc37c51359d8dad98bbcbb92d65fd582b40a29b284b08ba0ea59500393f5c1aa6a86c55b2c21cc18d4a2f525690f6391ff9aecd15e11c0beccc81f52856552a67909c636ba8e3f7aa52c12e7266c09addf10bb85cf2633b57ff009a28b3cd1b1e9dbe564585e562de49e29c98b68db69a8b0a82a4f3ce7e6b726e03de572bc2f1f535ec9980299995b3c93f4a108a9eec22fbc919edb8d79b3c570dd84322c6c0923839a053c0ce9f601a1f5358ea1aa5c69a9761eee039923ed8fb7cd6d397e41b74695e558d3f5633e7bd50230728fc7ad0a6d77a7524b68fd496ddf7f1df6e39c5659868d82699f978da7a1236e24b67e3153b1f109b4852791626b613166180320835b1925e4f4a2cfd99f83ba7be83d2f6b6924eb23300e7691b63c8fd231f1f34e7e04e36743bed422d374fb8bc9182c70c6d2127e8287078e59f8777179af6a5aa6bb75eb2066db1ab4dea46477caf1c56318b48da4730ed2051cf714299ec05c7024dd8295fb56e0c0910242321476acc23d939c757df85bf601dbb6707b54d28e59656f1132b717afe09acea83eec533ddcc49e0d0f509480a57672793598c04995302a39acc1ec953735aa20b652e3e6bce20e41c9f750381bd8914fa57bdb0d48aa41b54f158eb1aa60864db934a9446260971316cd79209bd0ae67667fa5392d13c99380914b9c0f29058ed9140e28d4d84c32b8f9a9675ac8f8cd84e598720d0a82417b85b0a73c8a558321604e15454eca6134c12ee5655ef8a38579664e623b8b96f5319f357c2bc223959b1969cad2e00a96d6d14d581c586992c970032f14995bf118e0741d27458d23566515ce95cdbd9981d37a56f161702a3bac583611d99dd4aed777718a555972286b081a268ae17822bb154f0b673ec836f40b790fa68de9f7a3534de0ce8e266b505937125aa9518e028cd89de7646c64d638646f72f5b83b7778a1551e9585b05cecb292627f9b02a851c086f2516970a24dcc4735ecec2c6835e741c8618a66742fab2ab883da1d31b5b914a957d8d8d987864ace4dbc1ef5cdba97928ee9a273ddbb7b5452634e028b45fa7df3db9f71ef5eb28c85d921768f36ebc55ce39aec3828c722a76b9cba8ef4e9c5cea5ab7b124796658d091fe55e6916c30a0d7d1b5aff2497f46974eb4bb30bc6ccb02cc380d8e3ed8a82716fb63e872928e328035ed26d6c2c12df21a47fd72762452b8b29a9f661ce5dd60c7eaf696b696fb805c81c1aee5164a6f0ce75f5c5210c05ae00690f03b0aaec863c12d0ff6196fa835ac9b63cfd8523d9ced94caec7819c97d34b082c8dfd29518413d319ddb5e05eb637d77337a76eed93543b6b8af227a49bf01c9d3fa844a5e4b491540ce714afc88674ca634b685d2466690ed1c2715467284b8ecd9f4ddaccd6c24581980e3b57379784f03a9635974dd42e94886dc8151c5a2873fd15e98d7fd373b349065dfb7d2977d50b7ecc8b696cd25bf56dd00bbe3fef4855f5f01382635d3faa0ddc9e9fa59229b1b947c93caacf8195e7fcc20ff0097fed4e528cd684fca009a85f2da59844421b15cfbf84b3a29ab95f6ccf5e9fce40c580ce2bd554abda32de44acd19ab2d16e2f353088bfa7cd5565f18c360d4bece9da6d89811124c120015cc8d6bb6474ec6d0c43a4128185e6acabce1089cb5b1a70d182314de4a6e24d160b75671dcafbd0135cd92cac21f19b4c1eda286c9887c00dc0cd5fe91fe39bc8ae53735a319d79d389086d460206796c79aee5f1cec0e2d98d312685708eb8270476ae74be25f2591dcf6c97183df149f7b0ccf6f4151e951cb0fe919c5570b13249371319ace82e9784a03cd531ba2b4cf45b655636255f6b839a1b2d4551ad8d3f2ed6c012bc1f350cec59d16461a3d556c8cd36ab454e28b2075128cf1f7a64ac46aa9e077162742571915158d3f007469ec0e64915be08a9fdec6987d10659ea061c0239fad795a2e711ed8dfacc000c334a9dcd0a700b7be58db631155f16dcbd8b9405d7d771b2376ce2baf1da3d189cf3a863f52662bd8d0a8ef4559d61890c8b6f1932b0e3c138cd5fc7adb641c9b524f0cddf466a36f716414286ec0af26bb305847026f2c96b76f124a64f5c018fe65fed8ad6644c8dc5cbac85e345651ed070715e8b09a0fd0f54984fc470c79392db79a6a62da3a669374d2c6097dcd81c51346646aa599f0ded1f7af23ccae64645c2ee22b5a3c981493c5929229247d2b19ab203347875784f00e71f3489a1d07fb39b7e22db5cf48ea30f54e963649b8098819c0fb0eff00bd141f5664fe4746e94eb2b3eaed1a2bfb76dae0059a33dd1bc8a7390948a3a8ef2d4db48b2345b946e23c8fda96ec4f43556fc9f9b3aa2d12fb5294db5baa0c905b1b79fad66b0161f802d334a56b8416f7910914e71bb073f4a152d87ed4b07e92fc33b9bed26cd2db542048c86488060729e4fda9ddd2d312eb7e519dfc4ffc68b7d5ad868ba1cbba1f544771311fa9bc01f4f93471629c4e99d21629a374ad9a050ad3209194739279ef819a19790bfa0f585e66dd23631d9697809b1a5a6f41b49c8f15a084dc4822859d8e001cd633c721eaab88a5d41cc716c393921b20ff00e293f657158423009af4822a922ce694e4124012c2149a1c8d481a5002f7a240b056614c0195b367b578c2b29ce6bc6130715e48dc955c72b5e71093164a87762a79c4746452f0669580dcc0e6b62bc914d8b12f65689eefa56b6790c2d2dccad802a3bacea5354323a834ae06457325c9d96c69d17b69bb46715e57362e75240b30f4ce28dbc933d33e8d43a834a7e4a6ace084f6467f38aa21248294720cda16f3c0e69df929689a501ce8da2ec3b4af3525f7a6157368d9e99a18894391cd4165abc1545b6349a5fcbc78ae6d93de86c509351d5d95481591adcd8cd44c9ea5aa48c49cd7429a700b9e4fb49d4093824d32c87e8d8e86775a92471fc9a5d794cf4e3942679d6763db9f156a93c123860597d644f2bde9d55884b67d6d6c5a30a68e53c783325f7561b6c1635c9cb64d677d9a98a1e3789f06896f639309861380dcd0c9e0f6463031680c67c76af4664f620449c24db4fcd6b8e4f464d0ca38d186ef9a07520d58cf6450172076a4c9241f6c88b4edd05de49e54d5d359801dbad81dd3d7f8bd0ebcfa9712367fb7fb50df1c457fc0ee3d9f26ff006cd85c6bc6ce3f6a65f68f77ed534e9cc8b6bb1754da307d4bd4f75772052597f7aae8e2c7cb39dcce4b5f18889eea7ba01247623e2ae85318bd1cf95b26b6c6fa5e9173a9148e0438ec4d2795c9ae95990ca2b94f48dad974b69da2c48d78c1a56e4e6be5791ea375cda8783b55716bad665e4399f4745059a3c77a8d2e4bf051dab5e44979d6f63a3dd2c70428eb9e4e3c576389e9d758bb4d91727975c1e221779f8ad6b776ad0416472c31bb6d58bd2e59cb64eb9b15e11988278672c13866396e2ae50715b3deec25e0d5681d56fa3c22de48d1933deb99caa9cf2d1e86568dbe9bd4f6f7b1830ededcd70a7ee41e197c209ac88b5dbc92e2676e1b69ed54c5fc72c7460bc0058d9df5fc808e2353cd1fb91c7f622d4d3d1b4d1e382d86517dc3bf1505b369ec28aecb46853505dbe00fad1c7978f02a5497ad9daeb16ccb85cd763898bebc9cdbff00c72d190ea1d35f45899bbc7fe953595352c0e84bb22ee96f424b333260c84e4fcd7339398bd9554b23e89d98f9c0a9958d8d943022ea2bd9e3bc8846768f26ba3c4da6c4591c23e5ea3bd1b42e368ef9aaa7892d93c62107ab270c3111c01cd4f0a73e584d08ba83aa2e2eda211829b4e7bd53555d361c2195b3cbeea09f53d2ff002b229c91826a99f230b021d6a0f467a3436d326de3ed497629228aa5b35968c5a35cf3c573273f9176b181b595ca6769355d361cebebde42ae34b8af177000d1d93690153c0a27d016263222f2291f90dac33a95b5f6033c3b94ab8ed41db63db58d154569eec53e12c11b96cb5b4cdfce28dc8aab90458472c00a919158a3942ee6862ba73ce32579353ca87264cef5105bad2658fdc149c507b12882af4c1e39648395e08ac8c72f07b39d909f54900cb3574b8f4e5e816d2db125ef53436e0879371fa1aeed3c49489ace5c6020b8d724bf2caa06d23871c574ebe1423b6732de7ca5a464b5aba7dc5652411db1e7f7aa94229688a764a4f66f3f0bb50263684185e3f001c329af60c361aac21d59b6212077ed4320a262f582101542013c954f77f535910b029b4bbfcace1647663e54738a6c64034745e97d689758c88e38b6ff0033e5a9c9e45b46eada66651e99ce7c9af0390a2fc607bbe58f6ad3c01720be4e4002b306a6299e371968ce3ee3834a9472323203bbb7b6d72ca6d3eea3dcb20dac0d2d3de186d636701ea04ea1fc2cd7f365732a46e72847e99133e453300a78f03487ae6f7abb4c9eeee0451dcc2c1088c638c77a9e5068be86a6b663af16f35090acb2923278ce2862839c49f4dda7fcd2b3920ae0f0b93de8e3e4c8c328fd1171792d8f45c7aedbda2c9358c6e021703daea0739efd871543877c13d8fa269fd9c37a074693aa7ad6c2d628d8426e3d4902640519c939fb0a2ce592e30b67eb6902c936c00958c051fb56330b84623195393e45618176ec7804020fcd78d03ea5bc5b3d3dcee00ede0106866f08d82cb38dea7a8bcf393204c8ed8a5a455e017f31b860102b19a8a9ee31c6692c340735d2135e483c81cb38c1a38c416c025b8c1a2c0193e59c1c569ec966f2476af18ca8cdb4f3c56e0c22d3835acd076c1349920d33d08be6a792d8592ab9452b8a03c0263543459090769932a3722a1e545b4574c91a7b7b940a338ae5fb4f25fee2c11bbba017db4e8d6c5ca4676f6e89638a7a812d8b2cf6caef2c109ac943ec3ade0776f6e65e7c54d3b5446f6c84131c181e690e4e42e619673a641079a559942e11d8fadf54d91633cd433726cbe29600af354dc793450a9bdb0653c0baee4f55320e6ba154122794db33f7d0eecf1557546c26d00dbbb42c700d6a8647f72cb9b87997835e5524cf767828b51223824d32515827964672a07404f7a42d0a793eb28b71ed9f028933c3b5b11246091e715ad99910eada610e4a8a6c2580932b8ed59221ed341296c6165bc2c58f0696f4634845aac72c336e507da6aba9e85cbfa186917724caaac879a0b6580521e8b12cb93e6b9f2b72311956905bdc3b919da0b102bb515942e4fe790fe9c82da18ad64d435086dbd85d5550bb0c9240603b77ace4ef490543ebb35d059595fc3ecbe89a42bb800a4e476cfcd72b97c89532cb8bc1d0e3fce38423bffc38d46e2679d1edae57692044f823ee0e2abab9f5b4941925dc79396648c7dee8f7ba3de08af60688b72bbbc8aead1742d8fc1e70736dae55b5dd607ba3f51b698e8b1c4303e3bd7379be9beec5c9b2de3f2fae12415ad59eb5d517d1347bade13f5c549c17c6e3c5c5ed95722175d8c690c07e1dc722a8b8bf93720c9e69cf9fd5e7aa33f09786caa1fc3bb096e533396c7707cd22df589a83ea867fa7c1cb66b6dba6f43b58845e9c670304e057165cdba6fb365bf8d04b0903dcf4d68a9fc48ca29f156d7ea16a586227c58e72636f2c962bd7547ca78ae9553738e593f549e077d3522d9452a93c9f35372b8fee34ca2a975580b964d84b77ddcd2bd8c036721c7c0ef4373f95f6e066b95cbf8cf08a2897b8b2c796842a9a924dc8738a5e0aff00c5adcb32190023c579533f38279591ce063d39aedbdb4922bb80ac7826be97d2e4e31c338fcc5d9e833ab9ed6ff469c2c8a4ec3e7e947cc586a480e3b699c7fa3ba966b0bb78dd898f38fef48e6f11590ca3a554b06e64eb58963db0c4598fc0ae4fe1e3c8fed92c1792ea91a334073f6a183e9a4cd92fd95bdbc8b26e78ca8a7f778259e0b65dab096c0cd3aa6226c4af66b7138246734db2dea82ae4c285988d08c5472b3b1b25929fc9ac8e3dbc8ac527831686710f460241e6a6ff00b82f7b028975292de6f6e4027bd5d0c246b9f6f26b345d543c60c879351dfc8c0b8ad8ca7b88e55e08e6915dbd995c7284d7f6c8e72871f6ae824b190d4df8005611c807c507768674d0ded423a926aaadf6f22673ebe02eda08f7f22ae8d6b0496db263eb3b5888f14714b24339b2bd4ada3488924014c9d69a02126734ea1ea3b3d2a5650c1dce4000d671fd35ce5d9153e4a8ac181beea6bcd4252b12be0f01457d153c48417820b39526f47b6dd33a96a2448e1d431fd2c39355c5a5a229b6c6f2f4dc9a7d91f5400db4f73de8fc8b39d6af38925daafb883fd2b7060dfa27519b4ad4864300e464af915e6824ced5720cf6a929396dbdf3c1a54838981d65664b82523083e07734b4c7246735032c215c2ede79c8c93471918e237d1352f726c2dedc642f1fd4d362c5491d4ba7ba9a231881b77bbcf7e29aa429a3530de074070003c807935b930f26952553cf02bd947b026bd3cfb5970281b46a426ba9595b2a0ee1d88f14996c7475e455d5fa0db75f68325a3045d4201ba127c9f8fb1a38bfa3251c6ce4dd0fa0cf6b16af6f3c4c922caa8411fa48cd79ac95f165e47d6fd26ab2069245c771c57ba2297d9fd11d1b40167ad4c8d902394e08f23bd0f5d8515a36bd3dad865b8d0b508564d3ee330bae7f94ff00bd639b4c6fe2c6c8bfd9a9fc34fc3487a22f353bc8834aaede8da3b7ea68cf393fd71fb531338b62717d59b96b7951791827c9af00790ab2b7bb04fc8acc9e0e8197079e07f6ad46331bd77a9c89018d1c8c83d88e297631d4c4e4af21de7273f5a1c94e08b4a71906bc66006799c7f31a1c23c0c2724d6a89ec9f12cff38a204a275ac6c2c1442487a1c99d464b8095bd91eea2ebd620f15b93c903c4ec4f359937058ce57eb4b930d23d13802912617429924ce79a03300cc4935a1e09c2e50f14b9ac8c8686705d9dbcf153b82298c885c6a07b0a0710b22e9242ec4e73580b44ecd59670769c5659e01ce0d8d84a0c3f1c5716dca66a6057c199b8269b4c90dc651769b30dc158f34eba1f1ca17e18da4936ae476ae6a8ef63e32d004fba43bb9a7ac2324b21b676ad243f342edc303a945ee9af1afb8641a742fecf07b18154964a14851822aa8cf01259038ad4990afc50d97e3c1442016b62518122a6fc9614ab5827228c0ef4d53c92caa1869b6c06188c003345db4038e06b1b0008c8ad5201c181cc8923fbabce61c60110d8473aed00735996cc968223d0f683b509fda8b0c0ec845a9685bae0a95faf2285ddd50496767d61a3fe59bb7f6a9acbbb04a0375b704015376616119dd67a63f316a5f4bb6b8b87b8608a554b04c9e4e6bbfc7bb599997c17989a08ba0b4ab7f405dc57257d1dd23ede01181ff9a6c3935c9e5312a38894cbd3fa3fa9eb5a6a260687d91b03dd7bff00bd3791d2c8e25e03a20e326e2871a5c771791e209d264190495fd5ff00df9af88f508574dae28ef52f30cb2bd4b42b2ea18ff237c443b4168e58b968dffdc1f22a9f4bf515c49b6fc311cee27e44525e5190d4743bcd02548a0d304ca07b6e721831f9aef2e442f4e5ee79fa399edbab4a04acae3579255de0a73f152aa2883cc5e58c9ddc892f1a1ab6a05ee6383d56673dc50de92adbc0aa7bbb5293349a4e9915d5b4c5ce24eca477152f0ab8cd3523a1c9b1c5aea64ef6d7518efe48cc8c541c71565dc5824ba8aa792f2d3088ec25bb68e1deca0f1dea2b9c6b65706e48d269bd17a7b1fe29dec7be69f5f31b7844b2ababec686d7a134d8e2608393e6ba51adc96724eefc3f067b5be879ad14c96f3861dc834bb2128f91b1946c5814d95d49a7aed719dbdea2e4531b1647d5538f80d3d5f690c4dbb838ae7fe14fe864a68c9c5aaa5d6a324c8c7693f35d254ca35a4d1cd924e5946b2c10cd0024f18cfdaaaa21844964b667b589f508fd611cd26c391b73472eb27866d6f031fc3ee8317d64d7b78f82e78144e4ac7d623158e3b3763a22d9211f97c161e6a5b7d3253da61c79d8d17da58cb68c11930079ae25dc0b6b965952e4c66bc8c64b48a78c86500fdaa882d619349ecc9f51da49629b941294ead6c5cb607a4a1917d5607e953f27f432a5841a6033376f352263728fa48845dd69a9e4cd0348e76900f0281c70c070c8bae2113300bdfcd1f7c23dd301769135ba1209e2a0b7e4c38a05975ab8b797dfb82669f4d68a578094ea08655c29c9fbd5b878c1ab0789722460734b686b968d05a21688114d8cb04363d92df2a4a00cd37f2981d328796b7de8c25d8f00734ea2c73794896d8a4603adbf114a07b4b75dcfdb729edf4c57d07138ae5b910cec4b48e613a5c5eb19b06472dca1aecc22a2b44edb66c7a17a4cdf219af6df7461bdbb4e19685cb7a324b0750834586dd17d362caa3f9bb8fde9a9096cc67e246db4d3dd9409372918ec734d480389e9d6667b96694302c720139af2f26b1e59daa4130d8adea21cf078614583c8ea5a16b49a85aaa721bb14638fe8295241c4175cd2933bcc61947620f22a7926531664357d359e22630d803bd620999bb0bc36378d6ec5c2b91edf9a7458991bcd267627712cd800961c5305b375a4ea451421c1ddce73927ff008a2c8181c2ce2e7b9071f1c0acc9b803bbddb4856519f939a5c862425ba419dacc4ffdca314bed818a3915ca658ae03c0fb655e4350bb17d06a1ad84df0fce43b902453baee94a2e3d461f3fb62a884b28ab8b149b125c208593e4735be0bb196421b989f5295c60ee0a08fda85c8d556117c10a35cee8bdb93cfcd0487d51c33b7e8e1ffc1eccbb9dc6304714d8e91f39cb6bdd96030393c32ed3d8f3deb49c11d30c40f3dab0d237573e8c24a9e71ce6bcde0f60e43d6daa4d717a514e157b60e6a79792daa38464031cf7af0c64b76473dabc660a2e086ed8af64d681517dd45d81710e8906dc62b7b1e512a9e0079f142d8c510536ea1b229329318a282e284b28142a40ca2097b00008f229c98bea2b74643c7142e46f53d8d1dbb9c0a4ca41c625a6df8e295d86a883491f35eec7ba1e2a13d856f647ba138a03bb9a5b9a094586ac671c2d2dbc87e0a9ecddce769a060f608b3d28cadee14b93c0cc8ee0d15157f48cd265314d85c3a7b8c0038a86e5f61c02974169973d8fc54f5cbe581ee492243a5e55f7015d88d5da2413b30c28e95b21c31cf15c9ba0e321b0b416385029ce323c52dc5b2a520cd3f6af7a4599412592dbd28ca471435b698c55e4cddf0284f157c2cc86abc0bada5026c1f9a1b16761f843cd91fa6181a9f1b15d8aa1b31732600f34f8e50c78c0da2d35f68551814c73fa24934792d9bc41fe056f6d19192c8a252cb25626538580ab2bb68082d4d4c4591c8cc6b2c00dad8a07649684bac84976b72cace5491c134a94bb1b05d42ad208e62718a5c2b79d9eb2581a5b68a2660476a6bad08f7581dbeb31cacaa202a13caf61433b1e3658eafd0cff003a26f4d43142c701bfda8212ecf067568477dd1d16a53c9f959d637d9ea94c704e7040f8f157b9b9d5af286d57749ed7918f4e69d258dc4c0aa050bb7d3539f03fbd7cd73fb3c391d08d89ac20ebbd052ea34b8b79cab67232073cf6c5450b7ae53192b73a68035a9e6b2d1a697d157910ae41181dfc67e86ace0615c84cd76f26624d5d76a8922fe237f228aea4bb29b66c525a45317a6b72d3ac3b58003268ac939c3a99ed2edd86365d431e9b23166041ee2878b55907a039138636cb66ea0d36e9da55560e476c77aeca5f1f91c857272f88aa4d40cd387886d0bd8570390dca4dc8ef5315188643d477b6a78506bd4d6dbd99724d68616dd7370d208a6711a9f39aa6db2c82f813478e9ecd9e9766bab5a994cece8de45338b0bef8f66c8aebd552eb804bfe87b79466390e6aa54c93d8eafd435b423d6fa26de5b63114080039615d08cea8a4990ced9b79462ec7a7a0d22e48ba978078fa8ae7f22f737881542a4a3f266cb4cfca5cc3b619073c0a52e4b82c485be276da02d6b459c404471ef207f5a15c9849ed83f8cd782b8f53bed1b450872ac3803ef55556417f102544bfee35dd27aadc7e4a36b97cb119e6a65ea328d9d5209f1975cb3569756f201b8ae4d7661c885892910cab947c1e4f1294dc86a6e5f0e2e3da21d573ce18aafe286ee068e500fdeb8f56d95b58d8bac74f4890a01ed149be21291f471a472366b933b30c6e322ed6665551cd5144bb3312c09a397d66dbce29f38e0388c6db4fdfc8a8e73618d22d397660f3533726cf650935dd3b0a70b55519c832998f92d6e1242511b03be2ba918b6857bbb1c69664246f5231f229324d3c154669a36b6f736967106b8ba8d0150579aecf0bd1ecb5769691cae4f2e3178427d63ae74bd3987a4deb1c678f9ae9c7fe9f8a796c91f39b301aefe216a3a84822b5730a36410a7b8ae853e9b4d4bc089f265229d3ad25b78ff377686e7773c9ec7ef56692c213e47dd39a10d56f965552aaa73b5f914b61783aee95611410a8112ab81825463347088b932ebd996d518b2761e0734d485b38f7e224d717d391107119eeaa7fb8a33118ad374ddd7caafea818e48ac46b360da144220e4b95c7b64dbdbff9a3310adc4da2dec77113f2a477f23eb41241a67418658f53b4490e01201a5388c8cb025d52c5558a00467b1c52baec67639ef51681287332039193b80c512d1e7b00d235db9d39cdbca3da7bb13de8fb01d4e83a3f507fd3024c8c0e48c015b93dd4d659ea60ae01563fd856366750a790c8a5891f527cd0b61a17dc9672aaa30a7b5224f636251e8217f6eedddc935ec1b92322bb21c28564f70f9cd12781fc7b1466bfb146b36ece8b2aae463c53b275a31d99d8e564bd74519276e28063d1b2e95d30ea3a8448c4ed2f9723c28ee6b7cb176d8aaadc99d945d45300224daa802a8fa0a7e727cbb4f39649242cdc9ce0e3f6af18424e4e078e7358784dafdd7e5b4f77efc1fd8d649e10708e65838fdeb34ecc6462c727bd4aa593a18c213c9161c815b930b22b70473e6bcd9e48ba3d28487f4d2e530d22f3a4448395e7e940a6c2ea2f9a1f45c807b53548cc025ccfb57028bb64f0225c166a5c834c6b6513ca3205233b0a48f6f2c1b19c1a3f70051c8a26b162d5eef937a60aff002eebfcb40cf22e44c2fba932781f14533c008c8149f706289edbd893c915ae66341b1d88f8a5399e1958e95eb376a6c5e44d8c770f4f2eccedc9a3d12f7d845bf4f9049098fda9338b7e06c6c44aeec24882955fa1a4badb3728f6d2d1dcfbc1153dd0d6c2ec378601163cd4b425d8f4a7a0996e605848381c77aebbb1463825716d99f9af048ef1af23c1ae64da9b1ca0d2125c2c8b3838214d14a2921f536f431b53b54fcd4338a656b45377ea02581349947057534f428b873270d5e8bc143485ef6e55f70a7ab054a01b14cdb4273ba9d5a4c966b068348b56501997ef5af0d899cde0d0daa2ede45266f62180ea6506f1f35ae432b8e4422cda56c80702b3b953780a8348797dcdc0a6f6de10b7203d474e9e31fc3563f5146a3f60640122bd8c0f637ef5928af21c70c79a53cf232e411e0d29dabe80b6b4741d3a3096eb9ee68d4b273e4b0ce6e859484472a0f8071fd4d4d8cad9d6c17bb32498e149f706ce735909a8b4c674ca2f1ab4969790cc1f0572bb80e1b3ce0e3ed545367684b1f5b156578716cd3b08b50b46bbb6291ccc9c8180734b9c637c1e3c99093ae493155af502c76920827864750719618dd8ae3cb8afba53459d93f028d47ad6dededa1b6bc10bcf8df37a67dbbbc0c576383c4e9394e2b5f422f9656de0c3df6be25bc33c0b85f15d47c7528f590b84d465989a1d12f9f5742a90336d1c9038ae5ce89553c1646f8c903274eea77b72522b771ce32ddabab179c2471ad8c9cb23ab1e87bb12149ee228fc139a64a1d5ed8b854fc8f22e89b2b64f74cccdfe6152d90ab3991646724b0859ad595a69aa2387f8d20393b8e314b8d6a4f2bc14d73696decae0d57a79d155ec7d794704a8cf344e492f9441ccf3a66b2c3a82d6dd62b582dde157e028f158f9f18431158133e24a7f3930cbd6d45d710b041f24d7327cc9cb713d5fb4bf914a68ba85d2e67bdca9e48a2ae9b6df2cc9f22a86d215cda4594dab47039f5703dc7c55324b8f0db0aa9bb53780cbce90b670ad65218587c57a5284d6531d1935a65c21974d88fe71bd418ef8a8dd2dbc209d892c955ddad9eb3a639455dc3b7dea8a17b72c31164fbc728ced9eae6c9bf2b727630e179c55108aefdb0264f30c649b49adea7a92c76971e9c207eaa3baeaa13df902354a513a1e8d6b770db04ba937bfcd531b9ce3810eb8c5e4faf2c58e4e335ceb28941e50f8c9496183a44635e411c504a0da017916ddc526e2573935cbb38f9d94a9604f7f6b2ca0e68a98f5679ec0adad0c2c3753e4f25108687f66ca140c714a8d09b025a096bb8e31dc551f89a12e40aef1dd1dbc734ea78c93153902de45a7e990ef9ca8ddfeb5d8e3f13bf84476d9d76cc9ea3d4437ba58c24ffdc6bb1c6f4aae2fb4fc9359cc96311135c6b5b1f174cc5f6f9fd38aeba718ac221796f2cca6a5782791954f04fc76a072089e9f6c1e749012d8e78e450e42c1a649e79221102d927f992859a8e95d0d602d61258e33fcbbb70ac4648dcc48aa32bc53521603ab12d032b8e00efe28d2059c9f5801ee5d576211e335a8f60ab48d16396f41907b8f20d6e0f64d64da5bdbc244793918e1bb7d6bc78caeb96acd11f5010ebe5450b3514f4cea5340cd03b642f2bcd0341a3631a8bc87732834380b22fbcd13d489d70467fa1fa57ba9ec9cfba87a3da0569a38ca7278c9c0fad7ba9bdb22ad2b535b33e8cea772f638a16144d6699ad2a79cece4027da3ea6b321751fd96bf1c8843962a4e02a0ef9f19acce4dc606aeb1bc2c57b91c67c50ca2be8d8b288a4f476a8ee4f24d06701b592f091b3330193e73e3cd61e03ba89a45291c25d586420e587d40ad53c1d4e2df17f19bc190ff0007d4ee3542e9617063e141d840cd0bb77e0eaaf671b9a3a7f48694da4c2649ff00eb498040eca3e29d5f9cb383ea1c9567c2bfe28d6db12ed8427693de9e8e53d07c2c51f9e4914401293da0f3f5c5660f0a35cb58e4d39895273e3eb436e90cabf91ce6eb40964cbaa9cfc015164e8ada1449a1ce921dc36fdc56391aa2116da04d210148c50b99ec0dedfa72441ee392478a4cec34a750d285bc6589342a612663f521b672abcd35331b236fa31ba1935aa7802522d1d2ce5c1008fb57a56e81848d069da2fa318522b9d65cf250b65d75a62053c8a9df29e46463b154da64610e0027e6a9e3dddbc9b6217be9841cede2ab94d1364ba1d144a395c54765b81d19123d3a5bf4ad4f193931bdf054da24f19c04269ed333ba1a699d353dc105a3c0af42b6c5d97a8ad1a6b4e9afcb01c53dc70472bbb0e6db4e48c0dca2b618fb13293084b784120018a6e8152651716114be0628956a46f7688c3a5463c5059c54d60df7995de5808e33b7bd4ff86a2b28df79b664353f516531e4d72395269e0e8d293590686d8e738c54ca781ce24da059db91da9d1f99e8fc4fb6046d94b9c1c50ced92f9ed43439fa548de58519e18827b53bc903cd633a109e51535b31f1589879c8558e9ecf283b7915545e112da6a12dbd2b604704d046ccb21920a45f4e3f8e283f933dd45f2c3f9866e33cd6cdf51d009b7b10b19e3934986652464e43bb1b0b76b5562013f15da8d0bec86563458ba7dab901c29fa7c5595d31f00ca72fa17eb5636b1c3ed5503e94ae4d71510b8f29390bf4b860203c638cf35c89578d96d926b4cd4db9c20f8af27b2192396b2aa3ae09c0ee03738af793aa83dd44db461803c0e3b529c5ad8d52582170a4460bf2a183367e2b6878961fd8363cc436deecdadb48ebc2853c67e9498ac4b1936586b2cf2cba760bfb1c6d552541271dcd57c5aecba6de7c097660c8eb3d1cf0cccde9b71e6bb1ee4ab58c19ed29ed8a93a56e66701381e687f2e2bc80e8927a3ab68b1d9e8fa6c5696823ced1bc81c9350cee7e4f42b79c07c7313dbdb9a965ca97d07ed918a28e60dea0ce49e6932e54b3b35c71e0f0abc6d8590ec1dab1db26f41eb073dd5a1b8d4efae672e441bf00e719aed53774ad444fb799648d8ddc76ce90c56e028e4b547c94ec7a915c128472d1b0d1425c4a2ea457da873923bd4d2eb15d6464a4ec588f81a5df5048f2882da1201eeede0503b2b847e2057c458c8eb41b792ee195e490900e335d3f4a8662e4ce67a862325140f269e6dae5e548bf7f26b99ea54db65ba5a2de2db08c3057f9b646f702a4541184e2569c583ead7bf9db410afeaf35d7e249b6bb1172124b42147b981d52220293834fb7ae72055b8844fd2d15f7f1e7ceec641a62bf1110ea4e47d6eafa5fba30c429ae1f2232b27db274abb2308f535ba5eae2e6dd5f751d1cb941f590ab294f686716a31499424135daab94a51f911594b4f4105219e3f1fb556942c8e11366517b16490aab9535f3bcbb1552ea7420bb2c83cb6719078cd450b7b3198043a52ca79146ed69e06c6784425b136ea760a7556ef60c9a665f575bbced424e4f8aebd328b44d3019351b8d2e12cc72de01aeb71b89dde48eebd450a1e7bbd42412de12541ce0f8afa0aaa8d6b11472a737229be9d23766b70e8bfcc32314cc838333adcdeecb16938e0f7a1370265971197550c7ce4e3fb561e0ed3191670f237b4f2554e335e68d46eb4ab086f427a573242d90421e7fbd635946e4eb3a159c705b276071cfd6bd140b63a0e81307fb535216cce7515b4cd0b1b67273c9f7631ff009a330e5fa95c4cc585d41b9738dc84122b0d1b749a87941323301f239028902cde3421942901811fd6b59e32faf5ac611d4aae4f8f914a61a30e6d8433e5320678f7720ffe2b4d34da36ab244023e55781c50b46a3476ba85a5d36c5970ff038cff5ac4cf347d796f6f3ab2160e08e6b5b31183ea8e88b69bfe62d008e55e7bf7a068645990b7867b690ab765fd5be85c4352195b5cdc46bea65805395c1a5b433269742d758afa539e09c649f35867fb1a9409305c76ee3158d04b251246f6e9b81e5ce79fb5049341c76571fab1df6431c95037502ce43d343d824959954fb768cb5362d8a61b2079255452c011914d17934567fc2871f233fbd3a226410920c2f704715b9049b4bea32a8073d88a3882c3350b00f61b76e08e714a9ed055bc332b2583166c2e2a2674d49005ee97ea15caf39f8a54f41f74116ba46c0081dbb52c5b986a69c517dd5e71fd80e627d674ff55080285e8f2933017da148b3e402dcd6a90f1de8fa4ed51b863ee2bcc5cc6ef642250702b24d342d02b96507627ef51595b653192c01cb6d7539e781f6a96ce3b5b0e37247916952364b02715954fa68394f25c34a538cad3677684e0b21d3d15f1e292a5d9ec2438b6d2d1d785fed575500253c167f83a67f4d325a03b646763a7c70a824014caa44f664bae8c48bc114db1a022999ed4f565b5270d523b3a8c55362297aa8a67078a44f90dbc21f0a17d9f27568e32fcfdeba3c69e56c4db5e3c0c2cfab2293209abbba26e8cbe4d7629d480c2a3bf910498c852db125dbc5249ea13debe6b9162948ea509a4423cb8c22123e953c60df845195f6513b9b605a442a3ed56571e8b612877f02b6d4b7dc8db596b5243e34f55b198be478c293cfc543286368c8d7964e2b55939c7140a49bc32870714426b2456ac780e2b41f6b68b1207aa92cc4967a6142557648c7934a841bf02e6b1b1818947069ff008ee2b223b65918ac63c161c79a8a73cbc319b2b791609307cd554430f279aec82aca3695484271deabb2e705d913f4fd971b0909dc18823cd32ae5765a3cf0b466752bd64b97b79589cf6a9b916ca4f65d4529c7285d6da83e953ed949d8e7229339a92d0f971fba34d16bd135b2e18038c77ada6befa39f3a1c5e0e756dad42b7260bacc71f6f500ff5aa2de33f301f5e52d9a4d3e24ba512c12c52af6041e0fef534ab978904a49f80c8f4a17aaca5d90a723f6f1497096f1a3d29e01753816df4c94203c2e393f5a929cbb16439cb28b6df5682ca2549723080e7f6aeb7a7cd41c9316e0dac9e4dd4f652aec601c1e093e2babefc5ac333da9f945b6eda418b31ceabc7393daa77c5a24f39d9aecb1794550eada59b916f68c18ff33f8a47378b88e607a129379635f5d63452fc93f1dab8bedc9bf0394727d65742556db838346e97f664a20fabddfa10388bf53707e943fc5e87534393df83377c61beb18e389bd2643d879a6c6e92de073ae317803b5b19d2e018537a01cf14895cb196f656a316b0fc1bbb58556da365edb4657eb4873ede4825f17848a6e005662c067fd28e15e4ceefe879d3daaa456e2ddfda73c7d6badc1e7c62fdac1cee7f0a4ffc8878645738e0d756725239904d109ec61910b3462a49d49ef03e364bc64c76b718b59098c119e2a6794ca33906d363fcc4b82322b259c1be0d641006b7098ed49727e007e4ace9d110caea30696a2db31cb227b9d3e7d343bda9254f38a25c272792887230b0ca74d9e6259a462acd4c71e9f11bd7b6c6d06a8f67161896e68ea938f81165392ffcf7e60fa838ae7fa8d329bec3a85d5619724a2502b99536b41ca2151a003355c63d993c9e0f9edbd61e6ba34f13b2c8895b8116b93e9da4465ee080f8f6f1dcd76387c2ed2c226b2fc2d9cc2ff583aacee675f4c027603f1f35f55555edc7073273ecc58f773336c7c9dbfcc9df14d48067c74f7b91eaf2abdf8e735b8313163c26262de986ff00b49c66bd83409ad448e592da55623f4e739af60f64b6cf4d1eaff3467b9dc303fbd63351d07a434bdae1c48d20cf9c607f4a59a756b1cc71818c7d68d00c384bedf268d0226d76531dac8c8ac783e338fda88c393dd5c5c35e7b9d1816ce01c1af1a37d1a410cacd9383dfdbc71f6a340b3776b3c73dba9c83c7ee2bccf6041af234ecc98503c63cd2d868c44d1b2df2a320dbf4f1fda853098cec616cb2b47950786c77a36810a51347bbd33eef1918a5b41a635d32e3720924fd638208ed588d6597820bc455c1dc4ff282735b93302abce9eb45818a4681949cb1e715e67919abad39c960fed03b311c7da818c4c5125bc96b32edde581ddf4a5c9606c59a3d0fa8a5520cdcfa408503cd2f21e0d75b5c47a8c2aec0703207c1adce4cc38b094880b92e40657415ec6cf37a0db709bb6952c48f1e68f02f234d9bf6ba86f6f8a660587dbc982324904608f144982c37d68c2fd7eb44812dd3c192e377181f14cc6801ecabea424633c52a412d19c91447232e3351bf254a7940ee03372bda9730d3271ba8f8fda93d8f34cb249c30c56f640f5628bf6461c30cd22cb22bc145706011d9452313b4126971b439470109a681fa7814b95e0e0b1ec3dbc8a0f7cf752a5d303b72051c6dc9e71094d25147614c7992145535a4511f15cbb60d4b23a0c5f732463818a5e47240d1b20619c5574c326b438b6ba448c6057423a44f2893fcea16fd54ab1e4f2833cb8bf0b1e55a90e6d1e55e44173ab3bb950c6a79f29e70590e3ac6459796ed75c962695eee46f4485177a66c462a09229d5b5f6226bf4267d3a690965247d0d58b90a085aaf244595e29f6331e6913e637e0d741ace96d0e7bd706e321478a4c2b95b2d8136a2b46d8f474120194e055cbd3e2c9bf21a185b74c430a636003ed55d7c48c578172bdb11f53e9109876845ed52732b518b2ce25af2615b40685cb7393dbe95c44ced3b93453f929239f3827ef5b8ca3d0921ac598d0678e2b9b655252c96f74d157aa669c28c9e7c51421260b690f92c9cc4abdcb0e055f55525a6732cb16724ed743b83743c605595f1a59116726381b4fa249e903b8e455d752fdbc11c2f5d85d3c725b42beeae1ae1cbbe59d056c5ac0bae47a9ceee69f638d713d0ce43b4cd422b65dac7f7ae5be576cc1fd873a9f90fbad4556d1a4898371c7352d4efaacc7d1beda9994b7824bebb6b898719ed8a772791fa2f8454238443a8acd24b42e001e9f39a4f16df961850934ccb695712ea66486127747fdebafdd55b6658bb6c4b6ceb717b22480ac68bb89618cd756d84a11caf2736372ce0b3a635382d35290c92e2066c28ce07deb5f1a734bf625cf6da3a4d96a36932b08183bb0e4e735173f8ee0be4157202ea09447a73eefe62147ee6b9bc4a736a1ede519ad46e3d6b856dc0220c60f638ae9a51ab41f47816ddea82590c5690891cf720702bc97fdd20fdd496115c5a6ca10c9737382dced070056f7727f140e73e4badeea34c468f9c7f94552b51f90d535e12355d3da89bb3e85c49b23518c93c9a5f584bf8b16e321abd9087296f30f773906b97cbeca58c94d1d71b03b8126df79c81c126a3f666f6551b231d0ba092d1e4db8c0068fa5b18e112dd3ae4f2d8e206b78a3262700e2a1b6a9e7e483aedfd138afa6655894ed0c7934a7171d94f58cb6c3a0b29ee1b2edb97c1ac764dc708f255c4220021d463b7017279cd55c3a9c9e44732d8a867f669ed8fbc678afa6a967c9f2f361c0ef207707c556a098bed804d4f448e6818b2f7159671960d8dcf3a333a5d8c96f7850afb7350590c68abdcd1a58e0318fa5452833ddb2057d7415c2835e8ad9e61305a1ba8031ce08ae8c1a4814f625bcb2304a428ae65bb91d3aac582a647280019e69b5c59b29a0ab6b691d7b60d3669358625d9863bd274d2fcb0e28f87e9b09ed91f2797d7c0e1b4c4c600ae84fd2e0bc2225cb93f2582c0471138e40ab21c25188a95fd99f9f3f12b569eebaa0db2bb2ac431f43cf8ae8f0ea508e44d926c4d7f342e912a36e900f71156b42911580b4416390076fd8d6a479b1841a51b555ff0099f711ca138a130a2fe1591405708c38e3073ff8a23c0661bbb68892e9b7fcd8e6bc6815a3c735ce1e42d8f38c50b351d43a32dd1630cca541fd23e6870799bc8321405fef44084a2f919a346016a7bda165078c569872cd674cb87b9671260e720eeaf1a7ba6dfdca0db3342e01c60e0d7b27b06a74bbf8e342dee5247cf15a612b89d2e32142b31e7e285a3726635cd3d81f58f0473b97b50b580b24ecae43c6155959863396c51a60e06492be4c6fb48f0319c5799a8af7c9bfd84a15e725793f6a5b41e46705ca6dd92a609ee0509e3eb88d64562426dec33f1f6af33456f622e812701771c0f9acc1a989b51d340558513dc4e682486c580ae933dbca8c833b465811da94d0c8b347a649e9db12f956e0e00ec6b52333b3436cac645e7d8aa066b5231b439b4455e42e48e7eb4c4258ce22ac063028c1233641057008eff5a166a294b82ce63ce0679a38a059a6d1adbd28b8e41a6316346c888e3be2819a229c7bc9f39a8273c31f14072b0a9a5694460052170deda8adbf03e305f67befdb861cd225cb580956072db963f5a93deecf455e105da59ed03229ee7844d37961a5553e2a295adbc1e481e6942f6af7761c604e04328cf6ae971eb7259626c9a5a3eb846453826ba0a9c22773423d4599149dc6a4e454921b5cb2209a566248cfc5731e995a0685e7f570c0e2a985f18a198ca18096655c0269cb919f02651c1527e61df249c504afc791b14b1a2d9bd411fbf2296e6a6b40a8ec0ad22124c41f9a8a7536f25aa5843e8ec10276f148727016de4a5b4d8fb919a2fc807ae41a5d26091b214668ebbbbe8c945c4374de9e858e7038aeb71f8f1f2c9adb98ead6d23b020a818a65b742a64ea2e63db3badebce38abe8bd4d6496dafab2e92e542e334f76214a2c43aa5b0b96fa0ae4731b96917d1f1134fa78278009fb5737db782e53055d137b648ac4d2f2363311ebd13dab88d47738ed49938cd96552d6461a2e9eab1891b1cfcd5bc7aa29125d6b6f086ce3d20181e2a8924b64ab2f45b0f50dbc2e548e6a88df1426ce24826eb5d5309017bd05fce8242abe349b155c4feb40322b9d77322e3a3a55d187b155edab245ea06cfdab89ef4a72c33a308c7c1edb69ab3c0b2993fbd0596283c0b945e42bf2ab0a88f7641a57e4bc60c8c3793e08a8bb54631524e4dbcb285216750c6d269ed12f0ce3154f09273d83db0c59d33a426910317e59ce41a6f32fef3c21ade560e3baade9b3b6f46390ee7fd673cd7e815625b6702e5d3428bbd5ca243142795a7c21bc887669246bfa47aa67b0bc5331263615173f8bef475e465576f61baef5b5d6a37b1c1691ee447dc7e2a6e3f023545ca6f6325c87dbe2820433cf1acb70dcb73b7c54f6dd4c748aa2ec9ed96adc9851228e2c13dc814894e325943a15bcecaa5dd23156279f9a5a726bc94e6317816c172f6f7de9a296dc71c550e0dc3629d893c9b186c6454572b80403dab98e5b1d1b130e84ba7e976159d43c92966db19dce4e69d159136c94503da5a062cdfdea848e5bcb655a9ee8c2411361e4380456c6b8b7968a233eb13456b633db4118277600c93e6a7b7895cbe83af9524f43eb0f5678bd3cec18ee2a2fc249e11b3e5496c3ec746543bc393203fa8d74e8e2758e882fe639f91da418033deba0aad10b99744046d935b1d331bc85348258c8aa7be502a3804b6d32333fa8451438b196d9b2b1a0bbab6548ce314ae470a315a3d0b5b31da959ccf7236038cd70a51ead9d08bca353a526db30ae3071589b604b4c12e2c9669492285b4b6c6f665f69a4c6472013f5aeb709425125bad964f6e2da3b57ec05727d566ab9e86d19920bb19951071577a672fac108e452db0d8ee95db06bb14723dc9124ea71591375a7501d27469e684a17553c138cd7532bc2274b2f67e59d4f51babdd4cddb1fe248c58f3c0a7463835b0c836cb099a6400fdcf346611b355ba9c29f6e0e38f15e3c68e767b2b4568e10c54637391cff5ac330676eefdaedf730589c7f978ad08ae43395ddea315fab66b412ed322f5a52cee3e8aa0e4ff005ac68dc9d2ba5e6291aa8d898e300826819ec9bab471b33cf3e6bc8f06a3823be7ee68d02caae4afa670a1be40a230c0f50dba3bfa884c673c71dabc6a3293868e52cccac49ee01c7f6ac087da3c8d22888f20f276f18a24031bc88236011d1f3c60b6e35e68f2156ae08848925e5f801546050b590d19a85a5b172d1b02a79c3303ff00d158b46e98d74dd5d0a8dce8013924b0e6b7266029f52316e78cab807241f9af1e271ea4837348445818e79fdeb1ecd2f83548ee036f937f19551418372308e446850a2aae7ba8ac68d4c06ea091a785a25670d9dc40e281a0d30a6b63b94b2a924633f4acc1a996cba52bc4191b276771ff00dfa57b06a9b0dd3ade508aea4e091b9715a9192791d4400c120ab28e31ff00de68b00e42a372794c0f90c3bd78c22f976230d9145d4cc85e9fa665b7bb30fa1ef458c0191ddb4cd07b472287b33d82f9eff6a12791fd28672eab26c63978125c6a113f0adcd72acb1365f1a5a05dcefcf715338498e492d1ec4c15fddc543741a61a0a2c8cb9a99d793c809d807ed4b8d78635ec25660a9914db1e50a50cb039ae0b3d4d18659474c1141b88dc6abaeb4d812781d59c436577b8f04a2732d7b2abc0bdabd6d891908e441a846afdcf02a5b651687c2381525aab1202f15cab309e8bd4745aba70ce76d457a6d65075eb4077659240aa3b5171aec69873ab3b3e17c2d947aa302aab25d9031acb6ee7375685a24ce478a442cc04a187b17e8d6b74f313247c51cad432584b4698c32220e2a6947bf811dcaa68e4d84e0e2932a25f6146c5928b742ce73f34da9740ac7943192e459c595156ae5ca2b44f1a7b3068b598e43b49e4f8a9256cad637da5119db5e8031baaea796abf8b25b29c939e7693f4b62ad7cd5814a9c1741875c1e68b2a5b4634d32256205bb64573791c850781d04dec1eda78e576031806a6b212b23988f6baf916eaba3a5dca24c8e0e7b51717872ce646abb1a029a58ecfda476aaedcd632b5dc4fa9f51310628979a9df2252d15d7c64b6c074e5ba96e55e5ed4365d85a36715e071a8dec56c6353cd48d3b1e454202dbdea3881f4d41047814bf61b2bae9fb6089aebfa6639bf4b76fa50d94a86d14fb29bca353a25b0fc8021f767915c9e45adcb02ae6948f6eda242a8ec01278a08e702bef280b51b87b68d7d101a6660aa0f9f9aa29ad4dbede006f6557c3d58bb67147c66a323270cec1917d50003dbe6bd747a4b23612ca38a5af4f5bdfe933ea5a81be68127583168aacdb9867b135fa1c6ceb25189c3b23df2d90d5bf0d67b6896fb4c92e6783b98ee6209281e4e0120d6c3d468767b3db664b817287b8a3a29b4b19a54291ab12a304804e29f2b12278d6d8cb43d1a5370db473e6a4e44b287575b4cd5bd8c90a81276af9eb53c9d5849630476246a493c52d26f48629e01e3b4b8d5ee92dadd4aeeecd8ef5655155aecc8efbf3a47ba7dac3637f3dbcd832263dc69b73738a6818e718360d76d20586083700002d8ae47b4bcb61c66d12f4770236f22bd193451194989eeed26336724f3fa6af84e38327072f21b0878a32a7be291dfe43151151109d4197585320c887be6ba7182e9944935bc23570f52c120c061cfcd2d56d8b50d9a0b5d5a3454c91822864b014aa725a34563701823f835455258d9cd9c1e47111565e2ad8e193b4f2057f7d1dbe72c33515f6756534d4e40b67ac872fb46ec0adaecfb193a0f6d35e91e63b6190a8f38ab68e4b5e501671d6021fa8164ca9eff006a57239c9e505570a4590dd5bc8c15f193e6b81c8b567653f8d34b47d7fabdbd8944dc06fe056f12719cba99eccf1db0110c8b22ef5e699c9e3b517d415e70136f2b0353f0a565727932cad303d4034d30e68f9757bd2591d4e208b922291e3ce29f5f1fdb42e5252647130c9404e0559c7bb12c217641491c93f1675db828ba7b868cb1c8c766afa1e2cfdc5939d743a1cc64b795e0f6c7b78ee055e9689bc8545237e5bd2589f238393deb4f174137e5886dc232079ac3c0fa8dfcd718e5e41f41dab19e2a40ac177afb477278a23c597974980a918503c87c579b3c59617684e37fa631fa89dd9a1c9b8353a05d9b720fabb973fe522859ec1d3b4db8599149208238c1ef58998d0c9640bc8cd119825ea295cb0c1fa512666049acd824d0390ec99ff29ad3c730d755eddd93d46da0f248e2b130be89e897ecace7d55d83b976c0fdbe68f20b4696da4cb09243b94723031439348ea11a5d3652de63c73b568d2c82de056f6a608c3342edb8ed54da096ffc51f507b075af4b1bf02510fa4e063da3b50bacf7b81c7a2665855502eef393fdf359d4dec2bbae96b9849577763e3e283a06a62abad1750d2cbc8a498db9c8a16b012792ed33587b7508c4a80c173e47cd0643c1aab1bc49446cc03019e01ef58783eee1ca619786c1523c50c91b160b632c72dd2c41ff0040dac3e0e6853fa0dfec776d0c913e0633feb46806c67112dc154e3e451641c16c718c6064f3dc56a0586476ec71c7ee4569ec8c62291a7f94d636660834bea9c2ff005a0c85829d6607874ff5038dc470a7cd4bcd6d56da29e261d986657498eeaea56327001ed5c1e3394de59f45c8857082c1a48a248c0561cd5f64d456ce6463d9e8aae6dd5b906a2738cf4c74abc22db2b52e99ef4f857110de05faae6d65e4102a1e5355b2ee3d7ee2d03417a24e073522b62c64f8ee25f221c67146a49bc21323d894960464d595c31b259c86d048447f6ae9d73f8914e3b289c7aa48a87916658dad600e5b0f50f6e2822f2836d2229a584e40c52a55e46ab4f5edf602b8a54ab5e184a7b00ff0d59a5248a8654fcb28a559a02d534432284419a7c20f0146c18e8fa688a108c9d87c5142b4fc88b64f3a19c5610db9ca81f5a4ddd622dca4ca6ea78908cb0a9e1c9847cb0955264d65b69a1232b9c5742bbabb1685caa9c5896e63114994380686514595c5b5b01d4f5144b6219816c50cbaa8955556ccbd8ddcd25db38242e6a5a2d5dcaefe32ea6b34c79673c1c85ee6acb78fee6d1c99ff008fc871d52de00448e011df9a52a52d360fb7296d22cb5ea8b040434a8a40ed9aebd765708ed93cf896c9e9191bceb179b51985bb1319381f5ae2f21ab27a3b54f0ba56bb790dd1f58fcbae65619639ce6afe2c9463d5937229ecf087973aaa98772739aaadba308e88234fcb0cccdcde89253ea1c9f8f8ae75b373f274aa8755a0fd034eb1bd919e4da5fc66b6aad3f22b956ce2b4331d392b4a7638099f8a6cfd3fb2d3255cd4bc9e5ef4baac7eacac1b68f3524bd3a7059c850e727ac1ceb5d30dadd318f1de97545a5b3b554df55916c373225c466e23630bf9f8a0ba0e49e0a5491d2fa7fd24b20237257c66be76e8bedb23ba5b157535bc8d73148ac70bcf15d1e0d4a71665534b4c85b4935c7fcc95dd81b63fa0f9fde86cae317d100d6c2f0ccb96e09ef49c602ce011e16dc5a33cfc7cd37ba9e9832863e48e6eba88b1b896d9c9b6573b9962419240f02beba69d9fc764ebe0bb33431e9173369b6fa93dfde44b247944057213c1edc1a9a53ae8938d7059fdff00665729deb3293c0174fdc47a6eb8b705a69addc6c74c92539fd581dfcd32be565fcc0e450d2ca3a6b4da3cce336d04a0803250061f634e97321fee89235cd6c8dc681a36a16ecb1bc8a48e32c0e29528d36780bdcb13d9948fa2fd19cb5e4bb9158e3c645476370d209cdc8bb58bed3b461692a6c8911b6961f14ba14e6da02584b262a689a4d746ad2a94b495bda0f902ba0e6955ed2f23e3072d9d06cee60bc44f43010fc571a69c5fc838c1b412fa63473860782286524d686465d7c805c5a4a27c05c8f9a752f2b635cb2577760f67134ee32141268f59c1a9b684d1e842f62fcc9f6c929fed4d7c8717d51e70497663ab4e894d81b92c39e2b61ca937844d2922d1a3cd1dd2a2b92b9ec69f07ee68d56248dbe936c4c222638238aae1c7d624ce7ce5bc8ee3d3da25c87ce7e6acaf8dd779133b232fa14df74fbcf7224329c7c52391c2729672534f2e10863019a5e916b6a58120d3e8e3a8f925bf90e5e06f041650230017279aabb420891f793c818b5b2de7da9c9a8f354de8ae32b2281756b589230f1291b79c8151f2f86a6b48bb8bc871d3125e496b716aed301b90704d7cd36e9b328ec3adb8e17865bd37ad433808b26ef15f510c591471af838b35d0c28c9907eb9a45f5aad6591bb1b650f6259b7839a83de49e43f7358270b2097d36ef5aee7378479a78c8cd1610bc6338ab69496c44a4cfcedf8d3a8c777d490daa42d1b42092c7b1aef7a626d397d09e4c961231dbf310024da71ce0e2bae440f6b3cb6d233bca081cfb8f6acc9e3d958ea2a5a42300e071debc7b25b058a05f6ce08c70335ec1b90fb5b2709b8c90ed1e18d78f03df44f2ff00d1860651e5077af3340e1b8fcb9f75ba965ee08a037035b1d4ae2791551563407900e284dc1d1fa76eff008299247cd618d1a8497760ad164c27bf903fdeb533085c42aea7ce47c668f00986ea4d0f72b3241b89e7773c56602c990368f6132bca482a78f6d1231b357a0cad7040902e7be5ce49ad4816cd2a59ec8cc8adee1ce3bd331801b276562b34a269137b1ecc7c512059aab7d3e2455750060715ad987cf6c84163823eb42c2c8ba0812e5e6942ae15b6f2284d01bfd1d2ec1dc381e00f342d6424ccadef4945192c8092ad9c77a4b88d52068609f4bbb507918e38e281e8621a4e2eef159bd4118540bb7e39ac69b3c9a1841a6c56b182a46fdb92c7cd660d52c8d20769215e41c71f7ad4cc682544bc11c60e3f6ad33232b4da0670067c8a205a0c3702204939158d98930217525c3e236dab4a6f233181a58db9dcbbb27347140b907eb510fca203caf9e293ca598e0671dfcb425b47b7838000fdab9f0708e91d19b9b44a799646ca8e05239328c9054e62f604f2be480a4935c395cab793a5a920bb2ba64f695c5368f524df5649753f689dd5a0bc19719cd3ed9c6cf22eab5d7e014687147ee55c7da936d5050d06f97293d841b41b40ef5cda26e32cb05cb27de82c4bc0156cf9bb490bc6410dea072990a7eb5d5e34fb400956f39059f578e29369c0a8af93ec510a1e0b2df5533c9b500228eab17d8bb686b61a646c018ef4c95abe84c62572b055dcc2822bb31b1592162a277240e2abaf8ca48f593e8328ece2ce5853a3c582f24d2b9bf04e5b7851095e2936d30c699b09c9bd8a19a499982eec0af9fe4f1dfd32f8490a6facee3dedf35cc74e4beab239420db7e8e4a310a0d36bae517945f3954d61a2f1737170561e7278cd5ebb3266a31d9e5d74c5f060f2032237c57aea2c8ace0f55ccadebec39ba6e15b7508aaae47c57a6eaaebecfc811e5394f1f42a325ee84eca636646ec4553c5e4370c8cb6a85ef29f816cda7ea3a91324714ae1b938ed5b2aac9ee287ab29ad61b291d19a84a3dcfe91f8ee6a79d13ceccfcfaa3e03ec3a27646cad2fbf1c9f3435d6d4b026de726b40973d2b7b15c2b2ce4a29e455093015f1c1aab4d3e37d3c7bfde062a3e45ee1a644e5f203b5d0409649273c1f27cd432e6b7a450acc2d18dbed70697af2450cc5630e0360f15d3ae6dd79fb29f6d4e1b4745ff008a208ed56537098db9ef4ee0f32d93f9783933e2a6f0918ad6ff001265ba9cd9da3eeddc6e15d4949cfec755c58c1e5a124b66d75751099f00f27352591e88ba361ac36164218a32aac140ae55b761e8052965b3eb8be8f4b80985b803b567b11b760e5bf2256d75ae229ae19c1571b40cf66ed4fa6af627ede03c26b28d7d95aac9631bc4ea15540a4d9e9f2937342e5c8517867bf978da32cc4903fbd261c49b961a0276fe88da9b2cfe8231df22ba15716b83f908b2c9e34ccbebbd3f375e95be82ca2b211ab209907338f0d4ce4fabd7534b1bfb0aa83c359d18ae9f7d5748d4e7d1f58be9a6b10a523de4911378fb5517df5722b564161994c274cda7e072347b8693f31684819e24438c7ef5324a6b6592b12088a6bdb5bbded333c3201b581c83f4fbd22c6e0b18031196d0eecaf659100193e01a4a9bce8170c0c6e6ce46b7325d5c1000fb55f29f58ec9d4137a39cead1ff008fea0a0bb0b1b66c8ffbc8aaaa9aaa1af263e3b90e2348b51f4a19107a6bc01f15cf9b704e48b2307158361d2da2da8959518145fad22a8be43c48cb26e03a7b3fcddca456ac5b1dc50c684e7d2064de23da44af74f5b11be6c2b0f068e554a1a06b9765a339d51701b4d40ac009180fdbb50d2a5df651dd4560bed34cfcc411185b8400715b5c5ee47a5626b038dd341b51572a6b2354e2fb1338264151ccc2400161f34ae2df356360cfaa8e1844b7932b831e54d3797cab24f4f02ab8c71b0d4ea07b7807e61c03e326ba7c6f517eda8c9ec44e8ecf4171ea66eadda489b7103b0aeac1cec5944dd2317891ce07e20df69daddcc37313040e42fdab9f772aca65f23b74fa75774138b190fc42dd9278cf6ae7cf9f29647ffa5a5819f4df50497cf249290101e334ef4e8cdc9cc979d54609243a97a96de489a3c838c8aefc790baece47b13c990d56eadef9fd332ed527c715c8b6319cf383b34ca7088cb4ad1222a1ec66f728cf07bd595d59fe24b65d8d48d1d8dcde189a17f6b0edf5a2b2af7574992b514f2882ebf3e9ecd15d023c86f15f37c9e3cf8d2c3f05b0e346e5981e5b6b0d7921646d833dea9e14d4de19b67195686a971f9288dc492923bf7ae94a8e91ee40d767d523f3bfe26eaf1ea7d613c81b0aaa1467cd76fd297f8bb7ec83991eb25112dc88d6dd5802091fca722baa460088f2064405893e7c56347869680a5b10637661e56b4f14dbca5ee3d3457503bff31ad3c1cd3888e19b0be4baf3fd2b19e47b0dc06212262ecc339c57823c9556260b85c9ee48a166a0fb2b78d7122e0fced4c0a0611abd1247465cdca328ec0820561e3596b709228c919fa1adc82d04898ab7041fa56e4cc16ef675e1b07e051a608bef13dacb9dd8ef5a78c6eb36dba6dfb142f8fbd793d9857a4ddad94a91c23d4627248f269a85b363a689241be5fd18ed4608eed3058301f4031debc786d14c18679f8ac3c7921cee18e00e2b0f035bb2fa03000009fa0ac66a0449196de6b963950cdb723c50b09003444c4af3b12efdb8c7f4140c342fbfd305d47eaa03df383f5a5490d8b295b29523cb7ea03049fa561b92e1704b2ab7c71e281b0920ab7f7b194170a0e1d4f8ad4798c9253c639e3ffe43ff0035bd81c04464c9e768f20f8af1a577370d865463b1782450366a0cd182cb1a328fd5cfd6b628c9334da7c25d81c114c48533eea32440b180d823f52f38fdaa7e5bf8e07719665931d0e9574b2ee79f2335f1f3aed8cdbce8effbb071c607f6966823193ba8bb49eb249396cf0db2863c54aea6d85eee8b3644300e38a7438ebc80e7267934cb12e57c522f9b83d1b08b7a298f51f54edf34b8df292c30e5463612eaea9bcad2a7097932293d14acf1c9edc8fad369abb6cf4e2d2319d59a8358dca98973938e0532be4caa9389d1e2d0ac8ec4063d57523eac10313f5ed4f8ca773ca4513f6a9586cdb749e87750c024bb4c3fc5515702c7b672795ca8b7889a55b11237208abe8e07dc8e74af696894da324dc55d1e1a402e4b45716951d90c29a3f694748f4ae72f259346b1c4599863151df17159c9b0965e001c34909746ca8ae74ea9ca3dd32c5249e18a6cb59b4f56489e41bd4e0e4d731dbac49964b8d3c2712d96ee29148ee3e9484e262ae49801823995bd3c64d535c149651477decbadb4848e2f50eddfdc114735d176c812b72f08246bc90810cf1fe9f353af5a4be3240fe0b97ca2c85cdf4179b5a1f69141c8e4557ad1b5d53a9eca8bdaca7d3b85539f27b551c5e5433ed9b2ae697645916ad69a6ffcb88b77c60575eae7d55aeb224b78d659f23353ea3a86a5adb4704661800e7350dd7fb92ecb4555511857f2f206f737f06a0d18666e71daa4ce259c95c21070d9a2b381e281a49bdc5876a1b6c9c7c13ca516f084b7f15ec104b3dbeec0e401514ec537898e518bd192d53ab758fcb7a6b6cea4f1934d8f1aacf91b0e325b6645741d4f57b9dc43e58e4b1f15d15646b8e914a9c568d8e9bd1372960eb35c48f918c734a574f388c49e76422f27b67d331e9e778b76ca9fd44552fdd82cb01df19f82f730bb33c8a3dbdaa5bef72d051481d5ee2494b4008403904f7fb5221c7737b36c9282c8e2c6ce0bd2bea4aa547ea5f9ae9d7428239f65b3fa463baa64b482f5ed6d898d4b8cafef4d8c1c9f61dc79eb0fc85e9dae5c59c62279c88f3e4f8a5ab945e07d9476d8e6e7a9a7bb8c5bd86482305c78fad6d97e1688e1435b99a1d1eebf351c705c2859507b891fabeb49aab95935dbc08be6a3e0c8a7e2e59693d2d0449b4ddba6c0abd978ee6954fa5a9b94645728b524d7839d37506a17324b24f16f1212dbd791cd741f06305f119096cb64eafd42d34e6b28262038c311591e0c559dd84a4a5b341d397fa9dde9b0c1332adbc641071c935bc8e8d38e018c127d91abb2bab5b5612190090772e78ae7be361a75bd86de9f6428d7b50bdd62f08b7765b11c3b2f626ba56249294bc93d7e70822cacedc5a9445521454986f6cab38d0574ed925d5f49039c0db91527324e31437fb1ff004f4b6fa3dcdcc45cb16383934de159182cbfb26e5c2537a1ff004dea16965a93ceee36648029dc250aee76489f96e73ad410d758b7b4ea29ff003065db128ec3cd75275d76cbb915564eb8f439675b06b585916290451b62338fd46a24977d2d1d8aabed1ce4b7f0f351bf921ba86646181b93779a0b6293690138fecdd5834b3daa99d36bf91489378c19afa176b3ae5ae80a24b86c06ed532adf6f8a116d7914cbd636f729ba2e3779a19f1e4dec385385b33fadf55db5cb25afadefc8ec69f1e3f58e47d70c31f5b7545be81a4028dea3b0fd3e79aebf0f90aa86c9391c576d862e69ee7a975b95920f4c96f8ae7f2ecf7a5947638aa3c7ad642afba5f53b02b34eb98723257c0af4388a31ed237f3159f1884ea3d496fa769cb05b31dc4738a757af04decca72cc84f63d5455806763f4aa338404e9c3099f5ab79c6edc41fad2f1937ae033a6fac66b3bb290b6e1f04d12b1d6f285d94c66b6746d1f5b9aec895c2e7e94faf90e4c82da1450f6fadedf53b42243b4e339ab2da2be443acc96aba74cf31301ab6b4fa3996de3206d380d5c09d2a99f589dcadfba94a42bd3fad67bc91ad2e66db191dd8d3a16ce5f07e01ba9856bba3977545c1ff001899d8fa885880d9cd7d4f0a0a35248f97e649cac6c12099dd3d923941e18d584834b076901c0f53e557c569e0ab6495493e94a013d97b578f0741786c81550599f9c051915ec9e29bcf52eb0442e1b3c1c7358d9a8f2033424228dc3ea79a1c8582cb8b49999594bc79e71b6bcd9a90c2c56443e9c91b30fa0a1611abd376ac386f3d8115808deca61bce338fbd78d0f4946ef76462b412dfcc8fb8fbd6e41688cce5c7b5467cd164cc09355b64991959012dc727b51247b229b04582fd6da38c8dc392a3c5362c5491b9d36dfd2419c7bf8c1f8a60bc87c2a88ecb9279f158c241f0ec88fbbf6c561e25ea295600f7e6b0d06b9dc616dbfcbe056335109d55221013b770c73fde84207b844df1bc98d8bd89ef9cd6335159b757577550573920f70681a09326f621cef423ff0049ed40d04981cf6a857dd1ed61da81a09488452a6e2927b4371c7cd66420837296b09e46e1c8faf8af3784792cb04bcd756285bdd82dec0d8e327814bee1f527685e1483b7b8ed2a7c9fa562359a9d321f4dcedec4e471da9b115266a34f4dab4c42982eb32056c938c0c7dea1e6d9d4af8b0ecc4714a5d880a0015c16b39c9d2784867606376c330154f1e106f0c92e935e0ab5229196f4db9c565dc459cc4ca659f261750d7ae60bed8cdc035f3dc8b6c84faa3ea38dc4ae55e4d2595f45776ebb8fb88a458dcda5f673ada9c25a3d11c70ca1b22aa871b114d8beee4b037fcda4b06c1ce6afaa10c619234d3c88ae13f2f3fa80363e056ca1186d0f8cfb2c0b678a3d42e86e859803f152c61ee59e0ad4bda8791e5ba436b1a848791f02bbd1ae305a472673737b63bb2b8cc78d9b7f6aaaa96b64b38e196c8e10e457a77460028b91ea4ea477af479517e0c75b166a4b25c3e2372b83f351db6b72d329aa292d88b5ebc9e0b52bbf2d8f9a4722c7d7192be3571ed968874c5d4d736ed13f2bdb9ae74b96e10e851c9aa39ec8c5f53e85796fd4719b62e16639247deb9c9c7ab72f274f8dcc4ebc3377a768a12dd0484938e69354728e75dc9cbd11bf820b28184670e7e28e6fdb8bc3d8354dce5b15db6a33438595b20f9a86df7ec86997b8c1bca07d658cccb2a1181dea7856d2f90553c6816da3bb6e510ed3f5a7c3896cb71414ed82f2c632c0df962253b58739ab69e0db5a7290a5c88b961035b48d1b6e2371fad23f29a7b2d9d3192d07ac918712040ac7b9aa617c67a444ea71583e78adbd4f558aeea92729c67803696098be8dd76f157d56b6b62250d956a17891c1b32beef06a1e45739cf311f5616d8bed747b6990c974d1807902ba9c5f4acbef6336de6e3e300d9e1d2744d3a4bb0a8c5149edcd775d14c23d8e77b96ce5d44fd2df885a575019218a231cb19c156f34719c5ad442b28943ecd24d6f3df4188ad5006180d9acb73358c094d45f933adf8777af2991e642a79c0e2a287072fb32897370b08ce6b82f744bb8a348956207073dcd6e6354b0d17509db1008a3b8b89374122c21892726936a739a49e0ae11518ed64ccebd697f7d7e58461a48b1cad378f649662d993a20be690ee3e9bff0bb486e35662ed21c08c78a9ae82afe62ebb9dcfa44d9f45749b7baee75d90bfe98e9bc5a5d9f397823e7f2943e10f26a354d262b7856e608bd4954048e33fa727c9ae8b4a271a32ed2d9f9e7afbf0e2efa4e7055ccf0119de463158a7d25d6476217c6c591368d6f3dbfe87209e71e3fa513965e455bca8423adb1da436b796e3d7b4ccb9cee8c629729fc8571f91294b2f487fa75bccf0aa5bb0083b2b8c11592e3f6d8e8f320512e9fa8dedd6cf4655854fb9b1de92aaf6d767e4a3dd53784cd7583c0b62da7b47b06dc0c8ee6975c9bd48d70c6e264ece7bed2b5d6b49919eddce15be29988a414b26934cb4b85d696657f4e318cfd6b99cd945d7fd8c5278d05752472da5d24d08cab9c9a8216e352d1452bbad8a1b5997d631c44e45509c924cf7b716f03ad33a9ae5231110c71c9c5530be5e04cf8d1f2327d7ac75358cdf46be8427c8fe6aa172d6a0c5fe3ce09b8fd95ea7a94333c4ba0c26465c1919070a3eb5eb26a6ffc48cae2e11cdccd2e99a8b4f6e0fa5be45e081455b4d7821b24f3e74173da69d7a225d46cd1d8f60c01aba9715e624f3f71ff00160fafe89a47f8548b6f66ab21185daa339a6db2ad2d2378eedeff0027a3951fc28d427bb5bb7731a3b77c7615cfba728c3b60ea46dafb75c9b3b3e82b4b528f3b9999079e6b99da6d3eda1fefc5ff0010cff0fb3d35da68a01ea1f8149aeceac29bcc765b03dcea31490dcc188c8e370e6af8f375d6444e118494a2ccba7e1cc770f3c9265864945a1ed6c9fc168ae5cc51c64c0eb7d3f7da2dd3892ce55407870bc62a9ad5925b1feed52de45123dcbfb628a463f4155c61fb279cd6463a068dab4d73ea25a49dfc8ac9c73a4039a4b675ae9e82eed2d4b5cc2c0819a2aab71db25b64a4f08ba1d7e6bebcfcb470cc10705b0714abaf9af062a629658bbaab4f31c48ed11c39e49a9babf321d459978420bee884d5a589ed26f49c00187cd378f7c56703f9354a51c988ebde9f9b4422227795e73e4d7d1fa7dcadaffb47cc732b71908ed4ac96a1c2903c8157e48f030d3dda3042109cf18ee6b1b3d81edbbef84e19b3d891deb7b1982690411063fc7790f1c8ed5a6e0b162f6000ba9273cb6284258226cd99f76e61f2aa3bd78dc9782e9b52231863e4f24561e088deed4fbb0ca3b95acc9e6b038b0b90f9076ed3e3b56b307292246a8c10ab0f39cd61a83c4c590640e6bc616acc1472aa3ec6bc7996206979caa8346806c1ef20411b120b8f3ce28c01768d135c6a3bb69519e02f914d82026cdac5180d8e4e06323c5300c17ac4005e413e702b0d3c556230f23727ed8158cd2d12285c803e0561e201c3118ee79e685b0922b645695e566cb0c01f4ac34f8a300159032e48cd09a89ae114abf03c1ec6bc122964790f12f03e3bd2da341279b71d8ee41ce0eeec6858480268b6c9b739c1ef4b68646453acccd1dac211431eccdf1f5a19780a1e760a1e0bcd3866e369760c1d4608229682de46fa73ab205cbb90c3631191448191aad3db638da4727e7bd3622a469ed1fda314c42b02fd5e16964c938515cee6c1b2be3d9d4571fa7136ddc0d7164f1a2cdb333d47afdce9771ff2fc704e49c0a9e33eb3ca65fc5e32b9618bec7aca4bb42d26edc69d673fa2d8ff00f4bc3c022e2faf0cb272739e2b832bfdc9b933b1187b70ea879a1c7be79097202fd6a9e0f1fdd9f66fc1cff50b7a412c0cef6346b5675970ea33deba3cba315bc3399c5b3fc8bb2d0b34bd66449d23937382719038ae3f0273ef8675f9dc58387681aabe10fe5164f27e2be8ecabe27cdc26d4b05fa65a42b007299279e6ade35318c33817759293f27d7ba85969f1932e01f02bd672215af9195d13b1fc4f62d62d059ac9bd013cf7a54f995461d9b0bf16c72ea902dceb08d8f4fdc3e95f39cef528b7886cb29e1b5fc819f5cb78187ab20527e4d7b87ca5f61cf8b2fa45725fa5e64daca091df06ba4ec8c9653023538ff3402344fcf5d7a9733315f8cf150e1cecf93d15cb90ab86228d269fa25b4007a4f5d05e9b5cd65c8e559ca93f25b71a3c2ee1d802c3b50bf4883f0c15ca92d125b35e40719c56c7d230b4c177bfb33dd4b0476b6cd231dce785c573795c1707b2ee25bda5a3376d13cb1ab4a4e6a0bb97183e903b118205be13321894b62bdefd6d6c6c2bde423a6f599a266b5ba871b7f4b11debe8385caafa611cbe67165dbb2196aaff00998c01e3e2a1f51e6cfab515a1dc3e3453cc989bf237a47af167da7943e457034cebbba317d451ae6bd71ea2c36f94207b89f069b4621b61478fdb6571db6a93594b7924ce15173f7aaa328cb781364611928966af7f77a6e850dfa72bc16cf7aaf8bc6ef6a673efb2106d332577d4373a9b7aad23a228e39aefc38d541e52d9ce94a52439d223d4f5cb3f5ace7790c4e15973e3e69d28c53c490b4df935f2f445d5e69645ddc3827f50078c54d6719b5fd0e872e3192d1ee83d37a068d229b4f49a53c31e3347070ad69996db3b3e87ef2ea0b3aa5aaa0b703b9352f22eb272c43c015d75a8e65e4736b1858b17132313e54d514c52f2c96d967f8a29d4b4ed235853673c51cdc7b89f1fbfcd56ebae7a681aeeb6af9459cabaa7a409bff4f47bc5896dbda51cf0d5cae45509c9c3e8eef179b38c7b4b7933ff00c4b7122348a5d815660338ae24a0e1358675fdcf721b46a74cb2ff0088a58da5956ecc28088c71b8e3c7f4abd3774dc59cbba4a88e52c366e34f93f2a8b6fe8b42157b37715d3adf55d71838567c9e727925e4bb7224dcb9c81f153d97c96d3191ae2fc9ce75cd62d75dd32e24bedd35d3fb522230221f2452aab7dc9f69f9fafd154b8ce9df9464340d05f52bb28b8585b2a1cf058ffe29bc8e4420d433b17446c9e66a38885dcdb4da34eaaf6524986daa00e09ac4f28aaaad4db6fc1a7d1f74cea6e2d45b855f9fd449ff006a6a8c9adb02e8417f01d4cd6e937a71b4207cb11cd50bf4988843ed025e7e59aee05700b31ef1f22b1c23f65309c922cd4f438bd38e684067ce49f8a8b9492598b1b4dfbc485d73709a7593b4a034b9c28cf24ffe2b92eb764d4595d7993caf07c2ee5d52ce037ee1364798c2f6080f7ab7915e6708bf07ab6e09b8946a874ab9b583518ee72e58c217c607c0a6f2ea8b8663f4671bbb9756875a426936d796ef126d222cc8ce78cffe2a7e15d09d91eab4bc85c9a670849c9f9f007abb69779a8489146121ee4aff0031f38ab6fae139e84d33b230db343d2f7ba669fa2dcb322425d99703b95f156f1655d706883950b2c9afb461b5ed4f59d175896cedeea38c7eaf511b391e3ed5cab22ea9b8a67678f555656a6d0774b7e202d96a0b697b1c9733c84299e46cf7f0078154d37ca1fcb64bc9e2774dc348ec11c56ef6e8eeaa780d91c8aed55d1ac9f3d3724f084fd63af8d32ca378a012c6de16b97eb554e708c6bd22ff004ca94a4dcfe857a7ea3f9d8e398101651955ce4d7cfe669fb334f27455718aec89a49f97999a6819b9e322bd0e365ef28f5b352584cf6e5f52b8915adedd0c47c29e6aaaf873c768ed0984aa8ea6f638d0e23cc774862907f98575f8b5ce31f9c7041cb92ed98bca0dd4b4fb39a1649923743c678a7ca6a29a44d072ce4cedb74f68b6cc4adaae41ff002d73a56d99c75658ec97ec92b585ab36c8768cf6db54d77f5dca3807b49af21ec52e6153146067b82314567a8c17f1f20c62f3b22b7365657ab04f0a0dd16fdde739c5535dd1924e6b00ca33c371605afda43aa05f4159b1e00af72b8eac8fc4a385c9f665f233bf97fc8bee7dc9b3cd7ce59c3b2a9763e81722164708e6dd7b78351b89e45f781c022bebfd225daa6cf98f578749a4622c24088d164824fc57519c7431b733472ab04ec68421e5bbca01258927c0e715a8cc04ec650373366b726954a8e8449bdc31e005f35e3c88ec95771959dc9f1d8561a83aced9252ac4153d89f1586bd164d2880fa68cedcf76078fe95e67bc8df4a6578892c8e7eb5e30636f23306dc98c7823fdeb0d41b6921643c2e7c735e3197acbb1f9283ed5e3c12b72b9c01b8fd78a34c065772c8548ddc9a340b45fd39681774c14925b8c9a740548d29cfa7ed3b58f7fa51027a01dbe54f9c561a0ece7078c7fb50b66a07f5c8f6b3f7e31f028321e026d5dcb636290782339e2bd93c12a5514f046e39e7e2bd9349e3d4c1c8620f241e6b0f1091f67b19c7db8ac6c240973224386e08f9f8a166805dbefc156e7c679cd03090bee3d667f523230570c28249fd049afb15d94b3cee62972c41e33c8a5618d7a2c92d52df32b00076d9e01fa0af347931ad94eaf1e49c36491838cd14518cd4692378dc4f271fb5310a9335f620ed1c834685b15f53cd770c645bc7bcb7d6b9fea0e6a3f1457c48c5cbe466ac34cd45b335c4f83fe502b8757067873b19d5b7915ea30453afe9b15fd8309369c79a9eead7d0ce34e519ac0934bd0ecfd00b1b8de3eb435d2a6bac8e85bc99c5e422687611f978811d9be95967a7a7a88a5cd71fe6576febc729db950de41aa28e33a579156f2636eb034d234469d98c93336ef939aa2b82b1e24c92cbba2f8a1e5be956b6040da0b67bd54a1557a44f2bacb7ec648914ca15bb5531946489259884b490db5b36d206051cac8c239c831529492c189d45a4ba62f31c804e2be53917cae9efc1f47c78aad24802d34cbdb9b8da8cdb07607b573ece24ee9f5c95fe4d75472d0ed6caeac6d9de44dc00ab69f4e5547e4882ce546d9610961d0135a2d7333b104fb573da897a7a51ecc7cb99ed2ea9075b69b1e96fb61079ef8a63e3c31a64f2e44a7fc82c7aaedb7241a85d78961307b2c64f3fc42e74cdcfbb28052e129d2de1e8f3842c4b4076bd77a85fc8c96762f28071bbc0ab38dc9e4d8b1132ce0550599b34d6fa65f5dc0279a7314a4676af8aee53c4bb1da5339b2beb8bc46273dd626d764bf9218fd49fd36202e38ae1f3656d8fa2cb3e87851a231537847ba743d497bc4b63e8a700b1f150c7d1ad6fb6343ede67161e259669e2d36dedf6bcd209703dc053df0a9e3589d8f2739f2676a6a2b029d5e6b78e5125b0c73d8f14f72a94b303631b1c71301bd4bdd42dc1b66f4a43f35ef6dcd61855cd552cbf051a7f525e68b32daea90faa31fad46715ce9f0e709656d1659eddcb30786686e74dd1b53863d54aa8541b88c5590e35735d9104793754fdbf25b14fa56b369b2da4411b7057b6695651db51d19decae79919bebcd255f4b8ed63b848e2523283bb559c69cab321d6d966480ed3f0fa27b48fd585c8201381dc53a1ccb1cbe4659d16a21f67a61e91bb0d630308265c329f3545bcf42e1429791ccdafded9cc2294a18a5036861cf35c75eaf6f6716f47568f4ca2eafb2f2802cee34cd3ee19aee3863965276be702a9e272d37d2df3f40f33d3df552a7c7d975af50599ba9a0df24c88176ecec7e69f5d942934de4927c3b7a2963c965debf12111c4a6207b966e7f6aaa3c88f88211f8d25b9017fc4f6914c2107d2651b8629aae727d5033a7ac7b3f02db3d5ed26d52e24b922e5ae549489c7c79a1e4a8d2bb63391509ca69453c6043a969d757377023da4366d36ef4d2318271e48ae1c2399eced46e8c61a79c03f4eb5ef4e85377be1604063dcae7383fda8adef5cdce0b6058e17c70d9b8b7d7a660b2caf1cc77005b38047dbe69f5fa976fe71699cab387d1e22c6179796e50320700e39c78a74a4a485453ce0e6bd3e2792579e6504e0287db9419fe56f91f4aa29a239ecfc154adf8f546b74ee97b1d607e72066b6b889b0d083ed43fee0f8a458b8f5c9f65867bf26debd3e8365e95bbb898dbcecae8791329c607da93572a2e4fb3d00e5d63a13dc5b4fa4eb31d95dda4f7dedc462088b0db9f247635d08f22362f8c720c61ace706874ae9fd23565b8f5b4d78082500994824fcfdb9a4dfc98c24a2960f37387d8ba6e99d262d60da3c524261c15f4d8e58f8fed4b5c89fb9d2451d5bad4d0b3ac355b5d3e35d36c4acb7572eb1242096914f938a66149371f282a20e32539f816eb5d37750dda1baf51a38a01ea119cb39e702a0ba33a6589793a94f221647e1a216ba3dcdf59bc76721468c65449d9d47241f8a7c1bb2ceaffe04ce518259fb32dd47a9416f1c76f6ab99787661dbf6ad8b9599ede0a22baf819f4fbdd43a7b4b72c4cd2f2dbbc0f0053a34c20b3127b2729cb635b782496196e1bb201dff00a562ce409492d09b56d75b4f905a292cc403c1ec0d4f2a66ec6dbd14d72874ce0557d7372b78f73346f2a14dfbb3e71da9f1a969cdecd563c622b42dd16c2ff55bc6923579653ef18f1f4a75ae31c189e51d0b47fc47bcd136daea514a22621433f228a8be50d2da21e470e33f92d334927555acba7ba3a8940f720ef807c51f26c76d4e31f24d5d2e1667e8c15edff51585ea6a961697022425c47825703e9535144da5635b2f94aaeaeac8fedbf1cbf37122cba300cb8f518b633f6ae9fbfac4a273a5c0c3ca91ad6fc4ee9cb2b586e5ae4c6d2768c0c907ed412552795a265c6b2595e463175c596afa34d7912c9242032121390715b672eaebd652fa021c49c6c4841a5de3cca3d432a367018313c7d6be4fdf9425bf07765c78b5f1353a3eab706e5a068525b750713773dabbdc2f504de24f472395c5eab2bc91d5750587d0963863f518ef6dde07f97143cce7b8463386d87c4e2f7eca4116dd5f6ad26db8b108bb701d4e467e282bf50aaccce50f07acf4d9c7f8c8a2e750d3eef54b6b8f409508f1edfa919ff6a5c7d5aab2f6e4b114817c5b2baf19d8758dddf5cc720d3ec60ce4e1a57c0aefd5394e3f044128c7b7cd996d7ba6756bc679f59bb911339115b0c201f5a92ca2c949fbaf474f8dc8ae38552ffdce6dd410dac32982de2211b20e460835d1f4a718a70423d5d49e24ce6ba95abd95e378563c57599c4430b56790a2b1231f2680d3476cc8aaa54852473926bc8d3c0277276a6f20fea03815e3c8f0db4eac25721b1d87c56a35e3e825257041668d89f1db15acc4116f7182c9b159bbe49e2bc79960b90edb59cf1fe51c0ac67930fb29a189c8cb907e0578f06cae36e53207efcd0b35065a4aa20c1182456a3ccb6268d72c4e7e99af1e6c221b88d41257f7c56a05a3e9e6474c7249ef8144982d1a0e9f8d45b05518c550bc087e47059763019240e3eb5a78a659020dff00cdb79c1e285b3501c8cf2329f79cf208f340de434176d62cc77ede6b0dc850b111312b919e4915e309b4630031dc47d315e3514b32239c2906b0d00bdba8d0ef900561e586685b350a2f35b891496236f9cd0b906a2245d6b76e21f2833b7e94aec31c494babff000982b005c62b3b19d40edef45bcab33396cf3f7a00fc973ddb5eca598654ae304f0bff00cd6f93cb438d2ed8b3e3f938181da892064cd769058b855c7f5f14685c8d9d84588c628d0b04d76ea3b75556fd6c702a2e65aab455c6adcde8537b7703db05126c6c63be39a9ac719c308a6117196ccedee8f78f0b18ae418d876ae272fd32c71ed091dae373aa4d2944456fa05fda48d2dac99fa135cea68e44259c9d1bb954cd61a1ce9169a8c91b09114127926bb34f76b0ce4732552da634ff0086cac6259dc29efc5367529c72990fbfd5e917e976f1faec9eb0503b1cf7a471631eed363392df44f05b31dd391bb217ce686e7da4fab36ad4768f1afe2b73b1e755cfc9a0aee945f5c9b2abb6f026d63aab4cb06559af50963fa43565f2dede86d34b7fc501ff00c4ba4df111c33a963e335272adaa35e60535d16a7968d269263da1e3c645670f909c5364dca4dbc3184b78922b472ae32381f35d295d16b644aa6b68ca4b7d168d74f0c8e10480ba03e6b9dcce4ca294628e9d347bcbb04e97a9c3a84b180b83ddc9ae5f239514963436de24ab4db1a30b76bcdc0e302a4a392a76e112b8c9405d70d05dfa9002bb8672335d3b54610729780a1196987e8b6eb6912c10c480772c077aa7d379d2b9a8551d2fb26e54167b499a34f58a6e24607815f611ca59671de33a070d69148731a063c938a52b2b8b19f36bc95deddc1696923a9038e00f35eb79108c1e0daaa94e691898ef659ae643fc38fd2432104e0366be5aea15d27397d1f48a2aa8a5e7228633ddb3c93445b61e360ae32be5f6bc1d57557149647fa7dc486d559ecc85538c9e2bb1c7f508f5c4a2727915a52d489cfa536a91bbc2b1ac8060ee1fef554792a5178444f4f2d999ea2e9dea2d3e6b4b8d3499edd7065894ff005e2a45852cb3a145d549352f268534182e2c627117a520c38fe520fc505b6c633fe847bcd4b7b15dbf48b5f6a17126a02474898491481bb7fda68e9a25283943c056f29412ebe4d669ba94171628f0ab92ab83191ee53f1fda82c7ed7c48251949e5e8473f5be8b2bbc52332c91120a32f39a86cb9b8f83a70f4dbf09af0cce6b9d556d7ef0b5ada4b2342490a7824d4d18767e0eaf0f8f2a13737e4533f4e6b7d65189004b46f1b8e715d9e170252939bf0072bd56ba63d51a5e9efc3fb9d3e75f52fccca17120031cfc035d2abd2a2a7db3a391c9f5b7647aa89a36d034cd3d96e1a05765232646c9c7daad5442bf08e5be65b669b33fd4567a5dccf23b46913003de38350db26ac7d065729b8e18a74fd1acaeaf16e2291526894a070c30052e52b2707d8728b5bc0dae6e6cad886b864696318f58c7ce3e05735d92b27d6098f8d12eba7ff00026b9d460b9b977b98374246d557057007f3100727e956460ffeef21aa9c168b2d356b085443633db190803df8c03f382734d8558d192af2db6c8f51eb977671978acd6e633c878e6181f71de99755849379174d316fce0b1f5482fe036ef1a410a0fe0244a156363c76f3f73cd32fe5358e9e3f4151c6516d490a6cb51d4749bcb8927b88a792362922c246df4c7d73c91de97cbaaa9e14c3852daca3671f5446f1a3229963619dead81f4f15ce970698beae5b3ca89359c04e8bd6565a76bd7b652cc2496e6306358bde5485fa7615d7e0c63c74e0de496fa2538a97e896add553dfac50c30ec95570efc64e3cd073ac5382524151c7eaf2f68034cba8adc90e57739c977e4e7e7e94fe3d71a56bcfedf927e45b29cb0bc174fd2ba64fac47ac891d2e0770a061fe0d6d9c7ae7353cecd873ac8d4eac68d2dce9f6dac59fa32fea030b20fd4b555b4d5c9874b112d574e99f689cab5bd10e8fac496a3d7c3ae43ab3287c77fb9ae373b8ea96ba1f45c6e47bd1cb054d134ed46433b419da028461fa6b953be5595767e02f4ee9db6699a39cbecdc586091b87c1a6f1f9ca72eb378426f4d2cc3c8ea68638f4f9628ad8c8810ec887249f02b9eb9d2972124f0b207b7f1cbf265747e9ab5935037b70aed73ea6ef45b0154f919ec6beafaaf24b3ba58ea82e6e8cbcbdd59a35b564b363b848dfa0a9f1c739a08712729a9b7aff00e064f9f1857d57f21c4dd31776843e9e2ce1587fea88e1d8c00ec463bf1f35573785ee43b4239689389cdc3e963d317eb31e8dd41632a4650dda8ddb719c91f4a9685959b561944ec69f58bca17f4f74e5cea53ac244b0da28e5c29da0fdcd3e304e5fd0bb6d715fd9abd4f46d534ab3b636778971b415955d70a73f1fb55f29c6b4b0431ff2379581658688fab42f05cd85b5adba11b4227b891e735c1f53f58af8d8aea5997ff05f54253f949985ea8e97813545910faad193b84520cff4f35d2e35af935776b02a52f6de82341d52ead2f24b792e67b4b56ce176f193c52e5c6867324364fba4d79353a55c14945b8b942ea7646c4f129ae3723889c9a4550b1adb34cf24c90a4aa763018217c9fad42fd3b915a738871bab93eb20292f2e2e6f7730c8641856ec4d2e509469ef35f6362a09f58944d72c15e364233d88e0ad74bd3e1155b7e722ef5f358069b567b5b9d38b60a89006e7c1c8ff007a9f95c58aadb8fe814bb27935ba7ebd169f03bc7027a8c725d9b381e2b78beb97570e8a397fb21bfd3d4a596c38f564d79a6cc8228e59c67049014e7b0e6bb1c6f5495d0c4d7c88ece27b52cc7c1ca7ab2ed35172d736cb05cc276ec5e01a6f1b9928dfb581fc9a54eac27930da869e97aa58004ff5c57d626a4b28f9f7168405d90b40e5815f9a1f0790d34fbf5302c4635241f27bd79a3d91e5b6a1fc0f4e35287e0f61449187af75228daadea3f9dc7815ec049804d72ceea1e02c5bc8e062b19a176d2087821be8aa6bc7826dae07a9fa1557feeac3703ab72cf86555008e781fdabc604b1693046fc0efcf06bc782a094800631f4f8acc184ff513e3ed5ec1ec9092e8236c424ffbd61a116b1c92b2aa85e4f6c9e7ef4c8a17266c34f57822c01eeec07d2a84242c899af20e582aa39201e1bf4f7feb4997f24f23a097479fe8312d3d520ba82bfda8b22f01b0daa200a154e3b715e3c1f108a33ca73f6af1e2f16b04dc85dad598372037966610490587cd6346e4cb6bfbbd1f5206d8ebcf7c66864834ce71aa7575c4529899f1f739a44a781d1867623bad7deea37db856f207fad2e52ca1aa3b05b6bf9b037b920f340b21b45f71ab90fb339146c009d3aeff0034e884fb738c66b62817a3636282e008a3242a1009cf7a66322fb1a5d3adfd245db8efcd1601721cdbbfa1229fa77af3409a5d3355565033cfd6b5331a0cbbb1b5d4f6b4a06f5fd2c3c505d442d5890755d2ade62663a8fa6e4680b2ce63d8776f03b8ae3726a9f1d36b68e8d372b5a407a36911c706eb8d49a556ec19bb50f1ae8ce3f2197c65196120998d85aaed84990fc0148b6da6ad8eaebb67e4869f731a852e3602c49a925cf838e6232de336c61aac516b565f9682ed6124fea07b54dc58ce4da72f22e0bdb97692f024ff000b9349547b9946c8f80c5b83f535cfe7c2da24bf474a1742ed456caac1df51fcc4566c5a2dc47ae4607edf35945eea58ce8f5d5c63894bc98fea2e8ad7aeafe1b68af8b891b3bc120815d0a26f0e4d67f46fbd575d688d9fe085c5d3b4b7d70deaa37b5b24e4535ca535d7c087cd8d724e234d1ff0aae34dd456e279d1a346e001deb97c8a2514552f568ce388ad9b0b98a1d3ec24fcacea25452caa5bbe2a79c5d693c90d5276cd775a3272f553ebd66a614782ea070cc01e08fa1af5dc89c928bfa3b357a7478f379dc581ea8b3eb9709772b82d1a6de28572b3fc87d7c78d0b11f0cfacaf26b185bd119940cf3535a94e494bc1eb21dfc8cedae5ee634b99e728bb412338e73dabb51f4c9531565296ce459387670fb06ea1ea5b7d067063b669588f7baa9e2ade8dd6ebbe29e40a6b73da655d35f8c9a4b6a22c6ea27b70ea0077e416ff006aa381edf1e3d52d0be57a6d93da7b3757bd6769689e944dea4b27e851d8e6a9e57aac69f824db7e0e7d3e97659f27e17930d75a9eae75368cdd441802e6391b000ae0469e5dadcb383b95c7891861ac964bac6ab1db4af7325ab4310ddb43e5b156baef8433362e35f1dcf10ce41348d5f49ea006deea2901e7f88870c3eff4ade34abb974b105c985b43ef066a91a0d0ed152ce3fcd47261539c9ddf0682ee0baf55ed322f71f21e66f0d0bafe5d7e511936f0476cc70f96da56952f44b31da52c1b0baa8cb1e43b46d52dedef8da2dc4c1bb142bb949fa1a6f1aa4a4ea5f40f22129454dad1a4791100cc89b98e029e09aa25e9f3fd90a9bfd19eb0d4ae2692ecde040915c3c712a77da3b66b9dc8f4f9b9afd7d9626b1a325d4bf88b7161733582423d191431746e7ed4eece94e1165fc6e0c6d4a6fca04beeb08ecb4a8a3d1dcef7e67901ed91dbeff5af571725992d1b3e33958fb7fc1865fcfb5db5f5ac12df44dc86da4e0f9dd8f34c97163e12ca2d5c8c2eade19b5e90e9dd435b22e757792d61ddfc3b655d864c793e714ce3f0e39f073f99ceeab11db3a4471c36b07e4ed9618634e5dc1e107fe4d7663151583e7a5373976900cfa8fb84368630403ff5010a7ea31c9a44a7172e9db6355526bb00d9bdc4b752fab37e625cee4f5570b10f803fdcd4f7f32ba1664315595ad123677173bc6d8d98e771dd9e7e00ff007ae74bd43dc8bc2c15c611834f264b57d4e1d32792d6fe39ed909dd92b847f9c376cd671e30c764f2cad49cb7134ba159690b616d750bade42e7d449186403f639c50592b6772eab7fd12d963daf01ba8e97a5ddb9926b42b2302432f1ff00c5753f0e6f7378278f26c5a4ce5bd41d2b696f3e6eae6fc0539dd1a2608feb4e8a8571db2b8ce73d24057571a4d9582c1676d7d3dc6dc0b8ba98e01f90a3bd4b64dcb717a2bab8f2ca737ff06d2db4afff00dd4b01858d99cb46e578607b7352cea4aefe8f7e46694d3d9e69fa1e9f1412cd6b318a47908911b9e4781f4adcc6d8ac3da37bca12c35a10df6917d784db42adf9485fd9bcedda0fd3e28a7c5ce1e7636bbe31d31a69da259d96ac6581650c88b1b3a2647d73f5a2bab75aed1d82ecf72bc486b214b7d4a58e55660e418e45f031cfdaa0e44da6a69ec4c6395803d4ff002f6ea544f23c8c79cf18156d1cb738e642ff001f3e10eac7a86c6d63305cdc12ad8d850f2bff00f556a9a8f939ea8949e906492beaf68534bbe963855d73328e4e0e481f35359cae9fc47c288a7f3467fa8b5ad4ad6555d6648a5b2439478e3c12df1f43499db65e9a8bd16535555c730f2c587521eb0950150e030cf71c573acafb2c48beb8a686f6374d2ab4ea870b80c7e335ccb78b3c397d2064d45e19296ee486291e24ddb470cd9c0fbe2b38bc45758949e10bb6785a1194923479d5d6e4c637318d71b307be0d7d8778e3088a3e70cd8697a95fde5bc46178e74670a55a2292a83e473e3ed4d84e6b09b4f3ff000c4591ab7e57ff0005f20d54bcc90c524a633b5645185723e4ff00ad3bdc9d49b6f42655d52c61ec6bd3bd33a7445af5adedd2ee53962130df6e47028138deb33fbfa27b6c9c351f08d04da35adc1f72fa47c003db9fad58aa4dfcb44cae947fb39e758596a1d3d79f9dfce18edbd44daa795624f3f6c007fb572f9d19d2f3f476789385eba25b3ef5d2fe09e385a4457e23f48649c8cf7f1f7ae0438309dbef5aff00ff00a592728c7aa16da68b7563a824ba72d8425e32196639391e013df3e4d757f3acb25d78cfc13b85508ff9becf5ba3755babe7bfd616db6b7e90ac3620fa7c9ac9df7e7333ceea7af5ac5f71d2f7373adabda2476d691e0c6cef801bce7fa56549dcf3e03f77a470cd30d3b507628b1ef6c78e01f823357253f084f782db65377a3eb04aa258bb3a60820823fd6976f1ec9c7a4a39195df52f97633dab5eead652347a96992abb0c2c9b0f6ae651c6b38998b8bd97275dbb8484525fb17031fa48da4f83b851766de1a18e092c8d2ff56366e61d85d8f724e33fb542b8d24b32d04a719780abdd464b7d3b641770c772ebb95a4e421a9ea97cd4b0f1fd1372209bc311bea5a95e24d6d7579673008097310cb13df69aec45c30a4b2847b3e1c76268b4c97d36c5c46c4704eee4fc0c577e9f57aa0b0d1cce4fa6d99c994ea24b8d3ae4973064f8fd59a7c7d47dedc56815c28c56c536fd556d1cc05dd8aed1dcc2db4ff7ab6364f1a26951034ba7ea1a6ea309fc9dc977f114bed6febd8d3a3c85ff0072112e33ff00b48bcf3424ed6543e40edfd69f1927b44f28b5a668fa4d6c3a8ece6d3ee8fa13c1cc73a919c1fa5703d5f95670a71be0f29f95f476fd329872e12a64b6bc3fb0dbee85bfb180cf6b70b7abf0061b1fe953f1bfea6a2c7d6d8f51b77a0db15fe37dbfa157e42f6da3f52e6d25404f05b918fdabab57aa716d9fb75cd36416fa7722b839ce380fb5be26308adb88f039abf3fa20c0dad5f29ee076f83f34681242e115bdc4ff00a56e367b78233ea01576c640f15e7fd1e058e52ef96dfcf1919ef418359a2d0a179a45da4ed1df00734e8a13266c2cc665099e1073f7ad6ccc6031e7ff009b846e380aff00d3db40fc8c5fc1ff00c06acc1f181c0f1f144900c2a3939033f615b830bd640463b9cf935878f3f36d1803c7d2b0f138f527e416047c578f026a7a7699ac4063bab6c67f9a36da6b024f0626ff00f05744bd2ef0ea77f0b93ddc2c83fda96eb4c62bda33fa87e05ea96e1a5d2f52b6be03ff00c6e0c6e7fda96e8fd0d57e7c9cfba8b4dd57a5898b51b0b8b524e15a44214fd8f6340e0d07df267e0bf6760ee4fbbbfd2b0f363ed0f528ff0032a4918519a28a324ce8fd3b729e9a92431739cfc539089336d6863318391c8add0257733cb19ca0240f8a161221fe2e6d482a4e0fd6b0f646da7f546e6c6ffd89a24c11b0ea41fa1d5483e0f9adc27a66671e0ba18f4ed417125a45cf951834a7c6a9e9c50e8f26d8bcf62171d276eeb9b498c6dfe563906b93ccf4385b1ff1cb0ce853eab38ffea2c99dbfb2bdd29cadc407d239f70e54d7ccdfe977f1a5f3595fd783b14f2a9bd662f6028ce9034b6fb55064f2739fb5057752a4e3278687497d7904b6d06fba86d925d5eecafbf7476c84ed23c6ef9a82cf5276daaaff00b721b9478edb8472cd4e971358ec8e6dab128da70318aefcb8108625e62ce64eff00773fb1a0584312abb8af2a7e6aba78ea30715e3e886726deccc5c758dc5b6a135a30dc72704ff2573e5c88a6e0fc9d587a729d6a652bd4f776ef8b87c6f1b9770eebf22b976ce516dc9942e0573d44cbeb9a81d46f1ae2da465e30e49c0c7de935572b96b675b8d18f1e1d2c1669b7d25bb4bf9600b30c6edb904532ba6d6dc12f257c8954e29d8fc04697a86dd42632ce2353d811c13e6a87e9316bf96c867cbcc5251d075debb6b612189424f712292a91827031dc9f151dfe9928a589e5835d9df4d6118fd6ba926bad2aded217c13992561dfbf02bb95db38d4abc8bf622ec761a6875758f4fb7176a1f108f50ca723b7269b3e44b187b26542ecda311aa8e9b9ed1a6820b917c5cb2956c2819f352cac6b0a2742baeccfcbc1ee99d4baa4af6d690c8656c848c3f25493c53abcc9f6979405b5c578d67c9bbd4fa3356d43d0c5d5b3c801f5a7673bd89ee0f1e3b57aee42f2e4736ab6b867e211174169d6d004d4351b9b993cac476afdbcf153ddea1434a0f66c6db1cbb571c114d2acecdd9ed116d6154dbeee5b1f249ef475f5efda3e0cb6c9ce3d67b611a77e52697d54bd9d521954e240151dbe84f7aabaaf8c9b7a26736b3151f239bceb8d36ce230ea024504954f51786207241f35d17cd8fb5d9eff00a248f0e4e7f1d0b3fe358047245a669ebea98fd44918a8fb5410f516db55565ffe9bf764ff00e0c06b3d6fa95d6a91debdcc9f97651b61279848e08cfde895ddb72d3288f1630f820ed2bad0bc5385bdff009896404a1196da7b9cfcfc50f26c9575fb8b60c2884ec55b069ed6392e66b852712364066dc7eb9ae27fa87cb0968ea3e3758edffec7d6d1a90f02da7a088c1965ff00383e31f7a7f33951c47dbfb27e3d52cc9ccdf69906a571a4c5751496d1007dbe94654ed1c1071dead87a8b8461da3a7f78393757056496762ad4bf1067b7ba5b2b4d2a72c8b932cd11519c78cd5f1b238ca689a3c7ee9b02d4bab2e2d2ca396f2e2d23964f72c0adb98ffdc7c0fee6b7129f8017b71783cd13a9e5bf537f7164e1236fe1fbbfea1fa64545f87ed394a4f2d95ce7dd284746db4fbf8b506c1411b9f0c0127f715143d26777fea4ff00f02a72f6cb3524834ed8f35ca46246c273cb1fa0a45be8774269670bf6642f53d1f4622d41648648a3b8461b4975cab67e86bb1c3f4baa0be6f2ff007e04db64978d0975148b499638c98638c0c6ded81f18f156aae352eb0583c9b9ed9ed8750db5bc2ec4c8c87c93914b7c8e8f0c274b97804d5ae746d66c9d9a080854caacc48393f6ac9fb7647686572b699663a31f61a65bda233bc49736aa7dcc1f91cffa0a097596b1a289db25b4f6740b0dad636eb083ed51c1ae34ac937b6792c095b45d46df5a1a9883167bcb1f4dfdd8c739069d547abf752d0f95ea70f6f3b1bb7a725cc8d9c24c3963e062aabad8c24a6df91714d452fd0160863e8e551785cf9fad72793cb7293eac7463fb2e857d59137edcb1c649ae746129c96cd94945361f7dd0d61aa3facbab491378da0102beaeae15714be47397a8cd2c75d09eff00f0daf6111bdade4332138c3021bef5af896746e3b1b0e7d6e5b581a69fa65e5869a966c193639dce78e4fcd711bb64fe55b5bc14c9d6df652cfd95f52e9b3cda77fca289dd701d2270fbd7e7157fb328fc12cffb3fff003154dd172ccb5fee64b52d2a6b3f45d95f64881892a46d3e41a0b28943193a14dea791ae977505a47f9693d49a39f92421409f0493c53a1c694a0e38ca64b758a52fd60d2ae8b6cb2a382e6ddc6583386dc7e062a4e3fa2bed9b3c2fefc91be6bc3c792ed4b449a4866b3b1458239a16e5f94c9e38f83e6baf77a5c2528e17813572b1f291838ee354d1ee55ac2492e5a15d92976389147f28f231cf35cfe4f15592c4a5b5f6be8ea3509ace319fa367d2bf8830cd8b5689a18d4763fa95bcfed41c3e4dfc5cc6d9768fd7f473f95c28cfe51f3f629b5fc44d417579ae4cfebdbfa8cab11ec4670318a91fa972217fbb9cff00f4751fa5513a1412c3fd9edcf5ddfaf52cb7b6724a90ed01ad24c94381c9c1ed55cbd56e5356e30bf42ebf49a9d3edc9e5fec7367d6371abc0d677da143240a843c923e500f8c11cd357ade70a51269fa4aadf68d9ff00182cd034a09a4c3acda6644705a6809c65727f481db1e2a9aa9aec82b96ff6bffa137defbba25ac787ff00d99bfc47d02c7a9ede3bdd1ad75286fe17468ee0c1208c60f395c73c669efd8aa59aa3e7c8bad5928f4b648d23c1f98d1e31708b7771e9a8c30288c7ec7b5294a89f9593229c6586f42d695ae151c59b5b888f313af6c78fad2ee5869278fe8b5622bce42a5d4ee356d0d7f2d118e68df631941017ea0fc629ab9719a55e764ea855d997e1965ac39b1936cd28990060c25ff4238aa55b182c6762a51ccb7e05b6dd5e2518bff57d11ddd4ed64fa91f1f51c579daa4b6f213a9c7f8ac0d750d0f4cbbd33fc416682e98aef56954107ff00e38e6a8f629ebd9f9275c8b7b755a144dd050eb57d35f3dcb5b7aad911e03c6a7ce181e693770abb1e9e3232bf50956927bc198eacfc3dbcd0e23a9ed9ef4ab08c2a02d8439cb103bf8ae7ff00a6cea8494765d0e7576b59623896e5bd18a68aee15908da8cb83c9c6707902a654dd19756874674c7e512cbad5b4ac7e4e58c2ca8d80e8bb5811f3f34b9d362f28baa9d7678628d7f445beb643f9759b3cee1c11fd6ba1c4bfac7ab8b21e471712ca9651946e885bb6532a35bfeadd8209ededc0fbf15d1873129f46, '2023-06-09', 'Negro con bl', 'perro', 'Criollo', 'Macho', 'Ataques de rabia');
INSERT INTO `mascotas` (`Id_Mascotas`, `Documento_Cliente`, `Nombre_Mascota`, `Foto`, `Fec_Nacimiento`, `col_Mascota`, `Especie`, `Raza`, `Genero`, `Inf_Mascota`) VALUES
(2, 1009292921, 'Eduardo', 0x706572726f6a7067, '0000-00-00', 'negro', 'Perro', 'Criollo', 'Hembra', 'nada'),
(3, 1090966575, 'Pepe', 0x706572726f6a7067, '0000-00-00', 'Blanco', 'Perro', 'Criollo', 'Macho', 'nada'),
(4, 1990923234, 'Pepe', 0x706572726f6a7067, '0000-00-00', 'Blanco', 'Perro', 'Criollo', 'Macho', 'nada');

-- --------------------------------------------------------

--
-- Estructura de tabla para la tabla `permisos`
--

CREATE TABLE `permisos` (
  `Id_permiso` int(2) NOT NULL,
  `Nom_permiso` varchar(50) DEFAULT NULL
) ENGINE=InnoDB DEFAULT CHARSET=utf8mb4 COLLATE=utf8mb4_general_ci;

--
-- Volcado de datos para la tabla `permisos`
--

INSERT INTO `permisos` (`Id_permiso`, `Nom_permiso`) VALUES
(1, 'registrar usuario'),
(2, 'recuperar contrasena'),
(3, 'visualizar dashboart'),
(4, 'actualizar usuario'),
(5, 'eliminar usuario'),
(6, 'visualizar usuario'),
(7, 'registrar cliente '),
(8, 'actualizar cliente '),
(9, 'eliminar cliente '),
(10, 'registrar mascota '),
(11, 'visualizar mascota '),
(12, 'actualizar mascota '),
(13, 'eliminar mascota'),
(14, 'registrar producto'),
(15, 'actualizar producto'),
(16, 'eliminar producto'),
(17, 'registrar venta'),
(18, 'visualizar venta'),
(19, 'actualizar venta '),
(20, 'eliminar venta'),
(21, 'registrar compra'),
(22, 'actualizar compra '),
(23, 'visualizar compra'),
(24, 'eliminar compra'),
(25, 'registrar cita '),
(26, 'actualizar cita '),
(27, 'visualizar cita'),
(28, 'eliminar cita'),
(29, 'registrar proveedor'),
(30, 'actualizar proveedor'),
(31, 'eliminar proveedor'),
(32, 'ingresar a configuracion'),
(33, 'agregra nuevo rol '),
(34, 'asignar permisos '),
(35, 'agregar servicio'),
(36, 'actualizar servicio'),
(37, 'eliminar servicio'),
(38, 'buscar usuario'),
(39, 'buscar servicio'),
(40, 'buscar cliente'),
(41, 'buscar mascota '),
(42, 'buscar producto'),
(43, 'buscar venta '),
(44, 'buscar cita '),
(45, 'buscar compra'),
(46, 'buscar proveedor');

-- --------------------------------------------------------

--
-- Estructura de tabla para la tabla `productos`
--

CREATE TABLE `productos` (
  `Id_Producto` int(3) NOT NULL,
  `Id_Provedor` int(3) DEFAULT NULL,
  `Id_Categoria` int(3) DEFAULT NULL,
  `Foto` blob DEFAULT NULL,
  `Nom_Producto` varchar(20) DEFAULT NULL,
  `Disponibilidad` varchar(10) DEFAULT NULL,
  `cantidad` int(4) DEFAULT NULL,
  `Fecha_ven` date DEFAULT NULL,
  `Precio` float DEFAULT NULL
) ENGINE=InnoDB DEFAULT CHARSET=utf8mb4 COLLATE=utf8mb4_general_ci;

--
-- Volcado de datos para la tabla `productos`
--

INSERT INTO `productos` (`Id_Producto`, `Id_Provedor`, `Id_Categoria`, `Foto`, `Nom_Producto`, `Disponibilidad`, `cantidad`, `Fecha_ven`, `Precio`) VALUES
(1, 5, 1, 0xffd8ffe000104a46494600010101012c012c0000ffe1008045786966000049492a000800000005001201030001000000010000001a010500010000004a0000001b010500010000005200000028010300010000000200000069870400010000005a000000000000002c010000010000002c01000001000000020002a0040001000000e803000003a00400010000009b02000000000000ffdb0043000604040504040605050506060607090e0909080809120d0d0a0e1512161615121414171a211c17181f1914141d271d1f2223252525161c292c28242b21242524ffdb00430106060609080911090911241814182424242424242424242424242424242424242424242424242424242424242424242424242424242424242424242424242424ffc00011080190032003011100021101031101ffc4001c0000020301010101000000000000000000040502030607010008ffc400411000020103030303020404040504010403010203000411051221063141132251617107143281234291a11552b1c116243362d17282e1f043085392f1172534ffc4001b01000301010101010000000000000000000203040105000607ffc4003411000202020201040202010303050003010001020311210412310513224114513261231571810642a13391b1d1f04352c1e1ffda000c03010002110311003f00e7173d197b09cb63e6b88f9d5ad23b8b8537b094d21ade0cc8e0103b527f2136531e2b4bc96e98cb1b8e4669cfe489b1d58f2de442fee3c7cd736ea34590b5e49fe6439d9f15ca954d3d9d28cf449ed56601b1c8a2ae5d7464de4f2389e22483c5509c5ed8ad9e345331dc990451fbd1899ed3915343727f539c563e445e91ef6fa815f091223c555424de49ed6f065d2e7d2ba6fbd75e50ed138fdb131f5bebc91c5b4b7f7ae3ddc26e59c1643905f16acb28665ed8a4fe263c9542f6c5beb7af7406e38cf6a7591eb0d18a7991b1d3e38d215c63915c3958d32d884cb3a4699ce28eb9c98c4d038bf40d90c2a9ecd201c53267572a300ff4a08cdb6174491f1bf9ca13b8d52a19152963c108b5097d4f71349b69583d0b187db6a123b818fed514934509a1e5afabb03815b4daa2f62acc32e9357788ed3deaff00c85e4c85498543aa6f8b279af3e6eb06aa964f56313e72df5a6d72eeb60ce5d7c00de2244c4039ae5f22094b4515cdb404a4330f6d7a12685ce24a585cf239159293054502c968ce693dc7244adf4c2f20527bd6672f064a7d564d55874fa0832ca3815d1ab8a9af91cab7952eda0592dc43315078ed8acf6239c0c56b6b22fd5b4496ed328dc77ed5d2e371a29e49a77bf06624d2aeec64fd0c573555d18a583d5cdb67a4498f706fdeb896a59d1d183635d31368c9adaad49e01b22d9eea7332f00f06ba7534c99e8cfcc8f206073cd39ca31070d945beeb57639c8340e499be0faf75929110b9cf6a28d68f4a47ba3dc1cef7e727346eb42d6cd7d82ac8a59bfa529c51557043ab78a33dd452fa27e06cb487da645186c8c549c8af1b26949b1fa2c6547e9a8e0b32132c8af5774489b818c1aedd0b4026ce61d4c104eae9e4d59d035208d10966566e69134510f06dec2eb6a2814c83c0a9c3237b79b2c3354c264b380eec590e3155c2447388da25c8a6a625a3d651f1442ca5d78af23c09280735a6a02957158d1a5454628584532714b68342dba9319a44994d71c8a6ea6c03486cb6b889ee651f35348b2085b2cd962054f21c56b2fd6a49c8f60bd083f3533982c8c83751c6c0183b439f34d568b9226b00038a2f74533c688ad1c6629a2b0086a7260e02e3b9daa3e94d8cb0638137ba57039aa21303a01cb2a83de98e6638033ce39c30143d84b58049a707ce6b1c82480e4b921b1f34b948dea0770c58e696a46a8140b7965f72c64e3ce28d482ea41ade519cae298a43230c82cf6b216e45323623655938e029d851f6462acfa78f8a095980fdac83ac79241f351cf91b1f1a34416df248f8ab699a92d905f0c32f16ec159707e4532518b14a6d0add9a298a9e39af2a62cdf7a48b639198727b714b9f1e3f4323c997d909a4de991dea774607abb246d9f9c1a9eca4aaab062140190691ed14a98393b67dc7b56b86b4667614d7998f8f8a9945f61ae5a00373ba5e465b35d282c4481bcb18c12215e576d038b0de305735b8901e41a6c658112882fe578a09cb63211d04dbda24980696a41b41c9d3f1cabed34e8d9827956c51a8f4acfbc98ce7e86a9aed44f3ad8aae3a72ed012533542b508956cbed34c79e2f4c2fbd69739a5b36316f4742d588552ec6be6e95f67d1cde4cb4c37967ddb89ec3e2ac83173d207b5b5b8770f1c2ec01e485ae9c2692d9c99a6e5a1a25a5c86ffa4e01fa522eb6290eae0f21d0d918d0bbe73f5ae25b6e5e8e94220775aa9b66c29a655477d9e94b07b6da9faa3715a3971f1a17dc676b78afc1a9eda74315b807d47548ed90ee23ed41c7a65267acb960ccea3af2ca0aad7778f4491cebaf8e0404ee72de49aec45611c86f67c532706858710b86e4c30119e4f153cab4d94c6cc223697444fb8d2eea538e02aecd9a2875d2815735c597072f274a36a48aaf35d6313007357d1c0892ddc9ea2fb7d565964c64d6ddc48a3d4f25c99a1d352495c33038a91d296d17a9b34f15bc6f0818c1a54a5d41c65943d9057054f9a094f28f3581fe97a7c69b59c0e4572ee937a024dfd0f61f4224238a97ec0f919cd63619b720ef5656d8e8cda45d676cde97d319a549ec2577d1ebea125a9da05531be515a191829805c6a0d39e700d4b3b5c995c2b51455f9df49b934d83d0328e42a1d44321a19c85aacaa4d4d23a9fcf81eab4c9d96ac04ea7e0d1d6da90ab69cc4d58ea68d2df0c40e2ba9f9788e0e4ae137233adae892f0bb7626955cdc9e4a6ca54238353a6df5b5c26d6c0e2bb7c7b5786726d830e7d3ad2652485356f58cd0a5271625d4f4085d098c76f8a86de145f82caf94d7932b348fa7cfe9b1f38ae559c671792e8dca482a38c5d8cbd32b9c9013c145dda428a46de68a76366c63a14cd62dc91cd32bb04cd604b776d97c15e49ed54c6c62861a758b1c1ed44ee092357a6445461b9151ddc8c781b1b303379846a08c8ada392a5a0bbe4bec35631103766a8b3e48d514301d44df1c548aac48d7058136a3af7a87890e078aeaf1e0a2b6473f3a33d7313ea1206f0a78cd52e6b07a35b632d2a078080578a53926392c2353607db9f3591c193638b69033638a7c49a439b5955300119aa22c96686b0dd0da39a7c499a2c1703e6982d916981a2409439ce68b06640a72335e6793066e3cd0b41a0799b1c52643622cba3c1a9e48aeb621bd9b19153ccbeb425b9989a9a5e4b2285f2494998c48824ddea3b11b8098a6fad49246344ccd4098b68f91f2689c80922f560050ab05389f332e334e84c54a250464e56ab8c8068f0a376a745e4f60a64ca551166f5009a4218e734793ce208653bbbd0f6112813906e5c8358d9b188be7241acce4674454a431c66b706f546974ff004c5b285c722b3c0583cbcb749a2c951b80ef58e41c50a3d156f1da96e6d0cc14bc017bf6a5bbda0a304c0ee0281c1acf75b1aa091408863752bcbd9ae58450b308e5f1cd5d5e52d10d987e43c4ea52990b24989b2a5812ea081d891dcd7420f24528e00e194c4f87048a36022c9361ced279a9e4caa10c9edbc255b3dc54d37b2b82c066fc0001ac50c86e6ca9fdd938a194346c66ca9642322a392c32a5b4531becbc1c706a98ff00110a3f33432c08f02ba0c1c5294b0f03ecaf2b2819056b9e09fa1e48003c1acce4c5a2b2ce8432e41ac8e33b324d938fa826b63b49a63a5b5a32372fb1859752c73bed9101a435388f4e121a35e59cc982b8cd07bd247bdb8b055b38a3984ca060f9a17c9662e3c72572de2eb881377a7f34b8c940a9c7268347d0ece055dd0990e3b9f353cef7937db58d8d648a585a28ad6c516327dec478a35cac2db14ea59d0c5a381800d02e71e0573e5cb9c87aa52146b1a4c72c4cf17b4e39ac84df6352c1cd754876ca79edc576f8f269609ac5b2ab6ba0a98f8e29b665b169a41d15e88b1cf8a15539215296c5faa2c976404c91e4d5bc7a54364d6e5a124969b3703dc57453fd10b5fb298493c7c5384939988618a16834567713b402685e02c84436b28f715c79a54e6864133d559659f68e3158a2b014a6c9dd2bc3ed61de9b1c63426596f619d3d6e97170338a8b90cb38f848e8705ac56d08600735176c22d52c9e1bcd871c8ae65d66cb6a814b5eed62775294db36690d2cb556923003e714138201241326a2f1e7dd534a3b1deda6803f346e25c13e6a88c70896c8e079f9e4b6b41dbb549879d81086599abcd57d694f3f6c535ed60e8c21d5037e619b2777142ab0bb82cb72cf285069eab03b9a5d2b4c33440b50ceb78c93cefc3d14ea1a7323e323152bf8b2aaacec8152c997904d7a32cb18e44dc328f7313f4a6b5917d9026d91dc6d356d494511dd3ce877a64b3c58c939f9a4d9c9e8f3164fedf63476b7d3b003e6aae37a9cbc325b29487f0c65e2f77722bbd0b94910c961986ea8b3717a5d47b4549c869e915d1e0549a8b5ba601c9f8a8d56f392ac9e457af73261c114138607464b0348228ca12d8e692a7d444d360dfe0df98972146334cf7f3a4028fec225d0a6b44f5429db4c8c99e94b046d6fd23383416d0e5b429cc2dee9261b57fbd2eba7a3c8c8b6cbed74f320ce48a29f2bae8a2393d974f95411b8d369be32d8526ca93476eedd8d54f991f00c296f6131e9a23fe5a642dec35c3012234893771c51ec5b09b6ba51d88a28c8071c8c44ea10329f70aa14960435bd904d4ae91b2464536b9362e70432b6d624206462ac8c88a758d60d495e9b910e2151dc073c1a24c5b89687c8a3c80d144abbabc7b00eea056309024e714990e88a2fdc28353cde0aeb466afe52491515933a554454f9626a594cb22819a2cd25d8314488880a54b67b0799dbdbbd25c720b47827e79a5bac1c12597dd4b7105a0f87f8a0525c5e454960252c378e4d3a09896c220d300e4d74298e509948b27b140322aa8c0152155e401734d511b162a9a204e2bcc30716a0b71438c0992091a6ee5c8a54e78363016dee9eca4f7a5ab531bd302b961787914f84d305c4becb5792c789177af7fb51b68d48326d75660422950df3496c62894c5396703bd2a4c2c155f49e98c8246693d5b61a78d899ee19a4da4f7aa15585917ee65976582f7e2a6958a321ea3942eb8621b35d5e349491cbe4294596c13b01e71567b2bc937bafc1e4ecae4f18f34d8c300379297891d411dc8a19f8323e4f1635e39a92722ead075b20edc521b1e91edc428bc8a6458122a8a2dfe7f6a268f44ae6b5c3fb7b5493815c2407736eeacb229e41ed475fe98bb1ef28796b7a8f67b194875a1955b18ae4e3816b5dfa72907b50cabc89f70b4ceae38af2835a3ce47864c0c8a071d9a2abb70ef83c62ba14af89cebf4531bbc53821b834738a689d4e4bc1a4b576785496ae6ce0b23e12b3e8316fb6464335496417d1d2a272fb2bb75f426c81da90b6741962f555fd95e862a590765156c38b094739d9cfb39128c8e99a1eab2ea96692bdb95dc07715ccb78f0ce323a16b6b232960caee4193f142b839594c2f7daf267f5c179e8148a2619ee40a757c750f20bbb2730d74bc32ed752adf5ae8d10c8ab2cc0a526288c31c9aa7dbcb10ecd1ea4eed82c0fdea88d69214a6db1e59056841207342bc8f6b425d623f4ee1b1d9aae82d64e5d8f0f02989b61614d1382fb5b66ba940009e6956cd416438a6de0d569fd36a17732ff5ae25fce6de116c2909bcd3e1b78fc76a1aaf720ba60456e91fe61b18ef5d2949a8e4463320eb8d1c5f052a38ae7fe6f4960a7f1fb2c8cb41d00db49b5532de282ee6296cf428713a3e83d32d728ad72bff00b7e2b85cbf52ff00b60550875dc871aa744db4d64e638c0976e178ec6a6aae93dc864791bc23956b363369b74d04e36b2f7aead4d3d8c6f251a65cb45215ce477a3b968dafc8d64ba0fdea096996c5688c134713e77035443622d897dd5c99e2c213c52e5032bc2113b309319028e14b63256a430b6855a3c9e78a370489dd99652204172bc62bc9ec645e51b1d37538a3b5d8700814e6d630493a9e722fbdba5924e0f1dea0b2a2ba73144adeea355f76290ea7f46bb3603a8cc1dff874eae3fb35783eb050397ef5eb66fc205432324b858fb1a91d6e479a482ed752c103144a0e24f38e4d1586aa2418cf38a7ae7ceb2395055a84314e8c49049a15ce94d8d85783217da47f14b276cf6aec71edcc76174c957a3e801ed22b672c8c50d128ae369c0071515b07f41281a8e9df4ee9802477ec6970834c5ce26ba5b5b66b72aca3b55c9e11334db398f5569ab677664b724063cad5fc79a9476638e194e9315c6ecb21c54bcab62b4864346bec5084ec6b8727963548b9d7de335bee38ad0c86193f63f6c56abca544aaf664862c646eae8f1aecb153134d71e3357ab322ba9e59cb993279a740f4960d3e9f024b8c9ab2104c8ac9b4371a72326077aaa30c1239e4a859fa6c78a6c500d8443106e3b5310b61f6f095f35a8061606051a62f05721adc9ec03caa4f6358d9a90beeb2077a5486c4cf6a93ec06a2b6582ea639667a69bd424e6b9d64f2752b8601c9c9a96522848f000694e4311532735a982ca9a3e6bcc06ca1d0e4d0e413d890e466b14416c7ba7c20a8e2bcabcb26b2581a47176a6aa499cc242855cd555c702a5202b998006a98a07221d4aeb3c014ec6838c84ef31a1687a67b14b83c8a5c91a318a71b7be2a2b1b1f0894cec1e909318d0b2ea218ce38f9aa6b4c5b428b9519278aa302b242100aedec685c3212997c27649bbc6287d96cf2990ba6f51064e7068a15619b2968497526c9f81dbcd58abcac114a586110dda98f9c66b9d7715b792daf90b00d70eafdaa9a20e24f7cbb1e5bb638f1567b9823f6c9ce17d3e3f50f3471b4df640c4873814536074698446a0a8c8a82c7b2cad87db2ae320f34893c144760fa83ba0e0d15733d38145bceffaa9ce42d22e92e41ee2b3c9bdf050f32943cd034d337b29208b274978ce2bcdb351f4da7191f208c50f601c72c87e54c42b7b1aa20ed212d8adc64f64a27b567f7f3471b7ae89af86767b05a06619ac95cc4550cb1b44445185f8a82e9b6cec555248a2691de4c01c57a11cad9b2c2f06bd6dad57b9526b8eec93f058d10ff0fb692657f6900e69caf9f5c0a95317b36fa6de016c8a817006302b9ae728b607441f15ded39a757ca9c7c18eb4cb4df46eb8740689f326fc9efc75f4627ae340835244922508e0f71577a7f2a49e1f8137d3a30b2f4bcc8e46ee01aec47929225f69b29974b7502318ce68d721790952c6f6b6452dc03dc548f9894b05cb8d9889f5bb52cc1b15d4e3f214a272b93c76a42fd33409f50bb0aaa4293cd3ddc9123860e8961d19159db83b3dd8e4d41cbbb311954361a34791a23dc01f15c251ecf25d9c18cea39ff2acf18cf1c57478b56f604a4b0676cfd7698b2c6e73f00d756c51eb8c9345fc8d8e95305401d483df06be63969a9651d7a70e26d3a6adbd5267da3e05727937378821f1824b2ce93d3f6c3d2cf9351c56c87913cbd0daf160b1b296ea760a88a49cd5f4d4d6df8248c9ca5d51f9c3aa75cff15d52e2e3c16c2fd8574e9a9a583a99518e04f03ca4961c0aadd7ac0309ec949a8b8f6eee452a3c5c943b92063aaca9281bb8ab61c449124f90dbd1a3d3eed2480ee3ce2a59d5863633ca17dc48a65ce7cd354340361b6d72c140a9ac8e199e4b423dc37b57f714863ab924103745182ce4114718b63bbc4a9af43f03935e75b5e4dec8ad1672f9ddc67b537ac304cf3d86112865c93c8a964b0ca239c11924083029330932a17a037345006686965286231cd31c134493f23d830a320f8a95d0a4c0ed82ab8d48c4704e69f571226a9140d4e394775ae8c6bc2d0480af6e91c6de3f6a1921a98be17dcc56946b636d32e5ec240e09e0e78a2e99f02dc8d3c7d4f1c916307762991ae5f6224d214dd45fe2537a8c3db9cd3273505842f39637b2b08828f68c570adb1b90dc686b1c10a2718cd2d6fc820b7b1aa8c822b56de06c65833d717f2c05b6f22aa8f194c7ab84f3eae5d8e4d5d5719c5611e762678b75ea79ababa9a07b06d8c9b581f9aa22b00bd9b0d2250547355d4c82f5b1f47328039aaa2c8da261d5da9917901a2f8a15273e68f02db0854da38a2481c923c568244e1abc6954ab8158790b6ec7b4d048644caeb11b306e2b9f7a3a543d9997565620d73268ea459e07da690d0c4c909452da0bb1e7a81ab33801c88c8a719159d80722875e735a8cc9ec4bce4d31032636b0b80b8069b144b60dd2e2323be0d3d448e45573a8468bc3669b18998c88eef564e453e2174622bbbdde4e0d1c9e828c015a424641a5398d513d59580cd0e726935ba6038341282631598271dcc840f8acf691bee16b832a15c7ef4492479b14dc5a1c1c9a38b422720158ca3e6a98c50972094cbf19af4a21465b2aba551ed3497a2a8bd0b6ea3535b198ab21915c92147da29d8c92bd3248198f7cd63c23526c3eda33b7711de91363a303e9006522853c144600a9165f20537be8559048200daacbf14a7b169918266dc42b76a5598c0f8265b283281ba909e3c06d96451aaae00e6b65261471802bce1b8aa299135a85b34c5073daa8714d1329753db2be2b2fd286550e859b3416ba84520e4f34894303d3c92b870e8c40a506f4856ca4b71de9d09086c6d6314725be1c0e6a6b9b52ca1d18a9c762fd40ad9b02b4fa63dc926bda613a232df93b8f15eb78f81d0e57e86571a67a49b80a42f88f5252331ff125c3b700e299f81142d72a4c67a66ab7372fb32691771a108b63aaba529246a345d726b29364c4907e6b857549ed1d1e9a3616fa9473a6e420d21470f02bab2325fac48647200cd37dbce906bc197d5faca0126c182abd8d74f8bc47822bad59151ea186e4f8ab3f1a48995e8a5268a59d594e4fc0a09c651586323745bd0e8c0fe886d8c063e2b99e645eb90b18135ca09a40a479f22bab566289ad9464b2697a76da0b41bc85c9e689dd8d9cd9c72f030bdea00f37a498555f8ae67339529691d3e1f12118f690658dface0af822a0574e2573a2afa0bb7e9cd2af2526e2056663ce451cb9935e190ddc55e50fe0e97d2208b0969181ff00a45323ca9b5b648a003abf48d85cdb37a31aa3f82076a5cbb7f2c9456da2dd3f49874dd3e2813dd27f3354dedb6dcdf909d8dbc1a0b4be8b4d87d495c2a81ce4d0461f2d134d7639efe24fe258d4e33a4e9e7f87da4707c7c57629a5e3320e9a545e4e736d68656cb6315529a89538646525bdbdbc07246714fa9b931738f533332b7acc7c66bab0a960e7cec9641276c4b46e27a3261b67792aae17352594a288d85beb316cbd2fa7e87760db29fd5995338cf153d956b2676369a55aa46017ed8c9a83db79065303ea0302065888cd742882fb12ed97d19ab07267058f00d1726292d1550dbf23c9a78a2fd2473cd736319329784c9db169159b69e69134d31d1c60f1d0be540cd03404de3c1e2e9524873c8a5fb98054b21114335a9001245535cfb013c606e925c041b416cfc5742be32f246e48aae2dae648c9f49a9feda41c1a33d7b2496cd862ca7b735e8c32165108ae0b27eac9ac9527bb86da86cfde81d292c82ec188de00c52b09307b845b4cc9c3014d5e053791845758c638a92f9682510a1a9bc6bc76ae54a39635158ea028d8279a62a4c6d169d505cae3757943a3d80d80de45bd0e2ba1458b2076667ae2c487ce4e735d7834c38ccbed2ddfb60d0596a88d521d5a5a1c0c8a8a7cb59c646ad9a1b285a14072715571ee6c9ad4186f0a70735d0f7097a04dadf2b3edcf354553c899c4776c723355449a416a0d310b6488e2b70664877e315ec1993c7031cd6335317dc479cf14a686a667b548c0ddc547722ea1994bc4dac6b9d389d4ad8b646da7e949711b92a12f34b923d92d8b9a9e40b9052266805b678f6ec7b0a28b33b15a42ca7914d4cf365cbfc339a64642dac926ba23354466844ab059a7ddc134f8c91e50165de7c531319d0042331ed592968f75c16adabb0f8a9256a3cda266c643c126b636887329921f4cf22a98bc9e53c9e5aca0395a378430691952b91e45219e7203bb40b915e88b9315ce81546477ab6029947a9e99cd1cbc1b1f22fd42ef382b53c8a53288e6f5739e696f47b3fb02b88bde4d3a12d099476156102b901a86c632111cb4091c600c7153658fd20098287205164f76230c209fbd67627b2592f300738af7617108874b545dc2a5b665b52d1f1851476a4c65b0e712a922c0cad37b0b7a009a1dcc3228959824b660b756588c9156576e4867316dbdb959071c66acca6295ad0ca2870f8ed9a44d16d378e4005429191daa29265ae5d85f78a23970057a3931c4aa1d44da9c1e54d31c3b1b19753e9ee12f98281fb532a4e085df3520ad2226b395b0b919adb2dd08aead9a492ee37d85bc0a954f2cadd6d230d6ba3cd34c1123639f81544eec2cb0630c1bad03a32e900768b19f9ae3f2f9a9ac22aa2189649eaba25c5bc872871f4ae7c6793a49a28b1bbbbb66daa0914d5059cb065b17eadabde3de08dd8aa81902bb7c6a20e3db07179774e2faa3302dae6fee84280b33b6001563946b5d991c54a6f08e91a07e1a4514092df4b97233b6b8f6fabe5fc517c383ad8fe0e9cd334fb8431c21b1c9a8efe6bb223a1c451632985ac8853d35c5733dc96723fdb467755d12270648c60f7aba8e6496989b2bd68062905bc79638c51597393c227ea97913deeb3045212003f5cd361c594f63bdec7d9659f5545672076e541e466a98fa6b9ac089f21af06ef43fc42d1af764659449dab9d77a759579593cb90e5ac9b0b6bf8af13f84491f6a9d26961a0e0d083ab7abec342b5746994cdd82679a7f17896db2d2d0e949456598f8ff00126e3f2ea4c24b1ec09ae87fa6625e407358f024d6faaf51d5d0a3ca634ff2a9a757c58560211c3164ee279ad9bfa2882c05b4c628f838c56574763676a8818ba96e1b6e49ab630502773720892c9cc79c66aa858b04d380ae6b473272b44e6980a2c656d65b621c72454f6cf03a10c80de1649714aae591b25d5165a160c1d720834fc26b0c564d147af4b1c6ab23638c521d0be809362ebcd6564dc49c93470a9a17942b875031b123bd1ce9cad945566073a7092e9c331ef4875a894f66f66bacadff0083b1473534f8fd98cf752d02ba18ae0823153dbc6783dee263bb230c917719ae74aad839c32a93d157c363bd1d6b0cc9e5a1ee96b0bc630057629b744128b4c726d104590a324553e40eccc5f52584733e360dd9f8ad8c921f1d8a6d74540dc8ad9ce21618ca3d3634e478ae65fc8c691bd1bd84a5aaf1815cff007db60b863c9196d0139c73575766b6644afd065ce338a8f913d94c71806ba99e2520356555a93d83262a79dda4ee6ba51ad244ed3630b02ee47bb0291741331a63c5da50007353d55b4c10796d431c915d38b7835165b5baeee00e2a2e4766b4362c6d696e18838a821c69ca5b295628a1fdbdba3a630302be978b4622886db1e49cd611b8e05743da42158c1a1b2314c08a2847a9b29650fecc60006ab8b24920e00605350ac1f310051038205abc78addabccf01dc3601a4c86c443a88c8352585b5195d457dc6a0b3474ea623b83ce2a66ca0ad23c9a4ca4036151c6722a79485b630b78f3589641c852c01876a3c1993e7b5c0af335306922c78a1cb35a039a320d323618d023a926aa84c040f3c44d393c85d9108a0e7b564de84ce435b6b652064715ceb5887265f2dac6a3b565563ce0062ad4208829604038aead2f27a2679e41139c53a4b25083a0be0140cd2fab024cf2690dc0da3fad363016d80c9b94957ee29cb47b3903b92361fad0ca41c622d9eddd8d29cd31aa2cfa188c630452d9b829b9619e29b016cf6ce7d8dc8c564d8711cace8e805250d60f2c218e41c510a68a90b46791c50b40345b1cdef049f340cd486925c208c01f1de9128647c658115c5f48b71b49e28a15033bf01d0ccb2277a3f689a7ca582132a9f8acf60e65b7e41a53b54e7069b058109b62812049f18f35545e43ea36528fb5c0a19071d33d96e1a3c1ee07c52fae4b2bb5805d4cf3499039a14922e526d01b452f9534d4d0b926596ec6365278c1ac6f4224f6398af506076a96c8b2da9a27737e0a00a6929619467274993fc1b418bf312a227c71c9ae0c2eb6e7d50f704076ff8956925ec76b0dab6d66c1627b0ae82e0b51ecc536b26aef8c13c2afb010c3e3b5452482ae6c457fa5c36cc1c6d00f34d8bd0f8cf262ba8208e6bc1b4633c03f35d9e1c9c6047caabbbc8e3a47a3676b85bb080a63be3cd43ea1cb4d74038f08d7b66de6b1ba8c64720715c5528b2d56a009219b7e1b22bdda26b9a7e0f444401b8d29b07b02eaf32da593c8c4600a6d15b9cd450ab25a3996a5abcb752fa307766c0afa4af84a0bb4be8e7ce674be94fc30d21ac05cead27ad248b9da4e315c49fadbeed474903edc99e4df865d3f0ccf3bcbb633d94b702b57aef21aeb1f3fec7bd8cb2fd3ad3a4b4b9c08842ce3cf148b6ee5dbb90d8d5146bec75cd3444de998c228e4e692aeb1349a0bdac6ce31d757163ac6b725cc38c07c13f35f63c572853b40c9464d67e848b234cfb5013e0015eb1f55b1b1f91a6d27a425b9549af2558a33e09e6b996f370f1143e34fdb186afd2fa6d9583dc45723701ed00f9a9e9e5ca5675920a50c2d18eb960b164f7aec46582768ab4ec1909c51cb2cf4708d35b08e4550454d6cdc51ec7660f7b651846231934ba2f6decf4eb48aed602ca3fa536eb328da63b29bdd2b79e077a5d36751b6c328aadf4ff00cb8c35512b842a85faa4810ed06aaa3e44d6b51170b79645ddb4e2abd225c3613a7d8995c123b54975aa255540d5d945f972a36818a895c9b2b5948d169d7617dc481818344b91101c1b299196f2f18c7c81c57a76c64825168362b331c449c8ae7d89361a6c02784997f53714ae83075a33ba7f3614536bd08b2299a27d459223b4e703cd54ad64feda12babdecdbca67e287dc6c3c2481e785acff005277a96d9c90e834cf2de4f59b18c66a26db63278486f6fa786c1cd3eba149e48acb4be6b486353915d08d69227ef2624b892357201fdaa1b6bcb2badbc0b6eedcc80906b2a7d58ec644f32fa3273572cc8742292d855a4e0639a646acf9156e07104c0e0e699ed2237e424c808c56a81a8ba07500f39ac7526786d62cb90734faa8481948796a4638abe1111261db7db54258140ef80ddab19a1304dd85310b920e5972b462d9e17e28d184378adc8256ee00c935ec9ec024f2039a4c98d8a135f9e0d476b2baccbea272d5ccba6746af0289212c6a27614763d8a139ed4a94c06c20444734bc80196c338a6c598c631c4bb460d30c44a54016b1a340e488356289ad815cc58071deb54416c5b302a4d3eb882c15dce0f1554500cf239369e6867e05b18437bb53c5436d7901229b9be254e1a82bade4f3145dce5fcd75a98e10222bd72b939aa701f6058efda2619e479af60c6c6b697a18123cd144532cb9c48b9cd1601ed813cb27f1369f148b168a6a916a80715322afa20e9c714d88a62f9e3f71a6af028ad63e3e2a5b24f23e0917c32b21c7715b161b639b144b81c8c1a2ec0b590b9f4d409b87342e40388aee2cc21e33f3429ecdc1646e1930ddc50b3dd40eeeccc926e1c0a6c24909b6b6f68f205310c134cee8e7d94c9b3cb89820af39e49d71e59037b9de300d25b1ea9c79009f25f701e69b5cff00679c475a6859502b77a1bacc6d0f85390c9f4fcc648f1532bd8e546050612938041c6698e794515c46d0dac5247e2a6f79e4a5d5940b7ba5aa0dc98ed9a7576bc915f535e04ec25f57673554b18c8aa6526f0122094af39a8e4ce8456b668754d57f3f28122fa840c024f6ae5d55a82f896fd12d134a8cdd89c46db579c8ab3dcb251c089f58b35d2755cbb7f2b05a392bc02476a83f1a50799b0e314fc1545aa9790477cc5779e4f8028e1158f8996b715a1c1b2d175188470ed63e0d46f957553d89eedad8f34ab98749b416fbb38ae6732e9dd2ca054725e75c85b82327c54d1aecf2c638e0063b98e6bc2b2103778ab2b6b1b064de34339ecada2b72ec46319e6a95437f28888dcf386734eb4d485d8f4219008c1e71e6bb3e9d4747de414a59313e9aa4a1c7041cd75a52ecb0c0504339fae757b784431cd851c67cd4d57a371e4fbb44f75ae3a426d47aa357d4232b25d4bb40eca715d1abd3b8f5bca892caf9333325edcac9959a50c7e18d5dedc1fd0a7397ec75a57516a56d118bf3526c6efcf3525bc1aa4fb751d5df35a6c721565b54c1e49e681f9c32c8acaca34967a45eff0087a3699a6c970e3f5498ae53eb3b5ab2582b72f6e0b084d7efd4258ade8ba85178c6c200abe30a20be288bdcb26f6c1a4bd70803cacd8ec09a42a94a5948add8e2b6c11a7694e32706ad8f1d24492e46c374e8f6e7eb5bed9bdd853ddb40d804e052eee3f64646ed9e47a919b2a4d739f1faf82c8cfb0d6ca4441c9c1c645034c7c3086b6e897506e1f3c9a4cb298dd3429d4a3319c2f6a6562e62192c0cd2ee3d8d7529b3073eeaf21f0e9e4c79dbc515976342e302fb6b758580da335ceb9b914c160702212a8fa573e6da1e99216a7e4e2a67397918a4869a5db471f34bf7a59f23baa686b349104c0aaa16645b42b9465b2a2b5da6f409b5ba48622aec14d7a367d98ea22da986f62b026bdefe3c99ec9a2d0da2f4c162338f357716719220be2d3d166b6b0340718ce2bdca4b1a069ca7b3271dc7e5e5e6b8dd8b5c728357a84423bd550b1a12f8cd82def53c8ea5545355f2357130268efa49e7c927935b29656c2f6f0686d630d1fb8839a997931e855ac5973bc0edcd76b8b1ec84bbba89d2631b71c55eaa172b721916a4570335beda15d83a0bb6908c9e285c123531944e08c6696d1b91859dc6c61de8a2cd68d2585c86039ab2b9089ac0d44d951e6a8427052efcf6ad34f94956e2bc816151cbc0a60b2f57cf9a34091924088589e0735ec9829e9eb997559dee5a5c42588f4fe9e07d28e2844de5e8717da6c6d6cd2dae772f2c9f23e94ab2195941d76e1e2464af662471e6b9374bf675ab467eec124935c8ba65b003201e2a56c696c6838a06632c7518e2b0c231bec19a623d80c86e0b7039a6c5e4f341244922e714deac1ec8ae442abcf15e5131c85f76dc6698a26a625ba970f4f8470632a0dba98c5b3e2bf141260344086f1de92e2082dcb30e3354535a024c0598e0d5d18ac0972165e21909af3414642f7b76f8acc8c47b6eef03e39c57b20b591ac7705968948534532dbeff0070f3592699b0ca656b941cf7a43816464cb9486ef5b8c060f3db86e4563963c98e004f0b2d03c303382db7872dcd0bd051791b59916c39ce29129e5e0a62830ea71eddb8aceccc6902c932c9e3bd67631a2096bea3702b5c8d4894a823500f7a5f7d87d5014eaa0f7adf7054aa42fba5dc7834d8cc44ab406617dd85adecbec5bad9725a71cf2695dc57b5fb2cb577b7900e7bd39fc90ea9606c6fc60020e0f153fb657a2968565391fd6b33836313edcd01c03487e4a63e08c9a801c38fb53619176414901131eecf7e6acce88d57d5876142671e295d42959809d274a92ea65690154cf9a96c942bff0072a8ca5236706b1a368388a431900724d4f4df39bca46d94fd8decf52d2b55844962632f9c9c639ace4dea2b1240422fe8713f4e68d7d64bf9a64f55bc66894a98d7df3b01cac72c63427bee8b4d12ce4d42ce7223419c67bd4b64253877ce82586fabf20565adfe654064f71efc572eca9c462ad7d0619553de06e73fa40a17e0f24e4f07905b5c492faa41dc685ca2d6077b6922bd72f248f4e9a1f55fd423802ba3c29624b3e09a75afa39cdb74deafa8c8e628e4233fcd9afa2b79dc7a92cb25519781ae99f879a85c39376fe98152d9eaf44565012535a34f65f869a7c58339321efcd71791ff005158f5568d8f17b6e44f59d07a7f42b0925b98e34007038c9a4f179bcce558a316c29535c16ce1ba898ae6fe59614db1b31da3e95fa1d11946b4a4f672e786f41315948b6eb315210f00d1391ee8fc9a5d0207bc3142bfe619cd733996aa93933a3c68b9248ef9d2bad5868d671db4a8bed183f5af8bfcc97b8e4d68e87238739c57566b60b9d0357b672e96edc72180aea71f935d8b7a6722da6ead9f97badad61b4eadd462b523d0598ec0bd80afa6e1a5eda665b36dec4124fe99c8ab52276c334d9dbb9271f15ec05d9864d974f39342cf202b68dda5603e6a4b122da98ca0ba311dac79ed534e0b192a8c87ba75f08d086fd26b9d67f21f1642e6e6391bb715e4cf03a22cae38e29f0963c0a9c4d05bd927e5c657ed5936dec52580092c1a3b8dc41dbe2913b30b01a8e4656f000bcd433b32cdea49bdbc6281e028a251c8cbd860525a4509e8216e0639fef4e8ac80d955c5e246bedc517b4d8c8cd211ea1a9107834e54bc1aac4536b7a15f278349971a4d84ee490dad35d688fb5cfdaaba699416486c92931936a92dd2f7245239177d33d08004c8ea4bd4f5624c6f8145d5fec728739ae84684d642534551cfbf1cf7af7b2cc7621a595a6ff703c8ac700a32c8e607311018f1e295186246ce29a23a8cc258f0076f35dbe33491cdb6bd889ed8312477cd54ee484fb6c8ad936fefdeb55a99e75b0f89561c67bd2e7346a830d8dcb8f6f148ed935c5a34ba069a6e2d8dc310ae1b0991903e4e2ba5c2e3a92ef221e55ee2fac471309dd002b17ad0f3945dbeaa639e3e455b7549aca26a6e6a586156d28603e0f35341fd16c825b07b539605e4ac0e7bd7918589f14681610ac17cd6e40c006b9366c5e2562a66c2641c601f35ab6f00c9e11ee9a8b676a1576a93c9c531884116bac2c3380cc01e3826b326e322eea7d2fd21f9fb5526090fbc0fe43f3f6ae5f3e9c2ef12fe1db9f848c7dd49c57cf5875e007bc03cd27030b11f3dabd83c4896359d4c21839a348cc8c2c14641355570136498de3c6cc0aaa28436426881439ac94347a33622be4c6692b4c7a96441723dfce6a946763c8c0ad67b25e1548a53679944800a28ac8b60b3202a6aa821531739db9cd50993c81cc01db34b94838126b64c52bb1445141b24639c56399aa24441e91e3b52fdd0d5592c120c60e287dd1aa9c035ce3c51c2c3d286017f30178cd3bc8b52c0758a7e63826916ac6d07ee045de983665452233791729a6090dbfa47914c6f26c1ec2e4c08f20521f92c80a6672ad9c9a745268092d8559c9bd8034128e01c8f2de24319047d6913614722cbf70aa47c506426c4b2cc739cd1a4265305694b3629f18e8539642ecedda56c014b9b0a2351a6fb738c9a4f60bae484fa348abbc038a6c6d5e0f75fd02081812a79ad94c74225899801241c525bc8e5105b8b904e4d3a10c832780399c3f639a675c19db27a887616f8a2426c0e8dfd450b9f15e4b0473cb271f51bdc4ab198dd117c5477f0f0b2752abd37806d4e66bd94246a4e7cd0f1eb7059632cb531df4ac32e93972dc93939f1517364add098494766e61d4e1b8283243571a75b4825636f43cb8ba827d3c5bcf703d21fcb9ef4af7ee71f6d7837a2ed9fb33e91c72c856d23273dce3815d1e371e734dcfe806f0f192cd2a2920b995ee8e31c0cd497625f189538e1650f63d4ece04da5d73dcd4df8f63d242a4ff6576f75a36a503dd4ae9956200c8e4d59f896d55b727b12acccb08b7fc7745b1539b8893f715cefc4e45afc36365351db075eaad36edca582fe61d793b6ab87a2f23199e9133e4c5bc440ef357d627dc6dad021ec37574787e93c78ff00eac85592b1ff001303d57a0f516b1996e59a4c7641c015f59c35c6a175a9608e755b2db321ff000e6a515c22cb6922827be2ba329c545b1308372487ba85b4d3c76fa7c1030c11cedc5450b12cc9b2ee475515189a2e9de9636171baeae1502ae720e2b99ccb95ab1819c78b8ece87a269561aadabfa3307238041ce0d719f1e307b2d97265e5180eb34d7741b8291cf2c71720bc648e2bb3e9b5f1e5f5b21e6cacc7f4635c1705998b3372493926bbdd71a473b390278b7139ad40f50ab252327c57b2175d0ca070e8e00e71433362885bc7e9c83ef534d15d6f00f7932c577b7e294e2da1dd9261315f9298519a91d1bd8d5612f5a5272735ef6923dee0cad2608013de913581d1c3343a7df24aa013c8a44acfa35d413712c646462a59cb21c2b211dc0dbcd21a09c490dafcd0618a7a25bd14735eeb207ba17de5dec3ede6ba1455fb01c81a379271f34f924814db2371a5b9064273f4ac5346a4c064b6651daa8ae51fb32516cf6da03138ce4d532c49604e1a66a6c0fb40da315f3fccab6555cf4157622488938cd49429290726b06335185a698fa63b9afa5e3e14764726df82eb6d2a600364fcd1ca7005647f647d35c3019a9ac4bc8f848b2e24da32b52a6b23db7803f56593da54fdead8cf08435961b6b6801f72d2656b0d41051b04ee077a28da638034ba73672334d536ccea913b3b29a4992241cb1da29d5c1c9a8a27ba4926d9bb09fe1b6d140581d83048f35f4d5c1420a27cf4a5de4d93b695249a29f6ee68ce47d41ef460e08a116f732c23840dba3e73ed3dbff0015ccb9384ffdce952fbc0204d9a28ccd68f4cbcd33b19d4b12418ef5eec6752cf5b8af763dd44dab5d2b6a16903027f539ff004a6d0f2c4723510dba9bd1ec081b29ed932464758d466f544ca8c021e36b72d499329844d974aeb29a9da9b59cee575c306f8341d94938b0650ebb46575ed29f4dbf96d9b900e54fcaf8af9ae6d2eab3a9dae35bee473f6286879a88a91645173f15e47984884633de8d21793efcb163902991898d86d9c05703155d5127b58ca2848c55518924a67b32e14d6ca2629886fc024d4d28ec746623b88c31e056a617607f4c8a2354cae462be694c6a7907966f934c81ac1dee86306a88b1324033cbf069d914e241271e4d266c384704a5b855149c8e5a3e89b79159266f6d974f08dbc5224c64660ad6a5464d4d2b3037b82cb13039e714eaa590273409341c83564644f279630d21bd36c1a2f285cf487cdb5971e294e22149e40264407914392bac5d3cc23ca839ac71c9741e011623704e2bd9c1b2d96c31b43debd2791781cc1294b7c9ce4f350593d94c63ac8a754909cb0a2af64d664413cd838cd5d0812499181b7303df9a6b8e0c87934ba5c242e718cf9a86c65714682ca388732107e953cf3f4120cbc30fa38e00c529379191466e61189091da9e9b6374806eee108238a38d6d9bee2125e7b94e0d5b545af2457d9fa058589001f1543af24d0e47d171b864c802bcaa3656118af8897be315aead011b13783be1d074073b9a18bfa573677d6df91cfbaf02ad6f41d1e5b72b670a097b023c52ff002aacf54cc942cc659e687a3db43b20b8804afe48a92718f61b18cfae4d347a56991bed30846c7c51baea4f13462737b45eba2e9ccdbcc61be94d8d3c75b8a3ce73f04e692c74e81cac48b8148973610cc52015536f2632ec497f3b3195634249c0ae3bb5465948eac73d52048b4eb017d99ef4938c6cddc5535f2ac6b51117433e4393a7f4920949739ec01ed4565b6c9e89e29c4c2f56f4fdd5adcb3c684c47b0c577bd39ac2cf9137b78d14f486a5aa68cce61b491d0f7f6d5fcde3fbd1c2649c6b542599235f0f566a6ed97b19941ff00b715c9ff004a9a5e4e97e6d6fe8a756eb2b9b5087d1c8f2314aaf8d629e3250acafae5a1d68dd63a1ea36e82e123593eb5d4b54d578398d45cb280bac35dd2acedc1b15433b7e923c545c6564e787e029c54564c0daea779a889c4b2b13f4ab2d8c2bd87537258361d157d73a2969d7734206585727915be43f8f9298ae8b6743865d33af34c6d851f70233e7352c636533de99eeeb18fa391f59f4a4dd313e36b342c7838ed5f4fc0e62be389794733914fb7f28f83245fbd5f25a128374e1bc11f2280607980dba9c79af3d808125b9306ec0f778a0eb91aa781682d3dc127927bd79c5247949b90e34eb3665ed525af6550d790e362edda969e4cb269145cc2f17009a0b2bca0aabf3a19e8f1b95c926b917c70cbe16656c762dd98e2a751614ad47df97600f7ac6077c865ad91fd4c4fd2aca6a4d6c9aeb3f40b748fea6d1902a9f6628426c5f269d2b1dc5881592928f81f12eb40b00c139a82db1e4aa10c86bce853068233c98e18072b1bf8af4ac94438c5164162b23e077acfcc947c9e9d6b03cb4d3fd24048a53e5466f64f2880eab1b6dc2f9f1575105e4097e8034fd2cc92ee7ed9ade4f23ae91e85668a3d3e258b079a8eab653679c45f7968a8c7d3e0d59393c1b0894a4591eecd44eec329ea110c00725481f6af7e5333a05a9000c0a646c7205ac1744c81b9ab2b4d8b932d2c8c38157c22218c7a7ed2396696775e221edfbd7578552edd9fd1cee6d988f5fd8b7a835a315e08c36549eddbfbd74f2736310bd26fb2c8c8723e2bc99e94473a9b3490453c60968880703ba9ef49e457da2338f67591f479d80e2a15a2f6b25ab963f144a46e0b5071cd1641c15cd70900cb1000f9a07309444f6ef1deea53dd160ca988e339e0f935d1e34310cfece6f2a599617d075fb4af07b1379ce307b51485c0e79d665628772a46cc3bed6edff9a4c8b2ad8cff000f7539246450d8ede693f66dab0742eadb0fcd69b05e000bc7ed6fa8a47a9d3daaedfa3783675b3a98b7b6cf8fed5f36e2775115b7239e6b30632e8e124f6e28d00c2a387154450b65e83655107827b02125205550911c914ccece08ad6f202d0a2f57be7b52263a2c4b71edcd2c6a03249cd164f14488d8e6b3a8e8805c2b67814714136052330e08e69c8128652c6b1d983dd7279e8b019a4bb530ba6012e321bbd6ad82c334f632118a5cc11adc47b2307cd29ec34813d612719ed515906b63178233c6bd88a650de44cc127836a702af4f22f20b13b46c3144de06a59180bc6551c9a0723ca9d954b7e1c11919a11f087517cec646a6446b0ab104a1c77a19a4985179182db318f3b49fda92e48d510eb6b579a2c08ce718ed5cdbde245306b001ace9a638c02067ce299c7b324b76fc192bcb4653900d762a92c11ce2510472a48a483814f934d08594cd5d8ccc620147ef5cbb16cbe1e021659236ddc9a0c267b05573a84ae369f159eda1917802323c8719af63026770bb508e403355532592695829795f254d5f18a6b42a536c9c279c8ad6c08ad8c74fb41792329ef42e781cd68f2f7436827461f3cfdabdeee513b8bc9d1e1b9b9be8cc96ea4a0f24d7c9c38d89624cfa3738a0675d4652503347f506ac5ec53bfb1526e41fa635f69d2ac9eaef23c31c9a92ce4fcfb443524e3d59af376751b332ed02641e29d73fc98297da1704ab78fa32777d4d7fa54804aa72c7da0f9a0a2a93fb3d3c79659697b71d43711a5d318a14e5803faa8b935282cc76c2af5b35a7a4ec3f2bfc36224619ce7b549c7e34a6f3367a5cc717848576bf8756715c3dcdc4af2337d6ba736aa86091db29bc8ee0d36c6cd54450f23cd44f9697840384bed9edc5bdb5d262481580fa52e1ce945e80957a329a85fae897642d9218db9aeff1b95da3966468ecb4453aeb4f9b6a4b68107627157ae4c65a15ec38bc8ab53ea3d12f6f121112e0f738ae7f2a1369ce0594d914fab21a8689a25c6d16e556423236d414726f486590849e3027bad08c792cac71e4f35d58dcf0992baf781674f698f737d346870036295ceb14609b0e95b3a7e91a0fe5f4f785b059857017aa46b7a45738f63ce8ce96bae9bbe768ee18c12316287b0ae8479f5f2d664b0c89d6ebd2357d6da341afe872c64299767071e6b69cd76a9c59b16bab8cbecfcdd7f61716170f0cf1b23038e457d5a6a4b28e6aca7b08d2dc6450b4164737b22fa2b83e2b0d420bb93dc49af0451679327d4d0c8289abd3a2e140fdea2b16429598343158a18f3c66929a8a1397260773650b30071c52e77965343f25b0471c0bc002b9b39762e4b0151dda1619f8a0ea0b0c819181ce39a54918b431b73114c31fe955556616c4ce2c1ee218d9b2a79fad3dcf2645340d725447b7b8a4bd8d5a1119889f1e33416d19591d55df41653201a923a1f2d9f246d9ce29da629b686160a5583138a45f465685bb58f92f630bb7209ae74686a593dd812e84737915d7a65847920312085ea7b9e58f8d790c8efd5a3c1a6f1947204eb68a259437dea8e4496346c225f676c8ec0b572da7263fc0c6482258cfdab5538663964513b88e4200e2ba1457f64f64b08b2390b0cd762a82c113965968720d3f012668f4d220d15dc67748c47d80aeb71d75af271f992cd983997525db26a4ae5b1ce0e7b51c659322b46934378cb2c91cccec71901703f6a72112c9b1d3ee807dae46dc1ee7f50a316677a8babad3a6f558ac95649ccc4144886e207c5493e37679894d7c9eab121aff00c57a3c6f96b953b464815e5c3904f991c0af5ffc47d3349113a4724eb21c0283038efde9ff0087fd89fcc30da9758ea7d5ccfa7daca34f85f9f598f23e947f8ea3e10a7c893f2c2f4ad33a9f4cb4896cf50b6be8a363ed390c40f9a36da16b7b35ba37582b37e5355b57b7b861ceefd2c7ce0d29b1a967c08faf2392fd02d9c68223dd878fbd2a4caa9d7929fc3b8b64c72c0aa791e696fc8769d8f68bdd1e48011b8aee03e71476c7bd6e24d5cbacd48c8bdb60918e6be5e70c3c1f470795920611f14bc1e647d2f8c56a4632e8e3db4f8a15227e986a7213325b3146a44b289078f20e29a9e45f513ea2a5734b9870422b8cf9a4b65091420ce057933707d220c5322c340571083cd31305b16cd07278a1948cc949403bd496498e89072029c52e2de46362bbb7e4e3c55d5c742a411a4c814f35eb627ab4379e50d177a4a5818d0aa4de24dc80e3e95ae317e453098a5f5386ce683a25e059e5ca9c714c833d816e3dfcd318d89edc4d84c50a86c66702c6b9024c1a6fb79463b02adc999805e6824b1e46c5f6341a4e972fa80ed351f26dc20d68d95a6941d395033f4ae1fe53ce826c3174f48460628e56f6016443acdb44c7048345558d0c506c4abd3eb7527038cd7461c9c2153af0328ba1e3700ec1fd298f90f04bd761e3a492d612428e05453be591f0d19dd44a5b3143c106a9adf6591c85520f50d1b324f44a3839ce2b54d11ca0db29ba88118a6278f02249a115d5afbf22acaec33050d0b28ed4e4f2175c06e8b7461b91b871c57ad8e818cb2f068755b98a78d4af06a28b6bc94c6bc97f4a752fe5e68edddb72b9c002a3e5f1da4e687ca5db48d3752751d8faa96b6cc0b71b8ad72ebaa56aef21914e1e4092e6fee5818a16da3b6478ac946b8f9651089a9d18dcc5012e8779f1488725d6f11f014e09e01358b06be6432c39743b9703cd7438d737b680b145af207a6196dae91248997dd9248a0be52ce834974f26ee0d52ccb08ccaa4803233daa8a25949344b3a9e3218351b4901549a3247c1a7594765e4972e24a310ca386523e86bd1e25696c54ae7f67df968bc57a5c5a7f40fb8c06f3a72c3507ccf9271814dad56be28f7bf38ad0b6f7f0db4ab88c88f2ade0d50a097f103f264fc9cff00a87f0d6f34f769ade65755e71e69f55baeb23159979401d2d6779737b99118043c93507a95d5d55621e4bf87094a7991bdbab657b5650b9623038f35c1e3f3a6e4933a7650b1916685d2bf90943b3619cee6aeb722d53c2913c2ac23a4e9fa2acf6eaddeb17a5d362c90cee70960175ad1b51d3905c5a219140e52a7b7d0faeeb61c7969ea466ed7ad20f5cdacd947070c8fc11537e2f268df9288ca16e91e751687a5f51dae542173e477156d3ea73adec53e2268e57a874fcda1ddb46332277040afa4e3f255d0ecce7594b8485f34f20424838a79e48592c8649315a68c347b16964ce3cd22db3082ae1966cb4eb7118e40ae73b3321b2af45f7972615386c714337a32a82edb14c37c5e6e79a8e5093d9d45249603a594bc7c71486b0cc4b20a6e1948c1f34c8e199258f036b0b8563cb57a550a099b514b7e79fda8156f26b2505dfe70a95ce2892c02d0d96c51e1c9e491448cc082eecd2de62c718cd3dcf31c1e8c30f25d13c78ec0d73670792c8e0223f4f1938a08a68f4d22b966419c362a98efc923c2179bd995fdad90698ea8bd84875a6e6e392d53b8fd0f514832e34ddc3754f65727e0757624531dbaa1c1f15ea6324f67ae9265578521dbcf3554a0d91fb9865716a9f9639ef4ca38fd998ef253ebe665c2a9aa9f10cf7c096e5e56c9ad85290b9db9185bc9818ab6089f2188e1a9c8f266a2ce22da0a29f938aebd4bfc691c8e43ff00236729eb6819276560467c8acf032b633e85ba916d592e3dc107b5cf7a641816f90ad4fa925bdbd3a5e987f8f2e3326ef6a7ff003f4a3f24ef435d1e0b0d3865d7f337d19f74ee339c7fa53631c0a6f261bab658a5be9ee2c80f7bb49ed180cdf14d882c45269b73796e11e565f4d773023f47ff001460e0234fd1eeed27c7a88fbbb6de41c0ec7fad0642c1adb79ae2ce31bb71dc767ab19fd233f158f0cd5a1a6a17905e5a2a5cc7ea630b1edfd4b8f2691288c8c845d433ea7a76932c30a1984ded5909cec07fd0d21c4a213d84f43dbddc1008d412e0027fdea79f9286d34760e9c491d5649f7c640c05639a741e49acfe81750d3bd0b9604e413c5723974626d9d5e2dfda38602f6d8a8dd654a45061c1a1eb80b27db7028bc00c929fa56a90a923c7268948538907385a6a90bea28be5ce49af391bd7020bace4e052a41260d1ee26966a649b9ef4716164a645cd37b18073c63048a1933302d9b8a538e434f00533139c51c208f7717c88ccfd8d590c25833390ab0b59e46c46a4d65b38c5659aa58198d3ee19d51c1e78ae75bc88ada1a99acd37a3f7da0723248f8af9ebbd55f7c0c50d0bafb41fca393b78fb57538bccf7224d358155edbaecf68ab633171627961647c918aaa2f23727c60590d3a2817262fbab012498514dca48059634d0ec764aa1bbd73f913d68bea8e11d02d561b680138ce3bd7226dcb431a20daf43036c0e3fad4bf88decf6416e3a815f3b5a8a3c597d9b192005b9174fb9f9fa53655f44510d8cece68a120b6294a4dbd1974741573d4f6f6c0658015447b3d107400baeb482688a2b0fdab7f1e52612c232d7f225ecdbb3935d1aeaea82ec0877230ad9240b790a4f7c793c1a8a52c3040e57f710d4f836c5cd2f22fba0b9045595886116704770855b1cd1b780dbd131a52c2e59066b257e740c62b253700a902939c9754b47d79a249a3cab26ecc60e056c2f8dd17102553aa5dbe8d7f4868f04c82e65456763c6eae0f2ec9a9748f81f2b1672740b6d3520404a8fe952aa7ed82ef4148a91fbcaf1f38ab28ae2fe89ecba5fb06bed7b4cb01ea4d2c7bbc8cd749748fd088c6c9bc200f66be56e6da48d60008fb9a2ff001bdb29ad4a1a6083a119dd996fa44dddf0d43d61fb297cafac1f37415cdbc4df97d46607bfeaa1b62d2ca60c6f8b7b4229ff00e23d0e5277bc918f350ab32f055ed55359c157ff00e4cbeb5c21c3b671835d1a299633239f7d55a788b2d6fc4bd47696112e4fd69caa8b7a112a1259064fc44d6ee0e032a0ed5eb2a510214a7e4aeebaa6e4b8f5ee1d891c8f14955d925a284a111a689aed8ec620043feb5c6e6712dcef674e89c1f80d4ea3b43a9416fbc7bc8a0e3f1271f9343adb23d7099d274fd16dae9d255da411935d3f6559247267c9704d056bbd4361d2b022cb8dce70aa3b9356f7f6f489aba9dcf2cd469cc9a8e9b1ca5062450707eb5d8a977ad36736dcd7660e6fd7ff0087716a529bbb4022b98fdc08e323eb5249f5975674b8d62f2ce73690dfd95d984c8ca4b79a8eda2bf383a51ecc6c6d56ee565dbeb1191c78a43b3db5a3650fe849aaf4aef3e945840ddf2320551c7e726b649653266647445cc57654b291bb15d05cb8c96899d324cd569fd117d0a6f54047d2b9b77322e5d5144218f249ad5ede468db861e295dd6721b01d5622b16ecf34e87c852d333d6aff00c5247cd51d34353c8e636cc67352db526535cb0545303b679a47b7866ca47cb3fa0ebc55b4d7944b64b01408b96e7b56d95a8ac8976363ad351163c0c573add31d5bc8c64bdf463200a5a9e7458a1ac996d56f5de6183575556565889ff47d6d3c99cb70298f8e84fb8d1ecda8ed3853c0a1fc60bdd6ca23bbf59f0738a9e75f517919da5b0761b871419fa19190d2c5d2d2e307b62b610cb2872cc46136a7185c161552a3225d98135d6b2ad312b83e3bd17e2012b01a5bd139c939340e8698b72c90255b8aaeaaf029b2c48d4814e68d2f8a25534aea604ee543c628d187b1dce240079346bc9efa36f7123d9e956c811c82a49c0ed9aebad41238d2799b6738eaa9e2d4ad1f62b0923ca9e3cd294b2c6ad19ad07599ce9f2d86d6f5d5b0081dc53e280b197db892de530c126e95f99652738fbd531863c92b9646ba7db4f7537a6b23818f731270e3ef44664fb59d3ae2dee610a23298ca923e3e9f35e460846bf6f0c5769347b2448593be771cf1448dc16f46eb525eb4b1b8c96c0dfd80c9ff005a066e0e850d847259c70229da064b139e4f76fad09809716296ae0c219621ed2b228f79f38fafd6b1b3506ff82fe62c9a74384fff0069bdcbfd685a372c476f6d75a4dc1b9b4767e7dc99edf7f8a9edabf43ebb3e99d17a77587be85091b1f8cae69314d79192c7d0fb5156936becc7039341cb8e6298de2cb0da17ba8f8cd73ba97a60d2c63be281c434c1dc6295241f921bc28a0c98d1599326b01c1176f6fcd3360b42dbb50c0d6e40626ba847c560b9303c05ec39a16814c862b52c0699175e3b56e4dc815ca102b1b3d9145cfb58d627933b023727b5313c23531b693a0fe748ddc66b9dcae77b7e07451d0744e8fb782db2ca0b37d2b8177a9ce6fc85d467ff0009db3853b0020f7c5493e64dfd9ba1bc3669690ac7b4600ef5c99b6e5918a463fad648ad22dc30335f49e8edb781362c9ce67d45771e78afa7e8c4a8316cd74256aa20b41a47892e181c669bdb006361708f58f087fa526cb521f088c2d6ddf7a81c1f06a39cd35b2c821c5e46c6d820241dbdf351c1ace429185ba1790dd9572cc33c1cd76ea8c1c495e7234b4595c02c4f149b62be87d7161c674b54c9ef5ccb2b949e115af8ac89efb5d955c8538aaa8e263c92dd6e7428bad467b953b89c0ab3d98a256e581724f289c124e33544631c0af964d3d83faa8ac0d22cd14462c2a550e40cd4339ec23c95fd38f19a4a8f662a4c593316355c6380320ec198608a3ef805c49da1781b19a6b96502f4358e72c3153491e4f00f748339228a23a16e0bfa9b56825c5bc4c1f610588f159e9dc692cce433996a69451e68bacdfc97f05ad891f4ddd97ea6bdc9e2c2b8bb2622b9f7f8a3ad74fdec9242e1cbdd3edc1720601fa0ae04b9cd3eb0458f87d772357a5dbcd222bc93ac5181920af23fdaa9e3dd27e1ff00e092d8a5ac185eabe8ab6ea3d7dee1592d6d506d730f2d39f9c76515559c951f1b63eb938c3a8eb48d0ecf49b68e1b58bd80796ce2b9b3b1bf964f776c671931ae015ce73da894dc567203796490b6ff009fa1ed58af97db0248aef3f2bf96924bc8d046a32d9ad84e139ee390a329f88b38bf515bd96a1adbcda7c4121f81db35daa6728c30c63ab2f2512d8c8105321306cadb3cb64588e48c9ad9372606e281353e727c5515e9604e5c98aff366152db8a815e6b2caa2fac4374059e79ff364b139c8fa50dbd52ea2d4dbf074fd0fa9f5cb120901931d9b8ae1ced8c2798b3a35f15d90f9156a17973acebb6f797c432467845e71f5aa61cc8c63b067c3fa89d6748eb1b48a38a02405c62ba147ab55950c9cbbfd327fc921acd3c7aac6e6160411de9b3b23736e0c4420eac7639deb9d38cf3131801d4e411e6a34de5c64755721754d08e4d3354b5de20b795863b29c64d2654ca5f43972ea5e5880e93d4cd3e16191724b3163471a12422de5465e0b9acf5cb660cf1ef20fc56a8fe89a560ff47ea9b8813d3beb578fc02578ae7ddc79d73ec87c271b1604babdfa4d7b24caa00614ca2329793d67c4cceafa9031381f15d7a296492b04167236f3564abc050b07503b30e7b7c54d3895466170c6646c1a9e49209c8a6fa3110edcd36b9213240d672cc5f033476b4d0b51355a71223c13deb957e0a6a8308b85caf2718a4d6f65b8c2145c59a771dfbf35d3ae5a12fc8aeed8c236e4f3554096e022934a7db9c514b02a298e348d39988dea735cee448d7a35d069b8881039ae5fb9b31485d7da64fea19158ad7438f6a41bb35812deadd2e572d5d2aee88b790048e40dee040a7f74fc038612148e73de858582d8a539fb56a31a0a4b81dab19ec179ba006452d98ca9ae4935e5a3033478c5d6a11c4eca0161fabb1a750bb4b0c0b5b8c5b3a7dd4c896e230bc2a802bab378471e29b7939df53dedbc329448c066ff0028ef4a865b1b2d23371450e9e1a72248e59792cd1e481ff9ae9555e16c8e73c95ea172b0ed44f6b1e4b6c01b1f5a635a010df41bcf56d0ab7aa491c0c6547f4a5e0dc86df1babf4fcc1b5dad1af63919c76c7deb707b272cea5b57bab99e75017f86d90a3c83839af04c7bf849a74ba9eb3259c484aec0c58f839a06b26a677db1e898e18806b87ddb026d03818af64cc09baaba42e12d5e48c1b8f6f0bdb1f6142cd460748d666d2a76b5b8565809c156519feb421343b9ecae6688cd04e85197746a7fd3ef468132d349d4dd3b7c2f2d3d2316433c19e7fa9a5ce94f6862b3e8eadd13f88ba7f565b8b0b92b05f28e509a075f65d59b19f59764686e2d0c0d8383f5ae759474674abbbba0199291288f8b17dc83daa3b62c7c181bb6de09a420cafd40c71cd31201a3dce699805835cc79a07114c5772a0035889e42b93c9a2c188a77d7b01a6786551deb7a98e40f7122b29c52a481ec24bbf71cd0a616495841b9f7119fbd26fb70b08281bad0228a200b6335f2fccb252657035b6da8470200cc302b9ca2df8098636a517a64ab03fbd31425e0cc015deb712c272e0607935e5c694a5e0d48e5dd6baf7f8937a3036429e48afacf4ce17b4bb48f74c98bf4e667f70e2bb1d91aab630b6b112019ef42ecc07ece86d65a1e5c161535dca5142fda793496fa242917200ae4cb94e5218a38073a784b8429d81a6bb7e3b1d09055edb80818e062a785dbc04f62096cd6798b15e335755c8ebe028c57d9f490a5ba9552335d384bba3d948517b748c76b0c9a255a3273d0b1ec9ae252769229ab488df9cb25fe107c8c52dc8f4a6915ff00828639c1ac568aefb2fb7b66b73819c57a6f257196505722a594454e453292dc1ac8ac096cabd2e298d80d910003da96cf7622e141c9a6c726367cb74a8339a270000af7522477a2843212424b094b7a91b9c961df35d69aebb42a0f39474ce85e9d10402f4dd2c8653b385e38faff00e2be57d639aec97b496307538542ad76ce59d4b4c10d9da2be5771c7b33c8cfd2b911a1b797a19658e4c25a796eb0a4b6c2c3da0f0315d0aa2f1f11585e59e88140639519fad2fda5f6c0732e409b461bc6319142a11485bb0f59edede3dd24b0a63b6e600d63ade320766c5f73d410c68c6da269dc0e0818526862abfb1b5d7dde198fea1d62ff5587d1942449e553b55717158714746aa210f1b12436aa880aad6bb5e47f444dadf778a257333a2156a2a91700f3555563622fad60457f390157b97355d72cf9219412f00ad6459b74a70a3c531cf5842edf0746e92b1b592c2365419fb57cbf37916466e2cb38d18a8e4d625a23281b703ed5cb9dccbe16322ba446f2aac63049c52d5939329574631cb2ed47a7ee74929711e64423dc3e2a9ba99c16647b8dccaedf88f7a73a81e34f4c039ab3d3f9f2a9e083d43869bec8fb53d4a48ee04b8dcb9c914c9fa8c95b9255c4ed0d16da756d9c83698c03db9ab7fd597e8827c0947c8b7a8baa1ac36bc302b2b77ad873fbbc0ca78995b66365eb9b896e02fe5948279e718abab6dac8c9d0a2b0743d3ed6cb58d3137c6a0b0ed410e5c2dcc190b52ade4c7757f489b285a7b76c28392b4fa6b8a791aaf73d33976a31c826d87906bab5c960f4ab09b0b0cf8a1b26923d08ec730d9af000ae65b6bec5d08ac07ac11431e58631589e51e621bc9c4d290a72338a3c61640f2c3ec2d4468188ee29129bce07a820e374b6e0018a45906c6d7a2e8ee9661966ef488c1a632735821346d22e178f8ae954f4492b7f42b934a795cb3553ee24846e4c69a7e9881402bc8fa5416daf25b082c0de1b78636033861f1486db44f7407ba7fa6c00241a82d8ec9305b7b6f1b2f0050ab1c7c1a919ebab08cb1ed470e448a21114dd59aa8236d74e8b5c8d9248533294738aebd6b289e4c819360e3bd37a819287b960d9ac710933d17adda85c7063792f491dc6690dec28c477a0dbcd3de44b1a92c4f15471a2e53d0be4b5086ce97a8db8d3acfd499f184c9fa575ec81c48cf671ed575cb3d4f5a2b04c9fc33b9d8be00ff00efc5329a5836585371a94f6f39b91ee8db8de4e40ffe6aef08916d99b7ba9f59d480330863278248c9fbd031891daba13a492d6c926ba5cb9c10739e3e9f14269b597488268993d34518230050e423f3c75b590d3fa86ff4b0012c858103be6bc6a2ff00c18d70689d5e2da64f65e45e9a91e187fe6bc61fa1e5be932ac91b153e681a66e88db6a905eac905c2ed00e39e6b306986eade87b886437d64f1cb16776c1c578f300d2f5098ed8a5e148c140338fde88c25acdb5a4b1ab2ca91a7d58649f8c7fbd1186166d32e347d50ea36579b678d890170005ff7a171c8499d6fa5bacedba8aca3572e2e9061c373cfcf6c0a93910cac94d12c3c0e66e335cd91d28804eb9a9a63e0052c39e692e3f633253e97345140b67a576d1e05b289c8c1358d0b625bd7da0d060534239e720fd68b003408d39e735a630696ef07835b833057f9c0c31489c4251079650d9cd2703544bf4fb8443b5ce3eb52f26b6d6504a381d2eaa2d9772b8edc572ff19c98f42fbfeabb808551b24f156f1fd322de59a8590755ea56926ef59981eea4f15d47e9f4ce38c0d8c022f3a96e3514daa0aeeefcd2e1c0856c6aac1edecc9f73f9a74d86a3826d69eee1734894b0312435d2f4b270cd53597e11e724b46822b610ae718c5726db9bd0bc27e0a6eb515401490051d14b96c5d9a3eb7ba8e6c60834eb938a3205b711facb839cd4116f23d00fe519093d855d4bc9e94857a944cb9dbce6bb144f0225232d2ac9f9a2addf356bfda17ee6c756491c71fbc64d6760672d17108c7b0a44d92f56d935b78c91c527b607c6a06bc8d11885038a3521c9600f009045785c991962f3e2845b656c06dc579018c833328344919805bd97627c5515a35c456b2bca4edcd1cf47a3105bb4933834dab07a49966941ac7508a7f4a3976367648b956c7822aab26a71c09845f636965f88daf6abd61636ee208edc3a27a11c6046a99f1505fc4a655f792d8f84e719748bd1b0d2baaecf4ad1daf351918b4973200ab82ced9cf15c5b38ae7637f47463fa05bcfc63b487220d36e18f82d2003fa5511a1c961bd1e5c77e64cae0fc688cc589f4add2fcc72e17f7c8acb3848074a6f4c5da97e296a77d1b7e5a28ad13fecc96feb498f19458f871e3159609d2bd44e92cb757acf2c921eec734ce451dbe313cab4d1a093aded231b1508fa54ff83248049262cb8d7d6e492010299ec34b0551922367ac4626f4cf39ec2b7f1df905da930d7b87bb944312119efc564a118472cf2b321e74383d2fe2005b1e45731f3a49e223957dbc98fd76ce1b3ba523191dabb1c1b256a6d9272611accfdfdcbcce123ec6bb355692cb3996c9c9e11d3bf0ea261624c8c3000af95f5ac2b3e25fc58bc6ce8ba65a4372e32462b91456a52c4865d3705a2abfb5365725e2e5734db6955bca021639ad95dcf55dbc56ec97241c0c5575db3b23d5ac831a3acbb459981d6d6b15e130c676e7b8140e8ebb3a11ae535b61afd4bf9b181113bbe9514a2dbd8f54f54790c227e71839a0eee22a704152587e610249ee143ef35b44fede3c142f4a5a37b828cf7ab2bf529a581538119ba867d01c5bac0f220ec56ace2717dc7ee649675e4035beacb8d52dbd2f49a3523926bb74c7afd9eaf8e93c985be74338c8e7b55b5cd8eb22920bb291624624e29d62ca22ca4c3ac275918a83963c0ae6dcbeca60c7173a696b3620e588a4c6f59c07d1b31ed68d0dc156ee4d592b138e808d6f2398588842fc54a9fd943450f6b24cd9cd6cad8a479458cacac02a02e71504f95bd0cf6fec630c310e370a38f29899521d0d942e703049a6bbf4075c0f2c74788c7fa066b8fc8e64a32c06a5816eb5a42c19743823e29fc6e737a6792ede4596375244793c8aa6c927b0bd8c863ea1238da338a546b5262674e0a9636939248354478c84b938954964f2e719355d55f505cb226bed2dd09620822ba955892c316e3f62a74da482b552d818059e2e338144d1ec91861248cd2a41a18c5130c2a46d2367b28cd2a357761cad50596752fc3fd38e996525e5dc08091b81908c8aedf12955c4e172ef7648e45f8aff008a37baeea52691a6398a046224901fd5f6aa7ae5ec996909fa66c1920675b425570cd23e486fed544560530ad5154c207ae84b9dc0090e07dc563092c20de85e8eff001ad5d659a57f4a3c166238e3c0ac9691e5b3b0ea5d4da4f4f3436af770a49801519b1c52a52c2c8715919699ac1bf52c814a1ec41fa50a6d84d60e77f885d1f7173d409abda2fb9701c1f230451e0cc99dd07a31a2ea88e68da40b1b0e71d8e73fed5e31b3b55e6a525968cf2989a4751fa40e49f158f478fccbabf57f54ea7d412c86ff0050b3884e63115ba8fe1f3e7352ced826fbbc15c2a934baa3a1fe13750759f54dfde5b5ddca4fa75aff000c4eeb8676f1f4fbd6c3e515240cfe2dc58efaca19f47612cb61233be543c2bdbfa5531f04e24d3efa49a064b9825da06edac3f57d47144918c2eff42b5bd449216b8562993b3257f6a1c9a914f4cc03a7efd7d442a1bb296209fb8a9ed8e5606d52eacea96d3a5d421c63915ca9ac68eac5e4aa6881278a9a687c582cd1f18c52dad06981ba01cf9a0f0132a76e28d4806802e5f0a79af6409092fa5da0f39af214c417338df835a2983b90e38a16cf605f73953c57948d481d6439a0931891262714b1891435cfa7e298abc87d41df527fd2a715ab8d1f2cf05d8afa8324649f34163c690513dbdb30172051556bf0511642c800307b8a3b2591ca4365b80a98e2a7c9e722db79d4ca01a5db1cc74076c1a5b49e18a205b15c5ba32c80db05d4b5950842ff006a0ab8ce4f61a960c56a1aeca652a32466bbfc7e2a82c8a93c8e7409cbe32e771f149e556a5b0a31c1b4b487728cd731d282cb0892d630a734c85583d9628bbb684920e29bddaf079a31daa4096f3ee5c574a9b328925a60b25f08c004d31a6667255fe2240ce7159d7236314109ada04efcd04ab1e92175d6b85db03be6b630c013fe8fa1d4771e6bcd0be8d8c91fd48f38e296c54a0d0b6eeeca640ef4e840c88b5eed8b814e7041248faed8c90fdeb23e46492c1669712b670334171e844be6b1591a8616610d55a66c6d7f08af5e60f3df5bac4396d80923e94dccd2da256be5a05d4ba6b4de9bd7ed05a4f24d33234926e2095c0e3b52a7294e1b1d18e1ff0066765b3bad62f8a5a4324d0598f49594654b9e5893f7acbec8d71eb27b636bdcbb207bae9cbbb64f5ae368cf600e6974dd193c44a6d4d4722d8a31ebe0f6aaadfe24b4bde59ac1a569ff00e139571eb30cf07915cc727d8a9cb469f4ae93b0bbd223549009013cf9a8aee54ebb321c17658115df43dc477c1629b7213dcf7157d3ea509c76892eaa516686c3a361441eabee38e6a6b39797a46c5b431b3e8cb18ae04fb7711e292f9537a4134bec72da2c312b4e916dda3b91412aadb5191b23162c96646b63260edf9a89f1da782d84f0f1930f77a25e6bdaaff08304f9c57d071efaf8b4665e48b929db3d78189fc3978c8c39cfcd4b2f5b5fa0a1c543dd134f6d17114aff00c327bd73b91c98dcf38d9542a7146d2cee2dd901b79067e86a1716b684496f0c309330dafce689665a62da4bc1cbbae95acb5160a4ed619afa1f4e845d7fd88b652ce50274cc56fa8ab6e5c95ef527a956e0f474783739793676762b120db167f6ae361965962fd8de2b6db11223f77dab5453239d9fd959f517c1a43865f83d09a64c19f6ee0a69b1a3fa09e19e24515c3932a027ea2ad837058429a44df4ab49d76bc4a3f6a7c392e20358f02f93a134cb97de557356d1ce622dcb31dd69d3634045785c9463db35dde3723dcd3209c1ad99ce9fbd0972a1ff00cd4be65798e8a287bd9d045e45e90e476ae0fb4ce829217c5d389a85d3cf2ccc83c01476dee2b083845036a7a4c9a7be118b21f9a3aaced1d832586556520de43e2a6e46475690ca495163ed53d55b9336c692177f88056fb574a1c5d114ae1b69baa0deac7b5365c7f88af7326bac35687d3fd5cd7cff002389394b482fa07d5dfd68c94c60d53c6e0cd6d9e8d8933342ddcb938229d64248e85762c17884af2c4e2b69ca32d49855bb20e0906ba517821943235b558d978029919134e253aa59472424f19c51e4f2460f52091bb78ae871e6dac3153d0b9dd08c66ab1393e8dd6353c678f141d72c3ef846aba334a6bc985cb93b49030ddc557557839dc8bb2f468bf1235c1a274c4b15b4c892baeced9cd74a0b08e7c9e59c0b4ed1279d1e796da47ddee0f8f35a10f2c354bed3ad1ed1232030c3065c923ebf4a67601a017b80f28563e42e14703fa5076d878d1d522d335a8f4332e8ab1c52347940e3b9c7d28649b3d1c27b3836a56dab4faccefaeabc97e9361a39b7636e7f96932cc258eb91f0c4a39ce0e9bf849ae7529b992cae6da63143808b229076e4e3fb536b4f1b15635e51dc67b35bb55793018a8c8c763479140967a01b5ba7902ababb0ee39acc9e46963b459557d8091e0ad0b084ba87e1bf4fdf4f34d75a5412c931dcce5705a97eda7e504a6d781ae89a2e9fa25badb69f6b0db42bc6c8c63147d4cc845f59dadd36c9541f2062b4c021a0da40772dba3f18c7d2bd908124d1ed6cc9c422353c8c0c6284d124da3c6d7a1960497078246715e6b28c4f635b11b4b478c6df18ae65f1c33a754be2112462a7711ea40b2c03e281c0353029230339153cd0d4f2017380a71486c3125ecbc1c56c642a68417d3f7e69a4f2620b890b3139ad308c6c77633499b0b07d728185254b06a400d191e2893c9a7ddd4d1a4145805d1c138a7c47645eed96aa22b42d8ef499908c31c1a96ead98a4157ce15060e4d2abade46a90b2295a37ddfda9b38e838cf65d25fe40c0c1a95a28ce51f45a8156cf9a6a8e56016308b54965c2e4d2df1d0390f86d9ee47b8f7a7c2b8a16f22fbad2104bc8ed4e6d24647219650ac003f6c791525981f1931d45d42902aa96e6a55436f46c9a45f2f50a3a7eaa2f60f644b75ad658e09a0750129e0517b39b839f34caf3110d76145e46fdeaeada66b8b401ea3302189cd331b37243d461e6b5c72794c8c5134ae4d2648745e4696d6072334990d8c4791dbe21181e285232c8a628bdb4324bed0715542488e51c02369e7230b934dca60a611fe132b47c8a5ad30dc9308b0b230fb48c1353dec656162d42b54ce63e2cea8da8c50c67f8eabc7935cdab916c1e3e89f0fece75a8de5b49d632db1dfbe5b7cc730ecc5bc8f8c576250b21c7761e834ed5163cd36d534eb030daa8d88372f19e7c927c9af99baf95b3ed23b75d3182c22ad7ac6eee346582dec2491b20eefe61fb55dc04e137293c13f2ad8ca3d4e677b05c69f77e95c5b4b0c99fd2e8457d2422a71ca672256b8bc0e6c525684b88dbb5416f48bdb2bafb359343a2ea5f95b125e5da771ee6b9bc9839cb0917d328c56cd4e8e9697804f3dd824f8cd51470d463f221e55f997c4d55a7f85a808b2a927eb5557c6ad699ce9cecf28284f63112158122b6c9534f9052b2653737a93dbb428b80dc5736df5458c4114d5c579cb144f6f6af1a5b9c2a8e6b993e649ad23a0abebb0f86c20b640628d40c77c5453b653f26ac64f99377205247c742ed42d43464b600f9a38653c8f52c98c85b58875065b1de63079cd7778fed38e6c25e4e57f135da7ea1acb8c491761de89d357fdac930df933dd4d6575785a69236c9fa5328b141e1143a938e0afa1ed63b595d26f6863e687d4a7df06535bad3c1d46d56d44436e31f5a8eba6bfb64764ac2571776d6d1125969d1e3c7e84fcdf905b3bcb5bdce31c51c69827b43fe6885c6a96566fb6491078c66b7a47c21e949ac80c57905cddef56c278fad62a1499e96521bcc1502b0230682fe3748e5030967401a96ad069f6cd296e40e054552ed2c2198fb6735ea6d56f3a8c2858d8283c66be9789fe37b64967c8cbcb6179a6babcb13203c83f35d54d4913bd31ad8ea92c857739c0238a9eca163436161b7d3f524088b9ef5c6b29792e8cf44f58ba89adf07049e2b69a9e45d9668cc10d1c80f8a7594a68185ed061943478a9e35f566cac720558d158ee154c64c0eb90b495557db5545650b6836c263ea00ae79fad7a518fe8f61e0d0c69b946e626b3b216912fca991805e0549643b32aaa783cb8b2651c106821c7c6ca1db940725b7a7ce4f6aa7d9d13bb76796f24f11380597e2b6153fb02c926597b793b4457d36ed4f55087248c26b7248253b948ab2986044e59162b377ef55e059758a0bdbd481a4206464004e7fa53ea87d935f6e3475ed2da1d32c963445e1467bf155c624126732fc4bd52e355bd8ac84b98cb7201c7ffdd5515a12cd3f4674b3a5a2ee385da3eb91fd78a27e0c08d6bf0e6deff3b6e248b771dfb525b1a9155bfe13e9d66226f55d913dcd93facd6a5f679bc1b7d3365bc296f1a15545c00478a36016dd69f6570eb24b6f034bfe6f4c161fbd1260b8ec2f4dd1e2371be38e34e46e6c726b24790ee4b28d537020e3cd0047c2d82c41dc96e73c0e284d41da6ba3e40c6078c578f074902483b7ee2bc68b6ead5e3c9552df38adc9e4522267009c67eb5e34f99847bb3dbe86b0f220e826888233fb509a287b278e4e1881f6ad3cc8184c739776e48c7271515f1cecb38f2fa26706a54540f2bd0b4126033f39a9ac88f8b14dd48aa0f3cd44e3b1d9d19fbe9864d1423b024676fdbbe29f82492134b904d633523e8db1de93318917801fbd49367b0533c631c56d6c1602fc66aa48d4c1271bb34d435301f4b2f4e52c1920b8004c11de989e742c259fd418cd7b183532974da2a7b3c0e81432d46cb2249216f00d3e00483ece3656e456b047b05d88230077a1cb466806f350dafb8e281c9b09601ceaabb70a464d2f0d85a4511b3ccfb81acb2de882aebeec209741839a557c8521d3a1a03b967539e6a858911ce0f3b2a8a56738ac9c7086570d854d0078bea052e16618c9c1604f3dbfb89aa15c4525806fcbfba9eac0530db6871e2864f2314f038b555207c8a538ec6ab0601b0bb476342f4322fb023c418d029ecd956996db5bc5bb3e6a85327758c2658628f9c579ccd553139dc26240e3353db38b0d4701d6f6cce77354d94137832dac8d71cbc93bcaaa012402702ba743a22b089ed85ade41fa5a69bfc6ac5ae599d444768f3b771e29bcb69d3388aa53f722ceaba76aba6d9cfb2f2d9e3c8cfa99dc547d411fe95f3fc455a7fc4ea72636c96548d4596a3a66a385b39adee09fff0018387c7d41ab2756b2d64e6e5c7c845f74fd96a90149ed9674cfe971ca9ff6a91f6ad76ac253cbd9cfbabed93a763f4608488e50db73dc63eb4aa6a76cfb365bf91889cfac7f33aa4e6dd1c8058f6afa097b74c3b608a2e76cf099abb1e9c9a253bae1b81cf3dab89673db7a47561c68a5b174da95c69f3b1174c1578186aa636b9af8f9315704f6697a5ba8526243c8ceede58d727995cfb6c2704ff89aabad6a1b0837cae003d89a8a34c9bc0acf5f26475aea8696556b6ee0fed5d4e2f053fe40597fd2347a575705b48d6e54e7152ddc24a4fa8504f190a97acf4f8d0b6ec60502e04a5e0f3b30f0c53a66b373d4d772320296c8700fcd2f91c754afecaebb56346aecad523c2a4601f9a9d49bd0ab2434545b55dc4649aad4fa2d92e7b78059a7b53fff00d2aa0376cd36372f279467f42ed56c74cb5b392e536efee314537192f23aa7372c19c8b59bc36a15188e719cd2e34c5bce4b2506bca2d596694624919b34f847ae85492fd16c93cf6049898a64607d6abf6d35b2752329ab5ccb73a87ad3caec478cf14c4b0b081de7235b0d419828048c62a65071639d9918c5d417f34e626e2351c56ce09adb01347922c9ab4c3d62760f19ef53c528783268636ba3411067da338ab78cde764b37f485baf69c9259c99031deba30bb025ac98c8edbd0ce69caeec0b8e0f57569ade40b14868dd5192cb3ca6c6f677724e37cae58fd7c54f2ad2f01e1bf25b22f218f6a5c838c0a5aed636c77a574c87d4f1a732b671c56c6183ce58204c8480a09aae2b4076cb1be9b6ef1e09073dea3b27b1f18ac0ccdfcf1808a7fad06da31c121958dfb632d8dd4514feccc07b5c6e5cb0e6ab8c3ec54a5f452a2390f27bf8af3781638b0d3629476154d4d31363189d0a2917f48fe955b8268965362dd47a3ed2788fa90a313c722852c0beece53d53a4c5a3dc32c676a9fa76aa2a8f60e7675457d25e925c991de2663d810793f6c55d1584736736d9d111da5b72f3c610630a221de9b1429b1341d2c97daa24c6238046378c9aa10b6743b3d2e3b58022aaa81f158cd45b247130c10323c9acd05b2978e39576e0851e4f6acc9b8fd83bc0771605b3e2b3b68d48b2da1965601d3183ce7b57a2cc90e6dd046b81db3927e4d3059f6a37056db702a00ee58f0a3e68719344375d71d3b6f03432ea065957b2c47b1aceb8d9ec8674f75369d7120313cd1ab7667ed5ec64dce3c9b6b798c83dc463c11401af07b2641ce78af1e069d559772f7af1a2d65575774241f23b8af33c796d768a064800f1426e0b25557e707fa578f6053a86636dd9e3eb535fe0a28f205f9a5f9a8f25d8069ee97c1a06c342cbabe5504e693241a115eea20e7dd534abcb284c417b7a189c536358b9b145ccc1bb9a63888605232f7a4c9048a038dd499a0d04acc318a965066b3c91b2b5b080a6c0266001ab2313100c8f8ec68ba8c282ca0935be0d3c129ce2893331918db8dca38cd6f70d40fa71b05264f2322b00f1aef393499229830fb758c1c1a0ed80dac964edb109438fb51464d8328e8123bd39da5a9ea392493d83df4e645c03451a81ec008b267f51c51bad7d1aa4c73a5ca108dd835cde6d2e4b45dc6b3af919cc5586e0335c885534ce83b62d00dc26f5276d74a96d1259860b1154707b62aa92ca129e02669f7ae139348f6f00ce60135b4c7276f7a38a44d24cae2b524e181fde9b9ea7a30c8c61b4c80281d813830a860f49b1dc1a253314187449ea30442013c73e2865965704a2b203a86eb697d26eff2283ae07464a5e085bc8e0e7b57bb60f38862b6fe18ff005a459634816d2088e08873c573276c9b12d9789157b735e8cd82d649eb11d96b17526970fa8243dfd2ec3ef9ff00cd756b8aaffcb81939b7f1333a7e8e96fd6125aaa4919b2b507de3f9b39c8aa9d92971fb3fb64aa2bde497d23a2c1a64070b283237976ee6b84ac699d090b35fd29b498ffc4ac24314b0fbc15ee2ba9c6b949f564d62525b02d0bf1bae2293f2faa69e2724ff00d5808071f553c55b2e1f55da2ce5b96f0687a8ba9ba5ba9b4830dc0bd5e77a6d886e43fbf06a54eb8bc0c8ca48e4967aada6857d7052532ae7d8c5704fed4fbaa95d1490ea6d509659edcf586a13a34702b2993807e052e1e9d5a79914cf9736b081a2d2eeaf3067909cf8a2b6c8d5fc50ce347ddd36746e94fc38bb3642e6272afdc023bd712ee54ee6faad1d85ed50929334f7fa3d9be813477d8f5147193cab0f8aaf8b28387cbc917269ccf5e0e52d3c6927a608215bbfd2ac55bc64e6693c079d7a345080038e290f8927b298de92c13b781f54957d4f6467e68652f696bc9ec777b379a6c963a4d9ac5090001cfc9ae15b19db2cc87a585841b6bd5b6703ed9081f7a6c78b25bc13d9fd87dd6bb6f791afa2f93f4a1b6b7f66d11cb166a8b25d2039231c8a4a78d1d2aab4844f71201e9ce4b2f8cd14733d228c287c83eceda09382700f22b6354e2cc95f168656da5c723800f19a6ce72ad6591ca719783556fa2dadc4437a0381f156d2fdd864e65b6384b42ad5ba1f4fbd52ca0237d29914e007bcd99393a42e6c27f690e9f5a54f9111b1949909216b70432e0d794fb070b37865fa7caa1793cf7ac956f3919396513bad5a58e4051b017fa1a7d69a2796006fb5192f00562a13e05372c158017b28ae2223b1aa69fd8b9a11b6966dae77939c1ec6aef772808430c6d671a70cc40148948a944faeee3d4caa0e052d2c9ac044658f3de98e3a07b0db4fb35908ddcfd2a49cda679ac9a5b3d1e1700ed14d84f2265a0f3a6c712e700564a07a370a6f21657cc6bedf1f5af2490fed923690c864e722896327b2692184b5bed22ab5e304efc89eecbc329038c722a3b57d21d14871a36bf1c58491b068e8b9c74c0b29ede0d2da6b90be72471f5ae946e4d114e8681f5cea0852dcac6cbea1e00a6c7e5e095c7af9391eb5a7dedf5f19ae411cff0031e31f6abeb8e1689ac9e4959cab6b3058522c8fff006c6589fbe2a8893b36b66649ed509560de431a7216c7fa544fc61d13e806298999d47722aaa770c7e6b1b3d80491d39c9228432a20153b724fd7b5633724acc0772848247739af43f47a5e0358478c2be48a6685ec9a3ed5248381e2bc8c672afc76eab9342d160b4818c6b74ec646538ca8f1fbe689351db330de91f9ca4eb2b9cb089d87d8d04ae4f580e34bfb638e9ffc62d67a7ae23da16e2304168e424823e296ad49e7013af2b193f5cfe14f56bf5774959ea6d118bd4dca109c9500f0335af7b3318d1b667debf5ac3c259f5448f50168654f53f56ccfb80fb569a80defff002e642109049c6285b0d2034bf064da63c8ef9a5e42ea32b6b9f50e067ed5b905a15f53ea90c5888a82df353def5829e3477932f2ea20767a8fa1776175c6b9b3233cd7ba9eec84b79ad190905b02b7db354c5371a903d9b343ed9bee0be6bdc935bd017205927cf7ac7003b83bcdbb8a4ca0129111205f34bf6c6c59f09c039cd0ba4668f1ef33c0af46ac0bea053cfc124d39403490b67bbc1a2f6c06c824c1bcd2e513c9962b0c8e69780d343ab191760c9a44de1944707d72ca7c8ac4c2c03efc7039ad6828b2c42c0f079a5c921a8ba472539a5af279f814cf2057e2adac924b64e17dfc9a676c18a392dda3381e6b7266036d34d9e660541029339c50693361a6682d242372f8ae4dd349e5142646f74654180b4885fb0b1a3337ba3cbea9d8085aea54f289e73482b4cd33d2e65c1fbd2ee93fa0ab6985df8b648f00a835341cb23da581296883ee14f9378063145d14cb834a4db0e4905d84f0ab3c92f38185155d31cf925b5e3c00de6a6e6431c000f9fa53fa2314de360d219644ccadb8af22b5d794146ec128af15540a82d8b450acc8445397618a8a79fb066c31a52ab9cd4dd50bc17d9033b7278ad7888691474c6acb1ea8acebc918dd5d1953275e077224b29a1940227eb7d726665012d51724f9228a1954423fd927ff00cadafd1b88bf2f71109239108c77045412865f8294f28e79d6faedd5d5acb1d812d0a644ab8f763e47d2ade0c21ee625e41be128c3b239d69edff33bdf8fbd776e5f1c2388dfcb269ee75586dacb82324571e1c594a796393c8aba77424d4ae9eeeed87eac853e2ade45dd23d60514d09bcc8d0ea9a75ac4c86150302a4a6727e4aac8ac0bedefd2de61ea630adcd3eea3bc3089e8b1c2793b07497e2368f1587a724e88546304e2b89f8d6d5f1713a7728721a929183fc4deb68afa430e9cdbb71c165ed5d2e0f05b97b935a13cae52856aa83d98dd334bb8bd4dccc431abacb145e082316d0e6d742317ba41dbc9a9acbf2b0874697f63bd22c65d42f12dedfbf93f15cde44d46396550d2362fd0b27a636cedbb1f352c64df8467ba8457fd11a8ac9c3171f6ab213fa68458f211a5e99269722a488d8cf24d072ebed1ca0f8b6747866b5ed9648032f622b833675213d997d723581490bdaa8e24733197d8940456fac4bf9c488f00e6bb928251c9c5eee4f46de29e4b51088e32fb8649f8ae05d9b1b6d96c128a185aeb57eb78912db37a47bb55de9f5b8472d9272145b34a544d1063c1356ded75c92474c4fa85d2d9b0560486e2b8ce8736de4ad4f1e051aa69a2fedd9e11eeee2ba5c08767d49af78f91918eec42ed1c99475e0835d39d580ab9e504c500b942739cf6a05148f4f2017f652c180b9cfc56e1191c9e5bbca23cb29181451d069a17dd5e2c9215ec477a6c62c24d1f24991853e2b5c42524156f093c63bd2f290586cbded70722a85b12d3430d3e28e323279a9adac28bc8feda6f497f562931781738b64a4bcf55b6e781fde9b2b160546b7908b7896500900e6a5949e4a92c20b8b4d01c3003e68e36e006c3c43e9a1da0fdaacaee58132116af646552cbc37c51359d8dad98bbcbb92d65fd582b40a29b284b08ba0ea59500393f5c1aa6a86c55b2c21cc18d4a2f525690f6391ff9aecd15e11c0beccc81f52856552a67909c636ba8e3f7aa52c12e7266c09addf10bb85cf2633b57ff009a28b3cd1b1e9dbe564585e562de49e29c98b68db69a8b0a82a4f3ce7e6b726e03de572bc2f1f535ec9980299995b3c93f4a108a9eec22fbc919edb8d79b3c570dd84322c6c0923839a053c0ce9f601a1f5358ea1aa5c69a9761eee039923ed8fb7cd6d397e41b74695e558d3f5633e7bd50230728fc7ad0a6d77a7524b68fd496ddf7f1df6e39c5659868d82699f978da7a1236e24b67e3153b1f109b4852791626b613166180320835b1925e4f4a2cfd99f83ba7be83d2f6b6924eb23300e7691b63c8fd231f1f34e7e04e36743bed422d374fb8bc9182c70c6d2127e8287078e59f8777179af6a5aa6bb75eb2066db1ab4dea46477caf1c56318b48da4730ed2051cf714299ec05c7024dd8295fb56e0c0910242321476acc23d939c757df85bf601dbb6707b54d28e59656f1132b717afe09acea83eec533ddcc49e0d0f509480a57672793598c04995302a39acc1ec953735aa20b652e3e6bce20e41c9f750381bd8914fa57bdb0d48aa41b54f158eb1aa60864db934a9446260971316cd79209bd0ae67667fa5392d13c99380914b9c0f29058ed9140e28d4d84c32b8f9a9675ac8f8cd84e598720d0a82417b85b0a73c8a558321604e15454eca6134c12ee5655ef8a38579664e623b8b96f5319f357c2bc223959b1969cad2e00a96d6d14d581c586992c970032f14995bf118e0741d27458d23566515ce95cdbd9981d37a56f161702a3bac583611d99dd4aed777718a555972286b081a268ae17822bb154f0b673ec836f40b790fa68de9f7a3534de0ce8e266b505937125aa9518e028cd89de7646c64d638646f72f5b83b7778a1551e9585b05cecb292627f9b02a851c086f2516970a24dcc4735ecec2c6835e741c8618a66742fab2ab883da1d31b5b914a957d8d8d987864ace4dbc1ef5cdba97928ee9a273ddbb7b5452634e028b45fa7df3db9f71ef5eb28c85d921768f36ebc55ce39aec3828c722a76b9cba8ef4e9c5cea5ab7b124796658d091fe55e6916c30a0d7d1b5aff2497f46974eb4bb30bc6ccb02cc380d8e3ed8a82716fb63e872928e328035ed26d6c2c12df21a47fd72762452b8b29a9f661ce5dd60c7eaf696b696fb805c81c1aee5164a6f0ce75f5c5210c05ae00690f03b0aaec863c12d0ff6196fa835ac9b63cfd8523d9ced94caec7819c97d34b082c8dfd29518413d319ddb5e05eb637d77337a76eed93543b6b8af227a49bf01c9d3fa844a5e4b491540ce714afc88674ca634b685d2466690ed1c2715467284b8ecd9f4ddaccd6c24581980e3b57379784f03a9635974dd42e94886dc8151c5a2873fd15e98d7fd373b349065dfb7d2977d50b7ecc8b696cd25bf56dd00bbe3fef4855f5f01382635d3faa0ddc9e9fa59229b1b947c93caacf8195e7fcc20ff0097fed4e528cd684fca009a85f2da59844421b15cfbf84b3a29ab95f6ccf5e9fce40c580ce2bd554abda32de44acd19ab2d16e2f353088bfa7cd5565f18c360d4bece9da6d89811124c120015cc8d6bb6474ec6d0c43a4128185e6acabce1089cb5b1a70d182314de4a6e24d160b75671dcafbd0135cd92cac21f19b4c1eda286c9887c00dc0cd5fe91fe39bc8ae53735a319d79d389086d460206796c79aee5f1cec0e2d98d312685708eb8270476ae74be25f2591dcf6c97183df149f7b0ccf6f4151e951cb0fe919c5570b13249371319ace82e9784a03cd531ba2b4cf45b655636255f6b839a1b2d4551ad8d3f2ed6c012bc1f350cec59d16461a3d556c8cd36ab454e28b2075128cf1f7a64ac46aa9e077162742571915158d3f007469ec0e64915be08a9fdec6987d10659ea061c0239fad795a2e711ed8dfacc000c334a9dcd0a700b7be58db631155f16dcbd8b9405d7d771b2376ce2baf1da3d189cf3a863f52662bd8d0a8ef4559d61890c8b6f1932b0e3c138cd5fc7adb641c9b524f0cddf466a36f716414286ec0af26bb305847026f2c96b76f124a64f5c018fe65fed8ad6644c8dc5cbac85e345651ed070715e8b09a0fd0f54984fc470c79392db79a6a62da3a669374d2c6097dcd81c51346646aa599f0ded1f7af23ccae64645c2ee22b5a3c981493c5929229247d2b19ab203347875784f00e71f3489a1d07fb39b7e22db5cf48ea30f54e963649b8098819c0fb0eff00bd141f5664fe4746e94eb2b3eaed1a2bfb76dae0059a33dd1bc8a7390948a3a8ef2d4db48b2345b946e23c8fda96ec4f43556fc9f9b3aa2d12fb5294db5baa0c905b1b79fad66b0161f802d334a56b8416f7910914e71bb073f4a152d87ed4b07e92fc33b9bed26cd2db542048c86488060729e4fda9ddd2d312eb7e519dfc4ffc68b7d5ad868ba1cbba1f544771311fa9bc01f4f93471629c4e99d21629a374ad9a050ad3209194739279ef819a19790bfa0f585e66dd23631d9697809b1a5a6f41b49c8f15a084dc4822859d8e001cd633c721eaab88a5d41cc716c393921b20ff00e293f657158423009af4822a922ce694e4124012c2149a1c8d481a5002f7a240b056614c0195b367b578c2b29ce6bc6130715e48dc955c72b5e71093164a87762a79c4746452f0669580dcc0e6b62bc914d8b12f65689eefa56b6790c2d2dccad802a3bacea5354323a834ae06457325c9d96c69d17b69bb46715e57362e75240b30f4ce28dbc933d33e8d43a834a7e4a6ace084f6467f38aa21248294720cda16f3c0e69df929689a501ce8da2ec3b4af3525f7a6157368d9e99a18894391cd4165abc1545b6349a5fcbc78ae6d93de86c509351d5d95481591adcd8cd44c9ea5aa48c49cd7429a700b9e4fb49d4093824d32c87e8d8e86775a92471fc9a5d794cf4e3942679d6763db9f156a93c123860597d644f2bde9d55884b67d6d6c5a30a68e53c783325f7561b6c1635c9cb64d677d9a98a1e3789f06896f639309861380dcd0c9e0f6463031680c67c76af4664f620449c24db4fcd6b8e4f464d0ca38d186ef9a07520d58cf6450172076a4c9241f6c88b4edd05de49e54d5d359801dbad81dd3d7f8bd0ebcfa9712367fb7fb50df1c457fc0ee3d9f26ff006cd85c6bc6ce3f6a65f68f77ed534e9cc8b6bb1754da307d4bd4f75772052597f7aae8e2c7cb39dcce4b5f18889eea7ba01247623e2ae85318bd1cf95b26b6c6fa5e9173a9148e0438ec4d2795c9ae95990ca2b94f48dad974b69da2c48d78c1a56e4e6be5791ea375cda8783b55716bad665e4399f4745059a3c77a8d2e4bf051dab5e44979d6f63a3dd2c70428eb9e4e3c576389e9d758bb4d91727975c1e221779f8ad6b776ad0416472c31bb6d58bd2e59cb64eb9b15e11988278672c13866396e2ae50715b3deec25e0d5681d56fa3c22de48d1933deb99caa9cf2d1e86568dbe9bd4f6f7b1830ededcd70a7ee41e197c209ac88b5dbc92e2676e1b69ed54c5fc72c7460bc0058d9df5fc808e2353cd1fb91c7f622d4d3d1b4d1e382d86517dc3bf1505b369ec28aecb46853505dbe00fad1c7978f02a5497ad9daeb16ccb85cd763898bebc9cdbff00c72d190ea1d35f45899bbc7fe953595352c0e84bb22ee96f424b333260c84e4fcd7339398bd9554b23e89d98f9c0a9958d8d943022ea2bd9e3bc8846768f26ba3c4da6c4591c23e5ea3bd1b42e368ef9aaa7892d93c62107ab270c3111c01cd4f0a73e584d08ba83aa2e2eda211829b4e7bd53555d361c2195b3cbeea09f53d2ff002b229c91826a99f230b021d6a0f467a3436d326de3ed497629228aa5b35968c5a35cf3c573273f9176b181b595ca6769355d361cebebde42ae34b8af177000d1d93690153c0a27d016263222f2291f90dac33a95b5f6033c3b94ab8ed41db63db58d154569eec53e12c11b96cb5b4cdfce28dc8aab90458472c00a919158a3942ee6862ba73ce32579353ca87264cef5105bad2658fdc149c507b12882af4c1e39648395e08ac8c72f07b39d909f54900cb3574b8f4e5e816d2db125ef53436e0879371fa1aeed3c49489ace5c6020b8d724bf2caa06d23871c574ebe1423b6732de7ca5a464b5aba7dc5652411db1e7f7aa94229688a764a4f66f3f0bb50263684185e3f001c329af60c361aac21d59b6212077ed4320a262f582101542013c954f77f535910b029b4bbfcace1647663e54738a6c64034745e97d689758c88e38b6ff0033e5a9c9e45b46eada66651e99ce7c9af0390a2fc607bbe58f6ad3c01720be4e4002b306a6299e371968ce3ee3834a9472323203bbb7b6d72ca6d3eea3dcb20dac0d2d3de186d636701ea04ea1fc2cd7f365732a46e72847e99133e453300a78f03487ae6f7abb4c9eeee0451dcc2c1088c638c77a9e5068be86a6b663af16f35090acb2923278ce2862839c49f4dda7fcd2b3920ae0f0b93de8e3e4c8c328fd1171792d8f45c7aedbda2c9358c6e021703daea0739efd871543877c13d8fa269fd9c37a074693aa7ad6c2d628d8426e3d4902640519c939fb0a2ce592e30b67eb6902c936c00958c051fb56330b84623195393e45618176ec7804020fcd78d03ea5bc5b3d3dcee00ede0106866f08d82cb38dea7a8bcf393204c8ed8a5a455e017f31b860102b19a8a9ee31c6692c340735d2135e483c81cb38c1a38c416c025b8c1a2c0193e59c1c569ec966f2476af18ca8cdb4f3c56e0c22d3835acd076c1349920d33d08be6a792d8592ab9452b8a03c0263543459090769932a3722a1e545b4574c91a7b7b940a338ae5fb4f25fee2c11bbba017db4e8d6c5ca4676f6e89638a7a812d8b2cf6caef2c109ac943ec3ade0776f6e65e7c54d3b5446f6c84131c181e690e4e42e619673a641079a559942e11d8fadf54d91633cd433726cbe29600af354dc793450a9bdb0653c0baee4f55320e6ba154122794db33f7d0eecf1557546c26d00dbbb42c700d6a8647f72cb9b87997835e5524cf767828b51223824d32515827964672a07404f7a42d0a793eb28b71ed9f028933c3b5b11246091e715ad99910eada610e4a8a6c2580932b8ed59221ed341296c6165bc2c58f0696f4634845aac72c336e507da6aba9e85cbfa186917724caaac879a0b6580521e8b12cb93e6b9f2b72311956905bdc3b919da0b102bb515942e4fe790fe9c82da18ad64d435086dbd85d5550bb0c9240603b77ace4ef490543ebb35d059595fc3ecbe89a42bb800a4e476cfcd72b97c89532cb8bc1d0e3fce38423bffc38d46e2679d1edae57692044f823ee0e2abab9f5b4941925dc79396648c7dee8f7ba3de08af60688b72bbbc8aead1742d8fc1e70736dae55b5dd607ba3f51b698e8b1c4303e3bd7379be9beec5c9b2de3f2fae12415ad59eb5d517d1347bade13f5c549c17c6e3c5c5ed95722175d8c690c07e1dc722a8b8bf93720c9e69cf9fd5e7aa33f09786caa1fc3bb096e533396c7707cd22df589a83ea867fa7c1cb66b6dba6f43b58845e9c670304e057165cdba6fb365bf8d04b0903dcf4d68a9fc48ca29f156d7ea16a586227c58e72636f2c962bd7547ca78ae9553738e593f549e077d3522d9452a93c9f35372b8fee34ca2a975580b964d84b77ddcd2bd8c036721c7c0ef4373f95f6e066b95cbf8cf08a2897b8b2c796842a9a924dc8738a5e0aff00c5adcb32190023c579533f38279591ce063d39aedbdb4922bb80ac7826be97d2e4e31c338fcc5d9e833ab9ed6ff469c2c8a4ec3e7e947cc586a480e3b699c7fa3ba966b0bb78dd898f38fef48e6f11590ca3a554b06e64eb58963db0c4598fc0ae4fe1e3c8fed92c1792ea91a334073f6a183e9a4cd92fd95bdbc8b26e78ca8a7f778259e0b65dab096c0cd3aa6226c4af66b7138246734db2dea82ae4c285988d08c5472b3b1b25929fc9ac8e3dbc8ac527831686710f460241e6a6ff00b82f7b028975292de6f6e4027bd5d0c246b9f6f26b345d543c60c879351dfc8c0b8ad8ca7b88e55e08e6915dbd995c7284d7f6c8e72871f6ae824b190d4df8005611c807c507768674d0ded423a926aaadf6f22673ebe02eda08f7f22ae8d6b0496db263eb3b5888f14714b24339b2bd4ada3488924014c9d69a02126734ea1ea3b3d2a5650c1dce4000d671fd35ce5d9153e4a8ac181beea6bcd4252b12be0f01457d153c48417820b39526f47b6dd33a96a2448e1d431fd2c39355c5a5a229b6c6f2f4dc9a7d91f5400db4f73de8fc8b39d6af38925daafb883fd2b7060dfa27519b4ad4864300e464af915e6824ced5720cf6a929396dbdf3c1a54838981d65664b82523083e07734b4c7246735032c215c2ede79c8c93471918e237d1352f726c2dedc642f1fd4d362c5491d4ba7ba9a231881b77bbcf7e29aa429a3530de074070003c807935b930f26952553cf02bd947b026bd3cfb5970281b46a426ba9595b2a0ee1d88f14996c7475e455d5fa0db75f68325a3045d4201ba127c9f8fb1a38bfa3251c6ce4dd0fa0cf6b16af6f3c4c922caa8411fa48cd79ac95f165e47d6fd26ab2069245c771c57ba2297d9fd11d1b40167ad4c8d902394e08f23bd0f5d8515a36bd3dad865b8d0b508564d3ee330bae7f94ff00bd639b4c6fe2c6c8bfd9a9fc34fc3487a22f353bc8834aaede8da3b7ea68cf393fd71fb531338b62717d59b96b7951791827c9af00790ab2b7bb04fc8acc9e0e8197079e07f6ad46331bd77a9c89018d1c8c83d88e297631d4c4e4af21de7273f5a1c94e08b4a71906bc66006799c7f31a1c23c0c2724d6a89ec9f12cff38a204a275ac6c2c1442487a1c99d464b8095bd91eea2ebd620f15b93c903c4ec4f359937058ce57eb4b930d23d13802912617429924ce79a03300cc4935a1e09c2e50f14b9ac8c8686705d9dbcf153b82298c885c6a07b0a0710b22e9242ec4e73580b44ecd59670769c5659e01ce0d8d84a0c3f1c5716dca66a6057c199b8269b4c90dc651769b30dc158f34eba1f1ca17e18da4936ae476ae6a8ef63e32d004fba43bb9a7ac2324b21b676ad243f342edc303a945ee9af1afb8641a742fecf07b18154964a14851822aa8cf01259038ad4990afc50d97e3c1442016b62518122a6fc9614ab5827228c0ef4d53c92caa1869b6c06188c003345db4038e06b1b0008c8ad5201c181cc8923fbabce61c60110d8473aed00735996cc968223d0f683b509fda8b0c0ec845a9685bae0a95faf2285ddd50496767d61a3fe59bb7f6a9acbbb04a0375b704015376616119dd67a63f316a5f4bb6b8b87b8608a554b04c9e4e6bbfc7bb599997c17989a08ba0b4ab7f405dc57257d1dd23ede01181ff9a6c3935c9e5312a38894cbd3fa3fa9eb5a6a260687d91b03dd7bff00bd3791d2c8e25e03a20e326e2871a5c771791e209d264190495fd5ff00df9af88f508574dae28ef52f30cb2bd4b42b2ea18ff237c443b4168e58b968dffdc1f22a9f4bf515c49b6fc311cee27e44525e5190d4743bcd02548a0d304ca07b6e721831f9aef2e442f4e5ee79fa399edbab4a04acae3579255de0a73f152aa2883cc5e58c9ddc892f1a1ab6a05ee6383d56673dc50de92adbc0aa7bbb5293349a4e9915d5b4c5ce24eca477152f0ab8cd3523a1c9b1c5aea64ef6d7518efe48cc8c541c71565dc5824ba8aa792f2d3088ec25bb68e1deca0f1dea2b9c6b65706e48d269bd17a7b1fe29dec7be69f5f31b7844b2ababec686d7a134d8e2608393e6ba51adc96724eefc3f067b5be879ad14c96f3861dc834bb2128f91b1946c5814d95d49a7aed719dbdea2e4531b1647d5538f80d3d5f690c4dbb838ae7fe14fe864a68c9c5aaa5d6a324c8c7693f35d254ca35a4d1cd924e5946b2c10cd0024f18cfdaaaa21844964b667b589f508fd611cd26c391b73472eb27866d6f031fc3ee8317d64d7b78f82e78144e4ac7d623158e3b3763a22d9211f97c161e6a5b7d3253da61c79d8d17da58cb68c11930079ae25dc0b6b965952e4c66bc8c64b48a78c86500fdaa882d619349ecc9f51da49629b941294ead6c5cb607a4a1917d5607e953f27f432a5841a6033376f352263728fa48845dd69a9e4cd0348e76900f0281c70c070c8bae2113300bdfcd1f7c23dd301769135ba1209e2a0b7e4c38a05975ab8b797dfb82669f4d68a578094ea08655c29c9fbd5b878c1ab0789722460734b686b968d05a21688114d8cb04363d92df2a4a00cd37f2981d328796b7de8c25d8f00734ea2c73794896d8a4603adbf114a07b4b75dcfdb729edf4c57d07138ae5b910cec4b48e613a5c5eb19b06472dca1aecc22a2b44edb66c7a17a4cdf219af6df7461bdbb4e19685cb7a324b0750834586dd17d362caa3f9bb8fde9a9096cc67e246db4d3dd9409372918ec734d480389e9d6667b96694302c720139af2f26b1e59daa4130d8adea21cf078614583c8ea5a16b49a85aaa721bb14638fe8295241c4175cd2933bcc61947620f22a7926531664357d359e22630d803bd620999bb0bc36378d6ec5c2b91edf9a7458991bcd267627712cd800961c5305b375a4ea451421c1ddce73927ff008a2c8181c2ce2e7b9071f1c0acc9b803bbddb4856519f939a5c862425ba419dacc4ffdca314bed818a3915ca658ae03c0fb655e4350bb17d06a1ad84df0fce43b902453baee94a2e3d461f3fb62a884b28ab8b149b125c208593e4735be0bb196421b989f5295c60ee0a08fda85c8d556117c10a35cee8bdb93cfcd0487d51c33b7e8e1ffc1eccbb9dc6304714d8e91f39cb6bdd96030393c32ed3d8f3deb49c11d30c40f3dab0d237573e8c24a9e71ce6bcde0f60e43d6daa4d717a514e157b60e6a79792daa38464031cf7af0c64b76473dabc660a2e086ed8af64d681517dd45d81710e8906dc62b7b1e512a9e0079f142d8c510536ea1b229329318a282e284b28142a40ca2097b00008f229c98bea2b74643c7142e46f53d8d1dbb9c0a4ca41c625a6df8e295d86a883491f35eec7ba1e2a13d856f647ba138a03bb9a5b9a094586ac671c2d2dbc87e0a9ecddce769a060f608b3d28cadee14b93c0cc8ee0d15157f48cd265314d85c3a7b8c0038a86e5f61c02974169973d8fc54f5cbe581ee492243a5e55f7015d88d5da2413b30c28e95b21c31cf15c9ba0e321b0b416385029ce323c52dc5b2a520cd3f6af7a4599412592dbd28ca471435b698c55e4cddf0284f157c2cc86abc0bada5026c1f9a1b16761f843cd91fa6181a9f1b15d8aa1b31732600f34f8e50c78c0da2d35f68551814c73fa24934792d9bc41fe056f6d19192c8a252cb25626538580ab2bb68082d4d4c4591c8cc6b2c00dad8a07649684bac84976b72cace5491c134a94bb1b05d42ad208e62718a5c2b79d9eb2581a5b68a2660476a6bad08f7581dbeb31cacaa202a13caf61433b1e3658eafd0cff003a26f4d43142c701bfda8212ecf067568477dd1d16a53c9f959d637d9ea94c704e7040f8f157b9b9d5af286d57749ed7918f4e69d258dc4c0aa050bb7d3539f03fbd7cd73fb3c391d08d89ac20ebbd052ea34b8b79cab67232073cf6c5450b7ae53192b73a68035a9e6b2d1a697d157910ae41181dfc67e86ace0615c84cd76f26624d5d76a8922fe237f228aea4bb29b66c525a45317a6b72d3ac3b58003268ac939c3a99ed2edd86365d431e9b23166041ee2878b55907a039138636cb66ea0d36e9da55560e476c77aeca5f1f91c857272f88aa4d40cd387886d0bd8570390dca4dc8ef5315188643d477b6a78506bd4d6dbd99724d68616dd7370d208a6711a9f39aa6db2c82f813478e9ecd9e9766bab5a994cece8de45338b0bef8f66c8aebd552eb804bfe87b79466390e6aa54c93d8eafd435b423d6fa26de5b63114080039615d08cea8a4990ced9b79462ec7a7a0d22e48ba978078fa8ae7f22f737881542a4a3f266cb4cfca5cc3b619073c0a52e4b82c485be276da02d6b459c404471ef207f5a15c9849ed83f8cd782b8f53bed1b450872ac3803ef55556417f102544bfee35dd27aadc7e4a36b97cb119e6a65ea328d9d5209f1975cb3569756f201b8ae4d7661c885892910cab947c1e4f1294dc86a6e5f0e2e3da21d573ce18aafe286ee068e500fdeb8f56d95b58d8bac74f4890a01ed149be21291f471a472366b933b30c6e322ed6665551cd5144bb3312c09a397d66dbce29f38e0388c6db4fdfc8a8e73618d22d397660f3533726cf650935dd3b0a70b55519c832998f92d6e1242511b03be2ba918b6857bbb1c69664246f5231f229324d3c154669a36b6f736967106b8ba8d0150579aecf0bd1ecb5769691cae4f2e3178427d63ae74bd3987a4deb1c678f9ae9c7fe9f8a796c91f39b301aefe216a3a84822b5730a36410a7b8ae853e9b4d4bc089f265229d3ad25b78ff377686e7773c9ec7ef56692c213e47dd39a10d56f965552aaa73b5f914b61783aee95611410a8112ab81825463347088b932ebd996d518b2761e0734d485b38f7e224d717d391107119eeaa7fb8a33118ad374ddd7caafea818e48ac46b360da144220e4b95c7b64dbdbff9a3310adc4da2dec77113f2a477f23eb41241a67418658f53b4490e01201a5388c8cb025d52c5558a00467b1c52baec67639ef51681287332039193b80c512d1e7b00d235db9d39cdbca3da7bb13de8fb01d4e83a3f507fd3024c8c0e48c015b93dd4d659ea60ae01563fd856366750a790c8a5891f527cd0b61a17dc9672aaa30a7b5224f636251e8217f6eedddc935ec1b92322bb21c28564f70f9cd12781fc7b1466bfb146b36ece8b2aae463c53b275a31d99d8e564bd74519276e28063d1b2e95d30ea3a8448c4ed2f9723c28ee6b7cb176d8aaadc99d945d45300224daa802a8fa0a7e727cbb4f39649242cdc9ce0e3f6af18424e4e078e7358784dafdd7e5b4f77efc1fd8d649e10708e65838fdeb34ecc6462c727bd4aa593a18c213c9161c815b930b22b70473e6bcd9e48ba3d28487f4d2e530d22f3a4448395e7e940a6c2ea2f9a1f45c807b53548cc025ccfb57028bb64f0225c166a5c834c6b6513ca3205233b0a48f6f2c1b19c1a3f70051c8a26b162d5eef937a60aff002eebfcb40cf22e44c2fba932781f14533c008c8149f706289edbd893c915ae66341b1d88f8a5399e1958e95eb376a6c5e44d8c770f4f2eccedc9a3d12f7d845bf4f9049098fda9338b7e06c6c44aeec24882955fa1a4badb3728f6d2d1dcfbc1153dd0d6c2ec378601163cd4b425d8f4a7a0996e605848381c77aebbb1463825716d99f9af048ef1af23c1ae64da9b1ca0d2125c2c8b3838214d14a2921f536f431b53b54fcd4338a656b45377ea02581349947057534f428b873270d5e8bc143485ef6e55f70a7ab054a01b14cdb4273ba9d5a4c966b068348b56501997ef5af0d899cde0d0daa2ede45266f62180ea6506f1f35ae432b8e4422cda56c80702b3b953780a8348797dcdc0a6f6de10b7203d474e9e31fc3563f5146a3f60640122bd8c0f637ef5928af21c70c79a53cf232e411e0d29dabe80b6b4741d3a3096eb9ee68d4b273e4b0ce6e859484472a0f8071fd4d4d8cad9d6c17bb32498e149f706ce735909a8b4c674ca2f1ab4969790cc1f0572bb80e1b3ce0e3ed545367684b1f5b156578716cd3b08b50b46bbb6291ccc9c8180734b9c637c1e3c99093ae493155af502c76920827864750719618dd8ae3cb8afba53459d93f028d47ad6dededa1b6bc10bcf8df37a67dbbbc0c576383c4e9394e2b5f422f9656de0c3df6be25bc33c0b85f15d47c7528f590b84d465989a1d12f9f5742a90336d1c9038ae5ce89553c1646f8c903274eea77b72522b771ce32ddabab179c2471ad8c9cb23ab1e87bb12149ee228fc139a64a1d5ed8b854fc8f22e89b2b64f74cccdfe6152d90ab3991646724b0859ad595a69aa2387f8d20393b8e314b8d6a4f2bc14d73696decae0d57a79d155ec7d794704a8cf344e492f9441ccf3a66b2c3a82d6dd62b582dde157e028f158f9f18431158133e24a7f3930cbd6d45d710b041f24d7327cc9cb713d5fb4bf914a68ba85d2e67bdca9e48a2ae9b6df2cc9f22a86d215cda4594dab47039f5703dc7c55324b8f0db0aa9bb53780cbce90b670ad65218587c57a5284d6531d1935a65c21974d88fe71bd418ef8a8dd2dbc209d892c955ddad9eb3a639455dc3b7dea8a17b72c31164fbc728ced9eae6c9bf2b727630e179c55108aefdb0264f30c649b49adea7a92c76971e9c207eaa3baeaa13df902354a513a1e8d6b770db04ba937bfcd531b9ce3810eb8c5e4faf2c58e4e335ceb28941e50f8c9496183a44635e411c504a0da017916ddc526e2573935cbb38f9d94a9604f7f6b2ca0e68a98f5679ec0adad0c2c3753e4f25108687f66ca140c714a8d09b025a096bb8e31dc551f89a12e40aef1dd1dbc734ea78c93153902de45a7e990ef9ca8ddfeb5d8e3f13bf84476d9d76cc9ea3d4437ba58c24ffdc6bb1c6f4aae2fb4fc9359cc96311135c6b5b1f174cc5f6f9fd38aeba718ac221796f2cca6a5782791954f04fc76a072089e9f6c1e749012d8e78e450e42c1a649e79221102d927f992859a8e95d0d602d61258e33fcbbb70ac4648dcc48aa32bc53521603ab12d032b8e00efe28d2059c9f5801ee5d576211e335a8f60ab48d16396f41907b8f20d6e0f64d64da5bdbc244793918e1bb7d6bc78caeb96acd11f5010ebe5450b3514f4cea5340cd03b642f2bcd0341a3631a8bc87732834380b22fbcd13d489d70467fa1fa57ba9ec9cfba87a3da0569a38ca7278c9c0fad7ba9bdb22ad2b535b33e8cea772f638a16144d6699ad2a79cece4027da3ea6b321751fd96bf1c8843962a4e02a0ef9f19acce4dc606aeb1bc2c57b91c67c50ca2be8d8b288a4f476a8ee4f24d06701b592f091b3330193e73e3cd61e03ba89a45291c25d586420e587d40ad53c1d4e2df17f19bc190ff0007d4ee3542e9617063e141d840cd0bb77e0eaaf671b9a3a7f48694da4c2649ff00eb498040eca3e29d5f9cb383ea1c9567c2bfe28d6db12ed8427693de9e8e53d07c2c51f9e4914401293da0f3f5c5660f0a35cb58e4d39895273e3eb436e90cabf91ce6eb40964cbaa9cfc015164e8ada1449a1ce921dc36fdc56391aa2116da04d210148c50b99ec0dedfa72441ee392478a4cec34a750d285bc6589342a612663f521b672abcd35331b236fa31ba1935aa7802522d1d2ce5c1008fb57a56e81848d069da2fa318522b9d65cf250b65d75a62053c8a9df29e46463b154da64610e0027e6a9e3dddbc9b6217be9841cede2ab94d1364ba1d144a395c54765b81d19123d3a5bf4ad4f193931bdf054da24f19c04269ed333ba1a699d353dc105a3c0af42b6c5d97a8ad1a6b4e9afcb01c53dc70472bbb0e6db4e48c0dca2b618fb13293084b784120018a6e8152651716114be0628956a46f7688c3a5463c5059c54d60df7995de5808e33b7bd4ff86a2b28df79b664353f516531e4d72395269e0e8d293590686d8e738c54ca781ce24da059db91da9d1f99e8fc4fb6046d94b9c1c50ced92f9ed43439fa548de58519e18827b53bc903cd633a109e51535b31f1589879c8558e9ecf283b7915545e112da6a12dbd2b604704d046ccb21920a45f4e3f8e283f933dd45f2c3f9866e33cd6cdf51d009b7b10b19e3934986652464e43bb1b0b76b5562013f15da8d0bec86563458ba7dab901c29fa7c5595d31f00ca72fa17eb5636b1c3ed5503e94ae4d71510b8f29390bf4b860203c638cf35c89578d96d926b4cd4db9c20f8af27b2192396b2aa3ae09c0ee03738af793aa83dd44db461803c0e3b529c5ad8d52582170a4460bf2a183367e2b6878961fd8363cc436deecdadb48ebc2853c67e9498ac4b1936586b2cf2cba760bfb1c6d552541271dcd57c5aecba6de7c097660c8eb3d1cf0cccde9b71e6bb1ee4ab58c19ed29ed8a93a56e66701381e687f2e2bc80e8927a3ab68b1d9e8fa6c5696823ced1bc81c9350cee7e4f42b79c07c7313dbdb9a965ca97d07ed918a28e60dea0ce49e6932e54b3b35c71e0f0abc6d8590ec1dab1db26f41eb073dd5a1b8d4efae672e441bf00e719aed53774ad444fb799648d8ddc76ce90c56e028e4b547c94ec7a915c128472d1b0d1425c4a2ea457da873923bd4d2eb15d6464a4ec588f81a5df5048f2882da1201eeede0503b2b847e2057c458c8eb41b792ee195e490900e335d3f4a8662e4ce67a862325140f269e6dae5e548bf7f26b99ea54db65ba5a2de2db08c3057f9b646f702a4541184e2569c583ead7bf9db410afeaf35d7e249b6bb1172124b42147b981d52220293834fb7ae72055b8844fd2d15f7f1e7ceec641a62bf1110ea4e47d6eafa5fba30c429ae1f2232b27db274abb2308f535ba5eae2e6dd5f751d1cb941f590ab294f686716a31499424135daab94a51f911594b4f4105219e3f1fb556942c8e11366517b16490aab9535f3bcbb1552ea7420bb2c83cb6719078cd450b7b3198043a52ca79146ed69e06c6784425b136ea760a7556ef60c9a665f575bbced424e4f8aebd328b44d3019351b8d2e12cc72de01aeb71b89dde48eebd450a1e7bbd42412de12541ce0f8afa0aaa8d6b11472a737229be9d23766b70e8bfcc32314cc838333adcdeecb16938e0f7a1370265971197550c7ce4e3fb561e0ed3191670f237b4f2554e335e68d46eb4ab086f427a573242d90421e7fbd635946e4eb3a159c705b276071cfd6bd140b63a0e81307fb535216cce7515b4cd0b1b67273c9f7631ff009a330e5fa95c4cc585d41b9738dc84122b0d1b749a87941323301f239028902cde3421942901811fd6b59e32faf5ac611d4aae4f8f914a61a30e6d8433e5320678f7720ffe2b4d34da36ab244023e55781c50b46a3476ba85a5d36c5970ff038cff5ac4cf347d796f6f3ab2160e08e6b5b31183ea8e88b69bfe62d008e55e7bf7a068645990b7867b690ab765fd5be85c4352195b5cdc46bea65805395c1a5b433269742d758afa539e09c649f35867fb1a9409305c76ee3158d04b251246f6e9b81e5ce79fb5049341c76571fab1df6431c95037502ce43d343d824959954fb768cb5362d8a61b2079255452c011914d17934567fc2871f233fbd3a226410920c2f704715b9049b4bea32a8073d88a3882c3350b00f61b76e08e714a9ed055bc332b2583166c2e2a2674d49005ee97ea15caf39f8a54f41f74116ba46c0081dbb52c5b986a69c517dd5e71fd80e627d674ff55080285e8f2933017da148b3e402dcd6a90f1de8fa4ed51b863ee2bcc5cc6ef642250702b24d342d02b96507627ef51595b653192c01cb6d7539e781f6a96ce3b5b0e37247916952364b02715954fa68394f25c34a538cad3677684e0b21d3d15f1e292a5d9ec2438b6d2d1d785fed575500253c167f83a67f4d325a03b646763a7c70a824014caa44f664bae8c48bc114db1a022999ed4f565b5270d523b3a8c55362297aa8a67078a44f90dbc21f0a17d9f27568e32fcfdeba3c69e56c4db5e3c0c2cfab2293209abbba26e8cbe4d7629d480c2a3bf910498c852db125dbc5249ea13debe6b9162948ea509a4423cb8c22123e953c60df845195f6513b9b605a442a3ed56571e8b612877f02b6d4b7dc8db596b5243e34f55b198be478c293cfc543286368c8d7964e2b55939c7140a49bc32870714426b2456ac780e2b41f6b68b1207aa92cc4967a6142557648c7934a841bf02e6b1b1818947069ff008ee2b223b65918ac63c161c79a8a73cbc319b2b791609307cd554430f279aec82aca3695484271deabb2e705d913f4fd971b0909dc18823cd32ae5765a3cf0b466752bd64b97b79589cf6a9b916ca4f65d4529c7285d6da83e953ed949d8e7229339a92d0f971fba34d16bd135b2e18038c77ada6befa39f3a1c5e0e756dad42b7260bacc71f6f500ff5aa2de33f301f5e52d9a4d3e24ba512c12c52af6041e0fef534ab978904a49f80c8f4a17aaca5d90a723f6f1497096f1a3d29e01753816df4c94203c2e393f5a929cbb16439cb28b6df5682ca2549723080e7f6aeb7a7cd41c9316e0dac9e4dd4f652aec601c1e093e2babefc5ac333da9f945b6eda418b31ceabc7393daa77c5a24f39d9aecb1794550eada59b916f68c18ff33f8a47378b88e607a129379635f5d63452fc93f1dab8bedc9bf0394727d65742556db838346e97f664a20fabddfa10388bf53707e943fc5e87534393df83377c61beb18e389bd2643d879a6c6e92de073ae317803b5b19d2e018537a01cf14895cb196f656a316b0fc1bbb58556da365edb4657eb4873ede4825f17848a6e005662c067fd28e15e4ceefe879d3daaa456e2ddfda73c7d6badc1e7c62fdac1cee7f0a4ffc8878645738e0d756725239904d109ec61910b3462a49d49ef03e364bc64c76b718b59098c119e2a6794ca33906d363fcc4b82322b259c1be0d641006b7098ed49727e007e4ace9d110caea30696a2db31cb227b9d3e7d343bda9254f38a25c272792887230b0ca74d9e6259a462acd4c71e9f11bd7b6c6d06a8f67161896e68ea938f81165392ffcf7e60fa838ae7fa8d329bec3a85d5619724a2502b99536b41ca2151a003355c63d993c9e0f9edbd61e6ba34f13b2c8895b8116b93e9da4465ee080f8f6f1dcd76387c2ed2c226b2fc2d9cc2ff583aacee675f4c027603f1f35f55555edc7073273ecc58f773336c7c9dbfcc9df14d48067c74f7b91eaf2abdf8e735b8313163c26262de986ff00b49c66bd83409ad448e592da55623f4e739af60f64b6cf4d1eaff3467b9dc303fbd63351d07a434bdae1c48d20cf9c607f4a59a756b1cc71818c7d68d00c384bedf268d0226d76531dac8c8ac783e338fda88c393dd5c5c35e7b9d1816ce01c1af1a37d1a410cacd9383dfdbc71f6a340b3776b3c73dba9c83c7ee2bccf6041af234ecc98503c63cd2d868c44d1b2df2a320dbf4f1fda853098cec616cb2b47950786c77a36810a51347bbd33eef1918a5b41a635d32e3720924fd638208ed588d6597820bc455c1dc4ff282735b93302abce9eb45818a4681949cb1e715e67919abad39c960fed03b311c7da818c4c5125bc96b32edde581ddf4a5c9606c59a3d0fa8a5520cdcfa408503cd2f21e0d75b5c47a8c2aec0703207c1adce4cc38b094880b92e40657415ec6cf37a0db709bb6952c48f1e68f02f234d9bf6ba86f6f8a660587dbc982324904608f144982c37d68c2fd7eb44812dd3c192e377181f14cc6801ecabea424633c52a412d19c91447232e3351bf254a7940ee03372bda9730d3271ba8f8fda93d8f34cb249c30c56f640f5628bf6461c30cd22cb22bc145706011d9452313b4126971b439470109a681fa7814b95e0e0b1ec3dbc8a0f7cf752a5d303b72051c6dc9e71094d25147614c7992145535a4511f15cbb60d4b23a0c5f732463818a5e47240d1b20619c5574c326b438b6ba448c6057423a44f2893fcea16fd54ab1e4f2833cb8bf0b1e55a90e6d1e55e44173ab3bb950c6a79f29e70590e3ac6459796ed75c962695eee46f4485177a66c462a09229d5b5f6226bf4267d3a690965247d0d58b90a085aaf244595e29f6331e6913e637e0d741ace96d0e7bd706e321478a4c2b95b2d8136a2b46d8f474120194e055cbd3e2c9bf21a185b74c430a636003ed55d7c48c578172bdb11f53e9109876845ed52732b518b2ce25af2615b40685cb7393dbe95c44ced3b93453f929239f3827ef5b8ca3d0921ac598d0678e2b9b655252c96f74d157aa669c28c9e7c51421260b690f92c9cc4abdcb0e055f55525a6732cb16724ed743b83743c605595f1a59116726381b4fa249e903b8e455d752fdbc11c2f5d85d3c725b42beeae1ae1cbbe59d056c5ac0bae47a9ceee69f638d713d0ce43b4cd422b65dac7f7ae5be576cc1fd873a9f90fbad4556d1a4898371c7352d4efaacc7d1beda9994b7824bebb6b898719ed8a772791fa2f8454238443a8acd24b42e001e9f39a4f16df961850934ccb695712ea66486127747fdebafdd55b6658bb6c4b6ceb717b22480ac68bb89618cd756d84a11caf2736372ce0b3a635382d35290c92e2066c28ce07deb5f1a734bf625cf6da3a4d96a36932b08183bb0e4e735173f8ee0be4157202ea09447a73eefe62147ee6b9bc4a736a1ede519ad46e3d6b856dc0220c60f638ae9a51ab41f47816ddea82590c5690891cf720702bc97fdd20fdd496115c5a6ca10c9737382dced070056f7727f140e73e4badeea34c468f9c7f94552b51f90d535e12355d3da89bb3e85c49b23518c93c9a5f584bf8b16e321abd9087296f30f773906b97cbeca58c94d1d71b03b8126df79c81c126a3f666f6551b231d0ba092d1e4db8c0068fa5b18e112dd3ae4f2d8e206b78a3262700e2a1b6a9e7e483aedfd138afa6655894ed0c7934a7171d94f58cb6c3a0b29ee1b2edb97c1ac764dc708f255c4220021d463b7017279cd55c3a9c9e44732d8a867f669ed8fbc678afa6a967c9f2f361c0ef207707c556a098bed804d4f448e6818b2f7159671960d8dcf3a333a5d8c96f7850afb7350590c68abdcd1a58e0318fa5452833ddb2057d7415c2835e8ad9e61305a1ba8031ce08ae8c1a4814f625bcb2304a428ae65bb91d3aac582a647280019e69b5c59b29a0ab6b691d7b60d3669358625d9863bd274d2fcb0e28f87e9b09ed91f2797d7c0e1b4c4c600ae84fd2e0bc2225cb93f2582c0471138e40ab21c25188a95fd99f9f3f12b569eebaa0db2bb2ac431f43cf8ae8f0ea508e44d926c4d7f342e912a36e900f71156b42911580b4416390076fd8d6a479b1841a51b555ff0099f711ca138a130a2fe1591405708c38e3073ff8a23c0661bbb68892e9b7fcd8e6bc6815a3c735ce1e42d8f38c50b351d43a32dd1630cca541fd23e6870799bc8321405fef44084a2f919a346016a7bda165078c569872cd674cb87b9671260e720eeaf1a7ba6dfdca0db3342e01c60e0d7b27b06a74bbf8e342dee5247cf15a612b89d2e32142b31e7e285a3726635cd3d81f58f0473b97b50b580b24ecae43c6155959863396c51a60e06492be4c6fb48f0319c5799a8af7c9bfd84a15e725793f6a5b41e46705ca6dd92a609ee0509e3eb88d64562426dec33f1f6af33456f622e812701771c0f9acc1a989b51d340558513dc4e682486c580ae933dbca8c833b465811da94d0c8b347a649e9db12f956e0e00ec6b52333b3436cac645e7d8aa066b5231b439b4455e42e48e7eb4c4258ce22ac063028c1233641057008eff5a166a294b82ce63ce0679a38a059a6d1adbd28b8e41a6316346c888e3be2819a229c7bc9f39a8273c31f14072b0a9a5694460052170deda8adbf03e305f67befdb861cd225cb580956072db963f5a93deecf455e105da59ed03229ee7844d37961a5553e2a295adbc1e481e6942f6af7761c604e04328cf6ae971eb7259626c9a5a3eb846453826ba0a9c22773423d4599149dc6a4e454921b5cb2209a566248cfc5731e995a0685e7f570c0e2a985f18a198ca18096655c0269cb919f02651c1527e61df249c504afc791b14b1a2d9bd411fbf2296e6a6b40a8ec0ad22124c41f9a8a7536f25aa5843e8ec10276f148727016de4a5b4d8fb919a2fc807ae41a5d26091b214668ebbbbe8c945c4374de9e858e7038aeb71f8f1f2c9adb98ead6d23b020a818a65b742a64ea2e63db3badebce38abe8bd4d6496dafab2e92e542e334f76214a2c43aa5b0b96fa0ae4731b96917d1f1134fa78278009fb5737db782e53055d137b648ac4d2f2363311ebd13dab88d47738ed49938cd96552d6461a2e9eab1891b1cfcd5bc7aa29125d6b6f086ce3d20181e2a8924b64ab2f45b0f50dbc2e548e6a88df1426ce24826eb5d5309017bd05fce8242abe349b155c4feb40322b9d77322e3a3a55d187b155edab245ea06cfdab89ef4a72c33a308c7c1edb69ab3c0b2993fbd0596283c0b945e42bf2ab0a88f7641a57e4bc60c8c3793e08a8bb54631524e4dbcb285216750c6d269ed12f0ce3154f09273d83db0c59d33a426910317e59ce41a6f32fef3c21ade560e3baade9b3b6f46390ee7fd673cd7e815625b6702e5d3428bbd5ca243142795a7c21bc887669246bfa47aa67b0bc5331263615173f8bef475e465576f61baef5b5d6a37b1c1691ee447dc7e2a6e3f023545ca6f6325c87dbe2820433cf1acb70dcb73b7c54f6dd4c748aa2ec9ed96adc9851228e2c13dc814894e325943a15bcecaa5dd23156279f9a5a726bc94e6317816c172f6f7de9a296dc71c550e0dc3629d893c9b186c6454572b80403dab98e5b1d1b130e84ba7e976159d43c92966db19dce4e69d159136c94503da5a062cdfdea848e5bcb655a9ee8c2411361e4380456c6b8b7968a233eb13456b633db4118277600c93e6a7b7895cbe83af9524f43eb0f5678bd3cec18ee2a2fc249e11b3e5496c3ec746543bc393203fa8d74e8e2758e882fe639f91da418033deba0aad10b99744046d935b1d331bc85348258c8aa7be502a3804b6d32333fa8451438b196d9b2b1a0bbab6548ce314ae470a315a3d0b5b31da959ccf7236038cd70a51ead9d08bca353a526db30ae3071589b604b4c12e2c9669492285b4b6c6f665f69a4c6472013f5aeb709425125bad964f6e2da3b57ec05727d566ab9e86d19920bb19951071577a672fac108e452db0d8ee95db06bb14723dc9124ea71591375a7501d27469e684a17553c138cd7532bc2274b2f67e59d4f51babdd4cddb1fe248c58f3c0a7463835b0c836cb099a6400fdcf346611b355ba9c29f6e0e38f15e3c68e767b2b4568e10c54637391cff5ac330676eefdaedf730589c7f978ad08ae43395ddea315fab66b412ed322f5a52cee3e8aa0e4ff005ac68dc9d2ba5e6291aa8d898e300826819ec9bab471b33cf3e6bc8f06a3823be7ee68d02caae4afa670a1be40a230c0f50dba3bfa884c673c71dabc6a3293868e52cccac49ee01c7f6ac087da3c8d22888f20f276f18a24031bc88236011d1f3c60b6e35e68f2156ae08848925e5f801546050b590d19a85a5b172d1b02a79c3303ff00d158b46e98d74dd5d0a8dce8013924b0e6b7266029f52316e78cab807241f9af1e271ea4837348445818e79fdeb1ecd2f83548ee036f937f19551418372308e446850a2aae7ba8ac68d4c06ea091a785a25670d9dc40e281a0d30a6b63b94b2a924633f4acc1a996cba52bc4191b276771ff00dfa57b06a9b0dd3ade508aea4e091b9715a9192791d4400c120ab28e31ff00de68b00e42a372794c0f90c3bd78c22f976230d9145d4cc85e9fa665b7bb30fa1ef458c0191ddb4cd07b472287b33d82f9eff6a12791fd28672eab26c63978125c6a113f0adcd72acb1365f1a5a05dcefcf715338498e492d1ec4c15fddc543741a61a0a2c8cb9a99d793c809d807ed4b8d78635ec25660a9914db1e50a50cb039ae0b3d4d18659474c1141b88dc6abaeb4d812781d59c436577b8f04a2732d7b2abc0bdabd6d891908e441a846afdcf02a5b651687c2381525aab1202f15cab309e8bd4745aba70ce76d457a6d65075eb4077659240aa3b5171aec69873ab3b3e17c2d947aa302aab25d9031acb6ee7375685a24ce478a442cc04a187b17e8d6b74f313247c51cad432584b4698c32220e2a6947bf811dcaa68e4d84e0e2932a25f6146c5928b742ce73f34da9740ac7943192e459c595156ae5ca2b44f1a7b3068b598e43b49e4f8a9256cad637da5119db5e8031baaea796abf8b25b29c939e7693f4b62ad7cd5814a9c1741875c1e68b2a5b4634d32256205bb64573791c850781d04dec1eda78e576031806a6b212b23988f6baf916eaba3a5dca24c8e0e7b51717872ce646abb1a029a58ecfda476aaedcd632b5dc4fa9f51310628979a9df2252d15d7c64b6c074e5ba96e55e5ed4365d85a36715e071a8dec56c6353cd48d3b1e454202dbdea3881f4d41047814bf61b2bae9fb6089aebfa6639bf4b76fa50d94a86d14fb29bca353a25b0fc8021f767915c9e45adcb02ae6948f6eda242a8ec01278a08e702bef280b51b87b68d7d101a6660aa0f9f9aa29ad4dbede006f6557c3d58bb67147c66a323270cec1917d50003dbe6bd747a4b23612ca38a5af4f5bdfe933ea5a81be68127583168aacdb9867b135fa1c6ceb25189c3b23df2d90d5bf0d67b6896fb4c92e6783b98ee6209281e4e0120d6c3d468767b3db664b817287b8a3a29b4b19a54291ab12a304804e29f2b12278d6d8cb43d1a5370db473e6a4e44b287575b4cd5bd8c90a81276af9eb53c9d5849630476246a493c52d26f48629e01e3b4b8d5ee92dadd4aeeecd8ef5655155aecc8efbf3a47ba7dac3637f3dbcd832263dc69b73738a6818e718360d76d20586083700002d8ae47b4bcb61c66d12f4770236f22bd193451194989eeed26336724f3fa6af84e38327072f21b0878a32a7be291dfe43151151109d4197585320c887be6ba7182e9944935bc23570f52c120c061cfcd2d56d8b50d9a0b5d5a3454c91822864b014aa725a34563701823f835455258d9cd9c1e47111565e2ad8e193b4f2057f7d1dbe72c33515f6756534d4e40b67ac872fb46ec0adaecfb193a0f6d35e91e63b6190a8f38ab68e4b5e501671d6021fa8164ca9eff006a57239c9e505570a4590dd5bc8c15f193e6b81c8b567653f8d34b47d7fabdbd8944dc06fe056f12719cba99eccf1db0110c8b22ef5e699c9e3b517d415e70136f2b0353f0a565727932cad303d4034d30e68f9757bd2591d4e208b922291e3ce29f5f1fdb42e5252647130c9404e0559c7bb12c217641491c93f1675db828ba7b868cb1c8c766afa1e2cfdc5939d743a1cc64b795e0f6c7b78ee055e9689bc8545237e5bd2589f238393deb4f174137e5886dc232079ac3c0fa8dfcd718e5e41f41dab19e2a40ac177afb477278a23c597974980a918503c87c579b3c59617684e37fa631fa89dd9a1c9b8353a05d9b720fabb973fe522859ec1d3b4db8599149208238c1ef58998d0c9640bc8cd119825ea295cb0c1fa512666049acd824d0390ec99ff29ad3c730d755eddd93d46da0f248e2b130be89e897ecace7d55d83b976c0fdbe68f20b4696da4cb09243b94723031439348ea11a5d3652de63c73b568d2c82de056f6a608c3342edb8ed54da096ffc51f507b075af4b1bf02510fa4e063da3b50bacf7b81c7a2665855502eef393fdf359d4dec2bbae96b9849577763e3e283a06a62abad1750d2cbc8a498db9c8a16b012792ed33587b7508c4a80c173e47cd0643c1aab1bc49446cc03019e01ef58783eee1ca619786c1523c50c91b160b632c72dd2c41ff0040dac3e0e6853fa0dfec776d0c913e0633feb46806c67112dc154e3e451641c16c718c6064f3dc56a0586476ec71c7ee4569ec8c62291a7f94d636660834bea9c2ff005a0c85829d6607874ff5038dc470a7cd4bcd6d56da29e261d986657498eeaea56327001ed5c1e3394de59f45c8857082c1a48a248c0561cd5f64d456ce6463d9e8aae6dd5b906a2738cf4c74abc22db2b52e99ef4f857110de05faae6d65e4102a1e5355b2ee3d7ee2d03417a24e073522b62c64f8ee25f221c67146a49bc21323d894960464d595c31b259c86d048447f6ae9d73f8914e3b289c7aa48a87916658dad600e5b0f50f6e2822f2836d2229a584e40c52a55e46ab4f5edf602b8a54ab5e184a7b00ff0d59a5248a8654fcb28a559a02d534432284419a7c20f0146c18e8fa688a108c9d87c5142b4fc88b64f3a19c5610db9ca81f5a4ddd622dca4ca6ea78908cb0a9e1c9847cb0955264d65b69a1232b9c5742bbabb1685caa9c5896e63114994380686514595c5b5b01d4f5144b6219816c50cbaa8955556ccbd8ddcd25db38242e6a5a2d5dcaefe32ea6b34c79673c1c85ee6acb78fee6d1c99ff008fc871d52de00448e011df9a52a52d360fb7296d22cb5ea8b040434a8a40ed9aebd765708ed93cf896c9e9191bceb179b51985bb1319381f5ae2f21ab27a3b54f0ba56bb790dd1f58fcbae65619639ce6afe2c9463d5937229ecf087973aaa98772739aaadba308e88234fcb0cccdcde89253ea1c9f8f8ae75b373f274aa8755a0fd034eb1bd919e4da5fc66b6aad3f22b956ce2b4331d392b4a7638099f8a6cfd3fb2d3255cd4bc9e5ef4baac7eacac1b68f3524bd3a7059c850e727ac1ceb5d30dadd318f1de97545a5b3b554df55916c373225c466e23630bf9f8a0ba0e49e0a5491d2fa7fd24b20237257c66be76e8bedb23ba5b157535bc8d73148ac70bcf15d1e0d4a71665534b4c85b4935c7fcc95dd81b63fa0f9fde86cae317d100d6c2f0ccb96e09ef49c602ce011e16dc5a33cfc7cd37ba9e9832863e48e6eba88b1b896d9c9b6573b9962419240f02beba69d9fc764ebe0bb33431e9173369b6fa93dfde44b247944057213c1edc1a9a53ae8938d7059fdff00665729deb3293c0174fdc47a6eb8b705a69addc6c74c92539fd581dfcd32be565fcc0e450d2ca3a6b4da3cce336d04a0803250061f634e97321fee89235cd6c8dc681a36a16ecb1bc8a48e32c0e29528d36780bdcb13d9948fa2fd19cb5e4bb9158e3c645476370d209cdc8bb58bed3b461692a6c8911b6961f14ba14e6da02584b262a689a4d746ad2a94b495bda0f902ba0e6955ed2f23e3072d9d06cee60bc44f43010fc571a69c5fc838c1b412fa63473860782286524d686465d7c805c5a4a27c05c8f9a752f2b635cb2577760f67134ee32141268f59c1a9b684d1e842f62fcc9f6c929fed4d7c8717d51e70497663ab4e894d81b92c39e2b61ca937844d2922d1a3cd1dd2a2b92b9ec69f07ee68d56248dbe936c4c222638238aae1c7d624ce7ce5bc8ee3d3da25c87ce7e6acaf8dd779133b232fa14df74fbcf7224329c7c52391c2729672534f2e10863019a5e916b6a58120d3e8e3a8f925bf90e5e06f041650230017279aabb420891f793c818b5b2de7da9c9a8f354de8ae32b2281756b589230f1291b79c8151f2f86a6b48bb8bc871d3125e496b716aed301b90704d7cd36e9b328ec3adb8e17865bd37ad433808b26ef15f510c591471af838b35d0c28c9907eb9a45f5aad6591bb1b650f6259b7839a83de49e43f7358270b2097d36ef5aee7378479a78c8cd1610bc6338ab69496c44a4cfcedf8d3a8c777d490daa42d1b42092c7b1aef7a626d397d09e4c961231dbf310024da71ce0e2bae440f6b3cb6d233bca081cfb8f6acc9e3d958ea2a5a42300e071debc7b25b058a05f6ce08c70335ec1b90fb5b2709b8c90ed1e18d78f03df44f2ff00d1860651e5077af3340e1b8fcb9f75ba965ee08a037035b1d4ae2791551563407900e284dc1d1fa76eff008299247cd618d1a8497760ad164c27bf903fdeb533085c42aea7ce47c668f00986ea4d0f72b3241b89e7773c56602c990368f6132bca482a78f6d1231b357a0cad7040902e7be5ce49ad4816cd2a59ec8cc8adee1ce3bd331801b276562b34a269137b1ecc7c512059aab7d3e2455750060715ad987cf6c84163823eb42c2c8ba0812e5e6942ae15b6f2284d01bfd1d2ec1dc381e00f342d6424ccadef4945192c8092ad9c77a4b88d52068609f4bbb507918e38e281e8621a4e2eef159bd4118540bb7e39ac69b3c9a1841a6c56b182a46fdb92c7cd660d52c8d20769215e41c71f7ad4cc682544bc11c60e3f6ad33232b4da0670067c8a205a0c3702204939158d98930217525c3e236dab4a6f233181a58db9dcbbb27347140b907eb510fca203caf9e293ca598e0671dfcb425b47b7838000fdab9f0708e91d19b9b44a799646ca8e05239328c9054e62f604f2be480a4935c395cab793a5a920bb2ba64f695c5368f524df5649753f689dd5a0bc19719cd3ed9c6cf22eab5d7e014687147ee55c7da936d5050d06f97293d841b41b40ef5cda26e32cb05cb27de82c4bc0156cf9bb490bc6410dea072990a7eb5d5e34fb400956f39059f578e29369c0a8af93ec510a1e0b2df5533c9b500228eab17d8bb686b61a646c018ef4c95abe84c62572b055dcc2822bb31b1592162a277240e2abaf8ca48f593e8328ece2ce5853a3c582f24d2b9bf04e5b7851095e2936d30c699b09c9bd8a19a499982eec0af9fe4f1dfd32f8490a6facee3dedf35cc74e4beab239420db7e8e4a310a0d36bae517945f3954d61a2f1737170561e7278cd5ebb3266a31d9e5d74c5f060f2032237c57aea2c8ace0f55ccadebec39ba6e15b7508aaae47c57a6eaaebecfc811e5394f1f42a325ee84eca636646ec4553c5e4370c8cb6a85ef29f816cda7ea3a91324714ae1b938ed5b2aac9ee287ab29ad61b291d19a84a3dcfe91f8ee6a79d13ceccfcfaa3e03ec3a27646cad2fbf1c9f3435d6d4b026de726b40973d2b7b15c2b2ce4a29e455093015f1c1aab4d3e37d3c7bfde062a3e45ee1a644e5f203b5d0409649273c1f27cd432e6b7a450acc2d18dbed70697af2450cc5630e0360f15d3ae6dd79fb29f6d4e1b4745ff008a208ed56537098db9ef4ee0f32d93f9783933e2a6f0918ad6ff001265ba9cd9da3eeddc6e15d4949cfec755c58c1e5a124b66d75751099f00f27352591e88ba361ac36164218a32aac140ae55b761e8052965b3eb8be8f4b80985b803b567b11b760e5bf2256d75ae229ae19c1571b40cf66ed4fa6af627ede03c26b28d7d95aac9631bc4ea15540a4d9e9f2937342e5c8517867bf978da32cc4903fbd261c49b961a0276fe88da9b2cfe8231df22ba15716b83f908b2c9e34ccbebbd3f375e95be82ca2b211ab209907338f0d4ce4fabd7534b1bfb0aa83c359d18ae9f7d5748d4e7d1f58be9a6b10a523de4911378fb5517df5722b564161994c274cda7e072347b8693f31684819e24438c7ef5324a6b6592b12088a6bdb5bbded333c3201b581c83f4fbd22c6e0b18031196d0eecaf659100193e01a4a9bce8170c0c6e6ce46b7325d5c1000fb55f29f58ec9d4137a39cead1ff008fea0a0bb0b1b66c8ffbc8aaaa9aaa1af263e3b90e2348b51f4a19107a6bc01f15cf9b704e48b2307158361d2da2da8959518145fad22a8be43c48cb26e03a7b3fcddca456ac5b1dc50c684e7d2064de23da44af74f5b11be6c2b0f068e554a1a06b9765a339d51701b4d40ac009180fdbb50d2a5df651dd4560bed34cfcc411185b8400715b5c5ee47a5626b038dd341b51572a6b2354e2fb1338264151ccc2400161f34ae2df356360cfaa8e1844b7932b831e54d3797cab24f4f02ab8c71b0d4ea07b7807e61c03e326ba7c6f517eda8c9ec44e8ecf4171ea66eadda489b7103b0aeac1cec5944dd2317891ce07e20df69daddcc37313040e42fdab9f772aca65f23b74fa75774138b190fc42dd9278cf6ae7cf9f29647ffa5a5819f4df50497cf249290101e334ef4e8cdc9cc979d54609243a97a96de489a3c838c8aefc790baece47b13c990d56eadef9fd332ed527c715c8b6319cf383b34ca7088cb4ad1222a1ec66f728cf07bd595d59fe24b65d8d48d1d8dcde189a17f6b0edf5a2b2af7574992b514f2882ebf3e9ecd15d023c86f15f37c9e3cf8d2c3f05b0e346e5981e5b6b0d7921646d833dea9e14d4de19b67195686a971f9288dc492923bf7ae94a8e91ee40d767d523f3bfe26eaf1ea7d613c81b0aaa1467cd76fd297f8bb7ec83991eb25112dc88d6dd5802091fca722baa460088f2064405893e7c56347869680a5b10637661e56b4f14dbca5ee3d3457503bff31ad3c1cd3888e19b0be4baf3fd2b19e47b0dc06212262ecc339c57823c9556260b85c9ee48a166a0fb2b78d7122e0fced4c0a0611abd1247465cdca328ec0820561e3596b709228c919fa1adc82d04898ab7041fa56e4cc16ef675e1b07e051a608bef13dacb9dd8ef5a78c6eb36dba6dfb142f8fbd793d9857a4ddad94a91c23d4627248f269a85b363a689241be5fd18ed4608eed3058301f4031debc786d14c18679f8ac3c7921cee18e00e2b0f035bb2fa03000009fa0ac66a0449196de6b963950cdb723c50b09003444c4af3b12efdb8c7f4140c342fbfd305d47eaa03df383f5a5490d8b295b29523cb7ea03049fa561b92e1704b2ab7c71e281b0920ab7f7b194170a0e1d4f8ad4798c9253c639e3ffe43ff0035bd81c04464c9e768f20f8af1a577370d865463b1782450366a0cd182cb1a328fd5cfd6b628c9334da7c25d81c114c48533eea32440b180d823f52f38fdaa7e5bf8e07719665931d0e9574b2ee79f2335f1f3aed8cdbce8effbb071c607f6966823193ba8bb49eb249396cf0db2863c54aea6d85eee8b3644300e38a7438ebc80e7267934cb12e57c522f9b83d1b08b7a298f51f54edf34b8df292c30e5463612eaea9bcad2a7097932293d14acf1c9edc8fad369abb6cf4e2d2319d59a8358dca98973938e0532be4caa9389d1e2d0ac8ec4063d57523eac10313f5ed4f8ca773ca4513f6a9586cdb749e87750c024bb4c3fc5515702c7b672795ca8b7889a55b11237208abe8e07dc8e74af696894da324dc55d1e1a402e4b45716951d90c29a3f694748f4ae72f259346b1c4599863151df17159c9b0965e001c34909746ca8ae74ea9ca3dd32c5249e18a6cb59b4f56489e41bd4e0e4d731dbac49964b8d3c2712d96ee29148ee3e9484e262ae49801823995bd3c64d535c149651477decbadb4848e2f50eddfdc114735d176c812b72f08246bc90810cf1fe9f353af5a4be3240fe0b97ca2c85cdf4179b5a1f69141c8e4557ad1b5d53a9eca8bdaca7d3b85539f27b551c5e5433ed9b2ae697645916ad69a6ffcb88b77c60575eae7d55aeb224b78d659f23353ea3a86a5adb4704661800e7350dd7fb92ecb4555511857f2f206f737f06a0d18666e71daa4ce259c95c21070d9a2b381e281a49bdc5876a1b6c9c7c13ca516f084b7f15ec104b3dbeec0e401514ec537898e518bd192d53ab758fcb7a6b6cea4f1934d8f1aacf91b0e325b6645741d4f57b9dc43e58e4b1f15d15646b8e914a9c568d8e9bd1372960eb35c48f918c734a574f388c49e76422f27b67d331e9e778b76ca9fd44552fdd82cb01df19f82f730bb33c8a3dbdaa5bef72d051481d5ee2494b4008403904f7fb5221c7737b36c9282c8e2c6ce0bd2bea4aa547ea5f9ae9d7428239f65b3fa463baa64b482f5ed6d898d4b8cafef4d8c1c9f61dc79eb0fc85e9dae5c59c62279c88f3e4f8a5ab945e07d9476d8e6e7a9a7bb8c5bd86482305c78fad6d97e1688e1435b99a1d1eebf351c705c2859507b891fabeb49aab95935dbc08be6a3e0c8a7e2e59693d2d0449b4ddba6c0abd978ee6954fa5a9b94645728b524d7839d37506a17324b24f16f1212dbd791cd741f06305f119096cb64eafd42d34e6b28262038c311591e0c559dd84a4a5b341d397fa9dde9b0c1332adbc641071c935bc8e8d38e018c127d91abb2bab5b5612190090772e78ae7be361a75bd86de9f6428d7b50bdd62f08b7765b11c3b2f626ba56249294bc93d7e70822cacedc5a9445521454986f6cab38d0574ed925d5f49039c0db91527324e31437fb1ff004f4b6fa3dcdcc45cb16383934de159182cbfb26e5c2537a1ff004dea16965a93ceee36648029dc250aee76489f96e73ad410d758b7b4ea29ff003065db128ec3cd75275d76cbb915564eb8f439675b06b585916290451b62338fd46a24977d2d1d8aabed1ce4b7f0f351bf921ba86646181b93779a0b6293690138fecdd5834b3daa99d36bf91489378c19afa176b3ae5ae80a24b86c06ed532adf6f8a116d7914cbd636f729ba2e3779a19f1e4dec385385b33fadf55db5cb25afadefc8ec69f1e3f58e47d70c31f5b7545be81a4028dea3b0fd3e79aebf0f90aa86c9391c576d862e69ee7a975b95920f4c96f8ae7f2ecf7a5947638aa3c7ad642afba5f53b02b34eb98723257c0af4388a31ed237f3159f1884ea3d496fa769cb05b31dc4738a757af04decca72cc84f63d5455806763f4aa338404e9c3099f5ab79c6edc41fad2f1937ae033a6fac66b3bb290b6e1f04d12b1d6f285d94c66b6746d1f5b9aec895c2e7e94faf90e4c82da1450f6fadedf53b42243b4e339ab2da2be443acc96aba74cf31301ab6b4fa3996de3206d380d5c09d2a99f589dcadfba94a42bd3fad67bc91ad2e66db191dd8d3a16ce5f07e01ba9856bba3977545c1ff001899d8fa885880d9cd7d4f0a0a35248f97e649cac6c12099dd3d923941e18d584834b076901c0f53e557c569e0ab6495493e94a013d97b578f0741786c81550599f9c051915ec9e29bcf52eb0442e1b3c1c7358d9a8f2033424228dc3ea79a1c8582cb8b49999594bc79e71b6bcd9a90c2c56443e9c91b30fa0a1611abd376ac386f3d8115808deca61bce338fbd78d0f4946ef76462b412dfcc8fb8fbd6e41688cce5c7b5467cd164cc09355b64991959012dc727b51247b229b04582fd6da38c8dc392a3c5362c5491b9d36dfd2419c7bf8c1f8a60bc87c2a88ecb9279f158c241f0ec88fbbf6c561e25ea295600f7e6b0d06b9dc616dbfcbe056335109d55221013b770c73fde84207b844df1bc98d8bd89ef9cd6335159b757577550573920f70681a09326f621cef423ff0049ed40d04981cf6a857dd1ed61da81a09488452a6e2927b4371c7cd66420837296b09e46e1c8faf8af3784792cb04bcd756285bdd82dec0d8e327814bee1f527685e1483b7b8ed2a7c9fa562359a9d321f4dcedec4e471da9b115266a34f4dab4c42982eb32056c938c0c7dea1e6d9d4af8b0ecc4714a5d880a0015c16b39c9d2784867606376c330154f1e106f0c92e935e0ab5229196f4db9c565dc459cc4ca659f261750d7ae60bed8cdc035f3dc8b6c84faa3ea38dc4ae55e4d2595f45776ebb8fb88a458dcda5f673ada9c25a3d11c70ca1b22aa871b114d8beee4b037fcda4b06c1ce6afaa10c619234d3c88ae13f2f3fa80363e056ca1186d0f8cfb2c0b678a3d42e86e859803f152c61ee59e0ad4bda8791e5ba436b1a848791f02bbd1ae305a472673737b63bb2b8cc78d9b7f6aaaa96b64b38e196c8e10e457a77460028b91ea4ea477af479517e0c75b166a4b25c3e2372b83f351db6b72d329aa292d88b5ebc9e0b52bbf2d8f9a4722c7d7192be3571ed968874c5d4d736ed13f2bdb9ae74b96e10e851c9aa39ec8c5f53e85796fd4719b62e16639247deb9c9c7ab72f274f8dcc4ebc3377a768a12dd0484938e69354728e75dc9cbd11bf820b28184670e7e28e6fdb8bc3d8354dce5b15db6a33438595b20f9a86df7ec86997b8c1bca07d658cccb2a1181dea7856d2f90553c6816da3bb6e510ed3f5a7c3896cb71414ed82f2c632c0df962253b58739ab69e0db5a7290a5c88b961035b48d1b6e2371fad23f29a7b2d9d3192d07ac918712040ac7b9aa617c67a444ea71583e78adbd4f558aeea92729c67803696098be8dd76f157d56b6b62250d956a17891c1b32beef06a1e45739cf311f5616d8bed747b6990c974d1807902ba9c5f4acbef6336de6e3e300d9e1d2744d3a4bb0a8c5149edcd775d14c23d8e77b96ce5d44fd2df885a575019218a231cb19c156f34719c5ad442b28943ecd24d6f3df4188ad5006180d9acb73358c094d45f933adf8777af2991e642a79c0e2a287072fb32897370b08ce6b82f744bb8a348956207073dcd6e6354b0d17509db1008a3b8b89374122c21892726936a739a49e0ae11518ed64ccebd697f7d7e58461a48b1cad378f649662d993a20be690ee3e9bff0bb486e35662ed21c08c78a9ae82afe62ebb9dcfa44d9f45749b7baee75d90bfe98e9bc5a5d9f397823e7f2943e10f26a354d262b7856e608bd4954048e33fa727c9ae8b4a271a32ed2d9f9e7afbf0e2efa4e7055ccf0119de463158a7d25d6476217c6c591368d6f3dbfe87209e71e3fa513965e455bca8423adb1da436b796e3d7b4ccb9cee8c629729fc8571f91294b2f487fa75bccf0aa5bb0083b2b8c11592e3f6d8e8f320512e9fa8dedd6cf4655854fb9b1de92aaf6d767e4a3dd53784cd7583c0b62da7b47b06dc0c8ee6975c9bd48d70c6e264ece7bed2b5d6b49919eddce15be29988a414b26934cb4b85d696657f4e318cfd6b99cd945d7fd8c5278d05752472da5d24d08cab9c9a8216e352d1452bbad8a1b5997d631c44e45509c924cf7b716f03ad33a9ae5231110c71c9c5530be5e04cf8d1f2327d7ac75358cdf46be8427c8fe6aa172d6a0c5fe3ce09b8fd95ea7a94333c4ba0c26465c1919070a3eb5eb26a6ffc48cae2e11cdccd2e99a8b4f6e0fa5be45e081455b4d7821b24f3e74173da69d7a225d46cd1d8f60c01aba9715e624f3f71ff00160fafe89a47f8548b6f66ab21185daa339a6db2ad2d2378eedeff0027a3951fc28d427bb5bb7731a3b77c7615cfba728c3b60ea46dafb75c9b3b3e82b4b528f3b9999079e6b99da6d3eda1fefc5ff0010cff0fb3d35da68a01ea1f8149aeceac29bcc765b03dcea31490dcc188c8e370e6af8f375d6444e118494a2ccba7e1cc770f3c9265864945a1ed6c9fc168ae5cc51c64c0eb7d3f7da2dd3892ce55407870bc62a9ad5925b1feed52de45123dcbfb628a463f4155c61fb279cd6463a068dab4d73ea25a49dfc8ac9c73a4039a4b675ae9e82eed2d4b5cc2c0819a2aab71db25b64a4f08ba1d7e6bebcfcb470cc10705b0714abaf9af062a629658bbaab4f31c48ed11c39e49a9babf321d459978420bee884d5a589ed26f49c00187cd378f7c56703f9354a51c988ebde9f9b4422227795e73e4d7d1fa7dcadaffb47cc732b71908ed4ac96a1c2903c8157e48f030d3dda3042109cf18ee6b1b3d81edbbef84e19b3d891deb7b1982690411063fc7790f1c8ed5a6e0b162f6000ba9273cb6284258226cd99f76e61f2aa3bd78dc9782e9b52231863e4f24561e088deed4fbb0ca3b95acc9e6b038b0b90f9076ed3e3b56b307292246a8c10ab0f39cd61a83c4c590640e6bc616acc1472aa3ec6bc7996206979caa8346806c1ef20411b120b8f3ce28c01768d135c6a3bb69519e02f914d82026cdac5180d8e4e06323c5300c17ac4005e413e702b0d3c556230f23727ed8158cd2d12285c803e0561e201c3118ee79e685b0922b645695e566cb0c01f4ac34f8a300159032e48cd09a89ae114abf03c1ec6bc122964790f12f03e3bd2da341279b71d8ee41ce0eeec6858480268b6c9b739c1ef4b68646453acccd1dac211431eccdf1f5a19780a1e760a1e0bcd3866e369760c1d4608229682de46fa73ab205cbb90c3631191448191aad3db638da4727e7bd3622a469ed1fda314c42b02fd5e16964c938515cee6c1b2be3d9d4571fa7136ddc0d7164f1a2cdb333d47afdce9771ff2fc704e49c0a9e33eb3ca65fc5e32b9618bec7aca4bb42d26edc69d673fa2d8ff00f4bc3c022e2faf0cb272739e2b832bfdc9b933b1187b70ea879a1c7be79097202fd6a9e0f1fdd9f66fc1cff50b7a412c0cef6346b5675970ea33deba3cba315bc3399c5b3fc8bb2d0b34bd66449d23937382719038ae3f0273ef8675f9dc58387681aabe10fe5164f27e2be8ecabe27cdc26d4b05fa65a42b007299279e6ade35318c33817759293f27d7ba85969f1932e01f02bd672215af9195d13b1fc4f62d62d059ac9bd013cf7a54f995461d9b0bf16c72ea902dceb08d8f4fdc3e95f39cef528b7886cb29e1b5fc819f5cb78187ab20527e4d7b87ca5f61cf8b2fa45725fa5e64daca091df06ba4ec8c9653023538ff3402344fcf5d7a9733315f8cf150e1cecf93d15cb90ab86228d269fa25b4007a4f5d05e9b5cd65c8e559ca93f25b71a3c2ee1d802c3b50bf4883f0c15ca92d125b35e40719c56c7d230b4c177bfb33dd4b0476b6cd231dce785c573795c1707b2ee25bda5a3376d13cb1ab4a4e6a0bb97183e903b118205be13321894b62bdefd6d6c6c2bde423a6f599a266b5ba871b7f4b11debe8385caafa611cbe67165dbb2196aaff00998c01e3e2a1f51e6cfab515a1dc3e3453cc989bf237a47af167da7943e457034cebbba317d451ae6bd71ea2c36f94207b89f069b4621b61478fdb6571db6a93594b7924ce15173f7aaa328cb781364611928966af7f77a6e850dfa72bc16cf7aaf8bc6ef6a673efb2106d332577d4373a9b7aad23a228e39aefc38d541e52d9ce94a52439d223d4f5cb3f5ace7790c4e15973e3e69d28c53c490b4df935f2f445d5e69645ddc3827f50078c54d6719b5fd0e872e3192d1ee83d37a068d229b4f49a53c31e3347070ad69996db3b3e87ef2ea0b3aa5aaa0b703b9352f22eb272c43c015d75a8e65e4736b1858b17132313e54d514c52f2c96d967f8a29d4b4ed235853673c51cdc7b89f1fbfcd56ebae7a681aeeb6af9459cabaa7a409bff4f47bc5896dbda51cf0d5cae45509c9c3e8eef179b38c7b4b7933ff00c4b7122348a5d815660338ae24a0e1358675fdcf721b46a74cb2ff0088a58da5956ecc28088c71b8e3c7f4abd3774dc59cbba4a88e52c366e34f93f2a8b6fe8b42157b37715d3adf55d71838567c9e727925e4bb7224dcb9c81f153d97c96d3191ae2fc9ce75cd62d75dd32e24bedd35d3fb522230221f2452aab7dc9f69f9fafd154b8ce9df9464340d05f52bb28b8585b2a1cf058ffe29bc8e4420d433b17446c9e66a38885dcdb4da34eaaf6524986daa00e09ac4f28aaaad4db6fc1a7d1f74cea6e2d45b855f9fd449ff006a6a8c9adb02e8417f01d4cd6e937a71b4207cb11cd50bf4988843ed025e7e59aee05700b31ef1f22b1c23f65309c922cd4f438bd38e684067ce49f8a8b9492598b1b4dfbc485d73709a7593b4a034b9c28cf24ffe2b92eb764d4595d7993caf07c2ee5d52ce037ee1364798c2f6080f7ab7915e6708bf07ab6e09b8946a874ab9b583518ee72e58c217c607c0a6f2ea8b8663f4671bbb9756875a426936d796ef126d222cc8ce78cffe2a7e15d09d91eab4bc85c9a670849c9f9f007abb69779a8489146121ee4aff0031f38ab6fae139e84d33b230db343d2f7ba669fa2dcb322425d99703b95f156f1655d706883950b2c9afb461b5ed4f59d175896cedeea38c7eaf511b391e3ed5cab22ea9b8a67678f555656a6d0774b7e202d96a0b697b1c9733c84299e46cf7f0078154d37ca1fcb64bc9e2774dc348ec11c56ef6e8eeaa780d91c8aed55d1ac9f3d3724f084fd63af8d32ca378a012c6de16b97eb554e708c6bd22ff004ca94a4dcfe857a7ea3f9d8e398101651955ce4d7cfe669fb334f27455718aec89a49f97999a6819b9e322bd0e365ef28f5b352584cf6e5f52b8915adedd0c47c29e6aaaf873c768ed0984aa8ea6f638d0e23cc774862907f98575f8b5ce31f9c7041cb92ed98bca0dd4b4fb39a1649923743c678a7ca6a29a44d072ce4cedb74f68b6cc4adaae41ff002d73a56d99c75658ec97ec92b585ab36c8768cf6db54d77f5dca3807b49af21ec52e6153146067b82314567a8c17f1f20c62f3b22b7365657ab04f0a0dd16fdde739c5535dd1924e6b00ca33c371605afda43aa05f4159b1e00af72b8eac8fc4a385c9f665f233bf97fc8bee7dc9b3cd7ce59c3b2a9763e81722164708e6dd7b78351b89e45f781c022bebfd225daa6cf98f578749a4622c24088d164824fc57519c7431b733472ab04ec68421e5bbca01258927c0e715a8cc04ec650373366b726954a8e8449bdc31e005f35e3c88ec95771959dc9f1d8561a83aced9252ac4153d89f1586bd164d2880fa68cedcf76078fe95e67bc8df4a6578892c8e7eb5e30636f23306dc98c7823fdeb0d41b6921643c2e7c735e3197acbb1f9283ed5e3c12b72b9c01b8fd78a34c065772c8548ddc9a340b45fd39681774c14925b8c9a740548d29cfa7ed3b58f7fa51027a01dbe54f9c561a0ece7078c7fb50b66a07f5c8f6b3f7e31f028321e026d5dcb636290782339e2bd93c12a5514f046e39e7e2bd9349e3d4c1c8620f241e6b0f1091f67b19c7db8ac6c240973224386e08f9f8a166805dbefc156e7c679cd03090bee3d667f523230570c28249fd049afb15d94b3cee62972c41e33c8a5618d7a2c92d52df32b00076d9e01fa0af347931ad94eaf1e49c36491838cd14518cd4692378dc4f271fb5310a9335f620ed1c834685b15f53cd770c645bc7bcb7d6b9fea0e6a3f1457c48c5cbe466ac34cd45b335c4f83fe502b8757067873b19d5b7915ea30453afe9b15fd8309369c79a9eead7d0ce34e519ac0934bd0ecfd00b1b8de3eb435d2a6bac8e85bc99c5e422687611f978811d9be95967a7a7a88a5cd71fe6576febc729db950de41aa28e33a579156f2636eb034d234469d98c93336ef939aa2b82b1e24c92cbba2f8a1e5be956b6040da0b67bd54a1557a44f2bacb7ec648914ca15bb5531946489259884b490db5b36d206051cac8c239c831529492c189d45a4ba62f31c804e2be53917cae9efc1f47c78aad24802d34cbdb9b8da8cdb07607b573ece24ee9f5c95fe4d75472d0ed6caeac6d9de44dc00ab69f4e5547e4882ce546d9610961d0135a2d7333b104fb573da897a7a51ecc7cb99ed2ea9075b69b1e96fb61079ef8a63e3c31a64f2e44a7fc82c7aaedb7241a85d78961307b2c64f3fc42e74cdcfbb28052e129d2de1e8f3842c4b4076bd77a85fc8c96762f28071bbc0ab38dc9e4d8b1132ce0550599b34d6fa65f5dc0279a7314a4676af8aee53c4bb1da5339b2beb8bc46273dd626d764bf9218fd49fd36202e38ae1f3656d8fa2cb3e87851a231537847ba743d497bc4b63e8a700b1f150c7d1ad6fb6343ede67161e259669e2d36dedf6bcd209703dc053df0a9e3589d8f2739f2676a6a2b029d5e6b78e5125b0c73d8f14f72a94b303631b1c71301bd4bdd42dc1b66f4a43f35ef6dcd61855cd552cbf051a7f525e68b32daea90faa31fad46715ce9f0e709656d1659eddcb30786686e74dd1b53863d54aa8541b88c5590e35735d9104793754fdbf25b14fa56b369b2da4411b7057b6695651db51d19decae79919bebcd255f4b8ed63b848e2523283bb559c69cab321d6d966480ed3f0fa27b48fd585c8201381dc53a1ccb1cbe4659d16a21f67a61e91bb0d630308265c329f3545bcf42e1429791ccdafded9cc2294a18a5036861cf35c75eaf6f6716f47568f4ca2eafb2f2802cee34cd3ee19aee3863965276be702a9e272d37d2df3f40f33d3df552a7c7d975af50599ba9a0df24c88176ecec7e69f5d942934de4927c3b7a2963c965debf12111c4a6207b966e7f6aaa3c88f88211f8d25b9017fc4f6914c2107d2651b8629aae727d5033a7ac7b3f02db3d5ed26d52e24b922e5ae549489c7c79a1e4a8d2bb63391509ca69453c6043a969d757377023da4366d36ef4d2318271e48ae1c2399eced46e8c61a79c03f4eb5ef4e85377be1604063dcae7383fda8adef5cdce0b6058e17c70d9b8b7d7a660b2caf1cc77005b38047dbe69f5fa976fe71699cab387d1e22c6179796e50320700e39c78a74a4a485453ce0e6bd3e2792579e6504e0287db9419fe56f91f4aa29a239ecfc154adf8f546b74ee97b1d607e72066b6b889b0d083ed43fee0f8a458b8f5c9f65867bf26debd3e8365e95bbb898dbcecae8791329c607da93572a2e4fb3d00e5d63a13dc5b4fa4eb31d95dda4f7dedc462088b0db9f247635d08f22362f8c720c61ace706874ae9fd23565b8f5b4d78082500994824fcfdb9a4dfc98c24a2960f37387d8ba6e99d262d60da3c524261c15f4d8e58f8fed4b5c89fb9d2451d5bad4d0b3ac355b5d3e35d36c4acb7572eb1242096914f938a66149371f282a20e32539f816eb5d37750dda1baf51a38a01ea119cb39e702a0ba33a6589793a94f221647e1a216ba3dcdf59bc76721468c65449d9d47241f8a7c1bb2ceaffe04ce518259fb32dd47a9416f1c76f6ab99787661dbf6ad8b9599ede0a22baf819f4fbdd43a7b4b72c4cd2f2dbbc0f0053a34c20b3127b2729cb635b782496196e1bb201dff00a562ce409492d09b56d75b4f905a292cc403c1ec0d4f2a66ec6dbd14d72874ce0557d7372b78f73346f2a14dfbb3e71da9f1a969cdecd563c622b42dd16c2ff55bc6923579653ef18f1f4a75ae31c189e51d0b47fc47bcd136daea514a22621433f228a8be50d2da21e470e33f92d334927555acba7ba3a8940f720ef807c51f26c76d4e31f24d5d2e1667e8c15edff51585ea6a961697022425c47825703e9535144da5635b2f94aaeaeac8fedbf1cbf37122cba300cb8f518b633f6ae9fbfac4a273a5c0c3ca91ad6fc4ee9cb2b586e5ae4c6d2768c0c907ed412552795a265c6b2595e463175c596afa34d7912c9242032121390715b672eaebd652fa021c49c6c4841a5de3cca3d432a367018313c7d6be4fdf9425bf07765c78b5f1353a3eab706e5a068525b750713773dabbdc2f504de24f472395c5eab2bc91d5750587d0963863f518ef6dde07f97143cce7b8463386d87c4e2f7eca4116dd5f6ad26db8b108bb701d4e467e282bf50aaccce50f07acf4d9c7f8c8a2e750d3eef54b6b8f409508f1edfa919ff6a5c7d5aab2f6e4b114817c5b2baf19d8758dddf5cc720d3ec60ce4e1a57c0aefd5394e3f044128c7b7cd996d7ba6756bc679f59bb911339115b0c201f5a92ca2c949fbaf474f8dc8ae38552ffdce6dd410dac32982de2211b20e460835d1f4a718a70423d5d49e24ce6ba95abd95e378563c57599c4430b56790a2b1231f2680d3476cc8aaa54852473926bc8d3c0277276a6f20fea03815e3c8f0db4eac25721b1d87c56a35e3e825257041668d89f1db15acc4116f7182c9b159bbe49e2bc79960b90edb59cf1fe51c0ac67930fb29a189c8cb907e0578f06cae36e53207efcd0b35065a4aa20c1182456a3ccb6268d72c4e7e99af1e6c221b88d41257f7c56a05a3e9e6474c7249ef8144982d1a0e9f8d45b05518c550bc087e47059763019240e3eb5a78a659020dff00cdb79c1e285b3501c8cf2329f79cf208f340de434176d62cc77ede6b0dc850b111312b919e4915e309b4630031dc47d315e3514b32239c2906b0d00bdba8d0ef900561e586685b350a2f35b891496236f9cd0b906a2245d6b76e21f2833b7e94aec31c494babff000982b005c62b3b19d40edef45bcab33396cf3f7a00fc973ddb5eca598654ae304f0bff00cd6f93cb438d2ed8b3e3f938181da892064cd769058b855c7f5f14685c8d9d84588c628d0b04d76ea3b75556fd6c702a2e65aab455c6adcde8537b7703db05126c6c63be39a9ac719c308a6117196ccedee8f78f0b18ae418d876ae272fd32c71ed091dae373aa4d2944456fa05fda48d2dac99fa135cea68e44259c9d1bb954cd61a1ce9169a8c91b09114127926bb34f76b0ce4732552da634ff0086cac6259dc29efc5367529c72990fbfd5e917e976f1faec9eb0503b1cf7a471631eed363392df44f05b31dd391bb217ce686e7da4fab36ad4768f1afe2b73b1e755cfc9a0aee945f5c9b2abb6f026d63aab4cb06559af50963fa43565f2dede86d34b7fc501ff00c4ba4df111c33a963e335272adaa35e60535d16a7968d269263da1e3c645670f909c5364dca4dbc3184b78922b472ae32381f35d295d16b644aa6b68ca4b7d168d74f0c8e10480ba03e6b9dcce4ca294628e9d347bcbb04e97a9c3a84b180b83ddc9ae5f239514963436de24ab4db1a30b76bcdc0e302a4a392a76e112b8c9405d70d05dfa9002bb8672335d3b54610729780a1196987e8b6eb6912c10c480772c077aa7d379d2b9a8551d2fb26e54167b499a34f58a6e24607815f611ca59671de33a070d69148731a063c938a52b2b8b19f36bc95deddc1696923a9038e00f35eb79108c1e0daaa94e691898ef659ae643fc38fd2432104e0366be5aea15d27397d1f48a2aa8a5e7228633ddb3c93445b61e360ae32be5f6bc1d57557149647fa7dc486d559ecc85538c9e2bb1c7f508f5c4a2727915a52d489cfa536a91bbc2b1ac8060ee1fef554792a5178444f4f2d999ea2e9dea2d3e6b4b8d3499edd7065894ff005e2a45852cb3a145d549352f268534182e2c627117a520c38fe520fc505b6c633fe847bcd4b7b15dbf48b5f6a17126a02474898491481bb7fda68e9a25283943c056f29412ebe4d669ba94171628f0ab92ab83191ee53f1fda82c7ed7c48251949e5e8473f5be8b2bbc52332c91120a32f39a86cb9b8f83a70f4dbf09af0cce6b9d556d7ef0b5ada4b2342490a7824d4d18767e0eaf0f8f2a13737e4533f4e6b7d65189004b46f1b8e715d9e170252939bf0072bd56ba63d51a5e9efc3fb9d3e75f52fccca17120031cfc035d2abd2a2a7db3a391c9f5b7647aa89a36d034cd3d96e1a05765232646c9c7daad5442bf08e5be65b669b33fd4567a5dccf23b46913003de38350db26ac7d065729b8e18a74fd1acaeaf16e2291526894a070c30052e52b2707d8728b5bc0dae6e6cad886b864696318f58c7ce3e05735d92b27d6098f8d12eba7ff00026b9d460b9b977b98374246d557057007f3100727e956460ffeef21aa9c168b2d356b085443633db190803df8c03f382734d8558d192af2db6c8f51eb977671978acd6e633c878e6181f71de99755849379174d316fce0b1f5482fe036ef1a410a0fe0244a156363c76f3f73cd32fe5358e9e3f4151c6516d490a6cb51d4749bcb8927b88a792362922c246df4c7d73c91de97cbaaa9e14c3852daca3671f5446f1a3229963619dead81f4f15ce970698beae5b3ca89359c04e8bd6565a76bd7b652cc2496e6306358bde5485fa7615d7e0c63c74e0de496fa2538a97e896add553dfac50c30ec95570efc64e3cd073ac5382524151c7eaf2f68034cba8adc90e57739c977e4e7e7e94fe3d71a56bcfedf927e45b29cb0bc174fd2ba64fac47ac891d2e0770a061fe0d6d9c7ae7353cecd873ac8d4eac68d2dce9f6dac59fa32fea030b20fd4b555b4d5c9874b112d574e99f689cab5bd10e8fac496a3d7c3ae43ab3287c77fb9ae373b8ea96ba1f45c6e47bd1cb054d134ed46433b419da028461fa6b953be5595767e02f4ee9db6699a39cbecdc586091b87c1a6f1f9ca72eb378426f4d2cc3c8ea68638f4f9628ad8c8810ec887249f02b9eb9d2972124f0b207b7f1cbf265747e9ab5935037b70aed73ea6ef45b0154f919ec6beafaaf24b3ba58ea82e6e8cbcbdd59a35b564b363b848dfa0a9f1c739a08712729a9b7aff00e064f9f1857d57f21c4dd31776843e9e2ce1587fea88e1d8c00ec463bf1f35573785ee43b4239689389cdc3e963d317eb31e8dd41632a4650dda8ddb719c91f4a9685959b561944ec69f58bca17f4f74e5cea53ac244b0da28e5c29da0fdcd3e304e5fd0bb6d715fd9abd4f46d534ab3b636778971b415955d70a73f1fb55f29c6b4b0431ff2379581658688fab42f05cd85b5adba11b4227b891e735c1f53f58af8d8aea5997ff05f54253f949985ea8e97813545910faad193b84520cff4f35d2e35af935776b02a52f6de82341d52ead2f24b792e67b4b56ce176f193c52e5c6867324364fba4d79353a55c14945b8b942ea7646c4f129ae3723889c9a4550b1adb34cf24c90a4aa763018217c9fad42fd3b915a738871bab93eb20292f2e2e6f7730c8641856ec4d2e509469ef35f6362a09f58944d72c15e364233d88e0ad74bd3e1155b7e722ef5f358069b567b5b9d38b60a89006e7c1c8ff007a9f95c58aadb8fe814bb27935ba7ebd169f03bc7027a8c725d9b381e2b78beb97570e8a397fb21bfd3d4a596c38f564d79a6cc8228e59c67049014e7b0e6bb1c6f5495d0c4d7c88ece27b52cc7c1ca7ab2ed35172d736cb05cc276ec5e01a6f1b9928dfb581fc9a54eac27930da869e97aa58004ff5c57d626a4b28f9f7168405d90b40e5815f9a1f0790d34fbf5302c4635241f27bd79a3d91e5b6a1fc0f4e35287e0f61449187af75228daadea3f9dc7815ec049804d72ceea1e02c5bc8e062b19a176d2087821be8aa6bc7826dae07a9fa1557feeac3703ab72cf86555008e781fdabc604b1693046fc0efcf06bc782a094800631f4f8acc184ff513e3ed5ec1ec9092e8236c424ffbd61a116b1c92b2aa85e4f6c9e7ef4c8a17266c34f57822c01eeec07d2a84242c899af20e582aa39201e1bf4f7feb4997f24f23a097479fe8312d3d520ba82bfda8b22f01b0daa200a154e3b715e3c1f108a33ca73f6af1e2f16b04dc85dad598372037966610490587cd6346e4cb6bfbbd1f5206d8ebcf7c66864834ce71aa7575c4529899f1f739a44a781d1867623bad7deea37db856f207fad2e52ca1aa3b05b6bf9b037b920f340b21b45f71ab90fb339146c009d3aeff0034e884fb738c66b62817a3636282e008a3242a1009cf7a66322fb1a5d3adfd245db8efcd1601721cdbbfa1229fa77af3409a5d3355565033cfd6b5331a0cbbb1b5d4f6b4a06f5fd2c3c505d442d5890755d2ade62663a8fa6e4680b2ce63d8776f03b8ae3726a9f1d36b68e8d372b5a407a36911c706eb8d49a556ec19bb50f1ae8ce3f2197c65196120998d85aaed84990fc0148b6da6ad8eaebb67e4869f731a852e3602c49a925cf838e6232de336c61aac516b565f9682ed6124fea07b54dc58ce4da72f22e0bdb97692f024ff000b9349547b9946c8f80c5b83f535cfe7c2da24bf474a1742ed456caac1df51fcc4566c5a2dc47ae4607edf35945eea58ce8f5d5c63894bc98fea2e8ad7aeafe1b68af8b891b3bc120815d0a26f0e4d67f46fbd575d688d9fe085c5d3b4b7d70deaa37b5b24e4535ca535d7c087cd8d724e234d1ff0aae34dd456e279d1a346e001deb97c8a2514552f568ce388ad9b0b98a1d3ec24fcacea25452caa5bbe2a79c5d693c90d5276cd775a3272f553ebd66a614782ea070cc01e08fa1af5dc89c928bfa3b357a7478f379dc581ea8b3eb9709772b82d1a6de28572b3fc87d7c78d0b11f0cfacaf26b185bd119940cf3535a94e494bc1eb21dfc8cedae5ee634b99e728bb412338e73dabb51f4c9531565296ce459387670fb06ea1ea5b7d067063b669588f7baa9e2ade8dd6ebbe29e40a6b73da655d35f8c9a4b6a22c6ea27b70ea0077e416ff006aa381edf1e3d52d0be57a6d93da7b3757bd6769689e944dea4b27e851d8e6a9e57aac69f824db7e0e7d3e97659f27e17930d75a9eae75368cdd441802e6391b000ae0469e5dadcb383b95c7891861ac964bac6ab1db4af7325ab4310ddb43e5b156baef8433362e35f1dcf10ce41348d5f49ea006deea2901e7f88870c3eff4ade34abb974b105c985b43ef066a91a0d0ed152ce3fcd47261539c9ddf0682ee0baf55ed322f71f21e66f0d0bafe5d7e511936f0476cc70f96da56952f44b31da52c1b0baa8cb1e43b46d52dedef8da2dc4c1bb142bb949fa1a6f1aa4a4ea5f40f22129454dad1a4791100cc89b98e029e09aa25e9f3fd90a9bfd19eb0d4ae2692ecde040915c3c712a77da3b66b9dc8f4f9b9afd7d9626b1a325d4bf88b7161733582423d191431746e7ed4eece94e1165fc6e0c6d4a6fca04beeb08ecb4a8a3d1dcef7e67901ed91dbeff5af571725992d1b3e33958fb7fc1865fcfb5db5f5ac12df44dc86da4e0f9dd8f34c97163e12ca2d5c8c2eade19b5e90e9dd435b22e757792d61ddfc3b655d864c793e714ce3f0e39f073f99ceeab11db3a4471c36b07e4ed9618634e5dc1e107fe4d7663151583e7a5373976900cfa8fb84368630403ff5010a7ea31c9a44a7172e9db6355526bb00d9bdc4b752fab37e625cee4f5570b10f803fdcd4f7f32ba1664315595ad123677173bc6d8d98e771dd9e7e00ff007ae74bd43dc8bc2c15c611834f264b57d4e1d32792d6fe39ed909dd92b847f9c376cd671e30c764f2cad49cb7134ba159690b616d750bade42e7d449186403f639c50592b6772eab7fd12d963daf01ba8e97a5ddb9926b42b2302432f1ff00c5753f0e6f7378278f26c5a4ce5bd41d2b696f3e6eae6fc0539dd1a2608feb4e8a8571db2b8ce73d24057571a4d9582c1676d7d3dc6dc0b8ba98e01f90a3bd4b64dcb717a2bab8f2ca737ff06d2db4afff00dd4b01858d99cb46e578607b7352cea4aefe8f7e46694d3d9e69fa1e9f1412cd6b318a47908911b9e4781f4adcc6d8ac3da37bca12c35a10df6917d784db42adf9485fd9bcedda0fd3e28a7c5ce1e7636bbe31d31a69da259d96ac6581650c88b1b3a2647d73f5a2bab75aed1d82ecf72bc486b214b7d4a58e55660e418e45f031cfdaa0e44da6a69ec4c6395803d4ff002f6ea544f23c8c79cf18156d1cb738e642ff001f3e10eac7a86c6d63305cdc12ad8d850f2bff00f556a9a8f939ea8949e906492beaf68534bbe963855d73328e4e0e481f35359cae9fc47c288a7f3467fa8b5ad4ad6555d6648a5b2439478e3c12df1f43499db65e9a8bd16535555c730f2c587521eb0950150e030cf71c573acafb2c48beb8a686f6374d2ab4ea870b80c7e335ccb78b3c397d2064d45e19296ee486291e24ddb470cd9c0fbe2b38bc45758949e10bb6785a1194923479d5d6e4c637318d71b307be0d7d8778e3088a3e70cd8697a95fde5bc46178e74670a55a2292a83e473e3ed4d84e6b09b4f3ff000c4591ab7e57ff0005f20d54bcc90c524a633b5645185723e4ff00ad3bdc9d49b6f42655d52c61ec6bd3bd33a7445af5adedd2ee53962130df6e47028138deb33fbfa27b6c9c351f08d04da35adc1f72fa47c003db9fad58aa4dfcb44cae947fb39e758596a1d3d79f9dfce18edbd44daa795624f3f6c007fb572f9d19d2f3f476789385eba25b3ef5d2fe09e385a4457e23f48649c8cf7f1f7ae0438309dbef5aff00ff00a592728c7aa16da68b7563a824ba72d8425e32196639391e013df3e4d757f3acb25d78cfc13b85508ff9becf5ba3755babe7bfd616db6b7e90ac3620fa7c9ac9df7e7333ceea7af5ac5f71d2f7373adabda2476d691e0c6cef801bce7fa56549dcf3e03f77a470cd30d3b507628b1ef6c78e01f823357253f084f782db65377a3eb04aa258bb3a60820823fd6976f1ec9c7a4a39195df52f97633dab5eead652347a96992abb0c2c9b0f6ae651c6b38998b8bd97275dbb8484525fb17031fa48da4f83b851766de1a18e092c8d2ff56366e61d85d8f724e33fb542b8d24b32d04a719780abdd464b7d3b641770c772ebb95a4e421a9ea97cd4b0f1fd1372209bc311bea5a95e24d6d7579673008097310cb13df69aec45c30a4b2847b3e1c76268b4c97d36c5c46c4704eee4fc0c577e9f57aa0b0d1cce4fa6d99c994ea24b8d3ae4973064f8fd59a7c7d47dedc56815c28c56c536fd556d1cc05dd8aed1dcc2db4ff7ab6364f1a26951034ba7ea1a6ea309fc9dc977f114bed6febd8d3a3c85ff0072112e33ff00b48bcf3424ed6543e40edfd69f1927b44f28b5a668fa4d6c3a8ece6d3ee8fa13c1cc73a919c1fa5703d5f95670a71be0f29f95f476fd329872e12a64b6bc3fb0dbee85bfb180cf6b70b7abf0061b1fe953f1bfea6a2c7d6d8f51b77a0db15fe37dbfa157e42f6da3f52e6d25404f05b918fdabab57aa716d9fb75cd36416fa7722b839ce380fb5be26308adb88f039abf3fa20c0dad5f29ee076f83f34681242e115bdc4ff00a56e367b78233ea01576c640f15e7fd1e058e52ef96dfcf1919ef418359a2d0a179a45da4ed1df00734e8a13266c2cc665099e1073f7ad6ccc6031e7ff009b846e380aff00d3db40fc8c5fc1ff00c06acc1f181c0f1f144900c2a3939033f615b830bd640463b9cf935878f3f36d1803c7d2b0f138f527e416047c578f026a7a7699ac4063bab6c67f9a36da6b024f0626ff00f05744bd2ef0ea77f0b93ddc2c83fda96eb4c62bda33fa87e05ea96e1a5d2f52b6be03ff00c6e0c6e7fda96e8fd0d57e7c9cfba8b4dd57a5898b51b0b8b524e15a44214fd8f6340e0d07df267e0bf6760ee4fbbbfd2b0f363ed0f528ff0032a4918519a28a324ce8fd3b729e9a92431739cfc539089336d6863318391c8add0257733cb19ca0240f8a161221fe2e6d482a4e0fd6b0f646da7f546e6c6ffd89a24c11b0ea41fa1d5483e0f9adc27a66671e0ba18f4ed417125a45cf951834a7c6a9e9c50e8f26d8bcf62171d276eeb9b498c6dfe563906b93ccf4385b1ff1cb0ce853eab38ffea2c99dbfb2bdd29cadc407d239f70e54d7ccdfe977f1a5f3595fd783b14f2a9bd662f6028ce9034b6fb55064f2739fb5057752a4e3278687497d7904b6d06fba86d925d5eecafbf7476c84ed23c6ef9a82cf5276daaaff00b721b9478edb8472cd4e971358ec8e6dab128da70318aefcb8108625e62ce64eff00773fb1a0584312abb8af2a7e6aba78ea30715e3e886726deccc5c758dc5b6a135a30dc72704ff2573e5c88a6e0fc9d587a729d6a652bd4f776ef8b87c6f1b9770eebf22b976ce516dc9942e0573d44cbeb9a81d46f1ae2da465e30e49c0c7de935572b96b675b8d18f1e1d2c1669b7d25bb4bf9600b30c6edb904532ba6d6dc12f257c8954e29d8fc04697a86dd42632ce2353d811c13e6a87e9316bf96c867cbcc5251d075debb6b612189424f712292a91827031dc9f151dfe9928a589e5835d9df4d6118fd6ba926bad2aded217c13992561dfbf02bb95db38d4abc8bf622ec761a6875758f4fb7176a1f108f50ca723b7269b3e44b187b26542ecda311aa8e9b9ed1a6820b917c5cb2956c2819f352cac6b0a2742baeccfcbc1ee99d4baa4af6d690c8656c848c3f25493c53abcc9f6979405b5c578d67c9bbd4fa3356d43d0c5d5b3c801f5a7673bd89ee0f1e3b57aee42f2e4736ab6b867e211174169d6d004d4351b9b993cac476afdbcf153ddea1434a0f66c6db1cbb571c114d2acecdd9ed116d6154dbeee5b1f249ef475f5efda3e0cb6c9ce3d67b611a77e52697d54bd9d521954e240151dbe84f7aabaaf8c9b7a26736b3151f239bceb8d36ce230ea024504954f51786207241f35d17cd8fb5d9eff00a248f0e4e7f1d0b3fe358047245a669ebea98fd44918a8fb5410f516db55565ffe9bf764ff00e0c06b3d6fa95d6a91debdcc9f97651b61279848e08cfde895ddb72d3288f1630f820ed2bad0bc5385bdff009896404a1196da7b9cfcfc50f26c9575fb8b60c2884ec55b069ed6392e66b852712364066dc7eb9ae27fa87cb0968ea3e3758edffec7d6d1a90f02da7a088c1965ff00383e31f7a7f33951c47dbfb27e3d52cc9ccdf69906a571a4c5751496d1007dbe94654ed1c1071dead87a8b8461da3a7f78393757056496762ad4bf1067b7ba5b2b4d2a72c8b932cd11519c78cd5f1b238ca689a3c7ee9b02d4bab2e2d2ca396f2e2d23964f72c0adb98ffdc7c0fee6b7129f8017b71783cd13a9e5bf537f7164e1236fe1fbbfea1fa64545f87ed394a4f2d95ce7dd284746db4fbf8b506c1411b9f0c0127f715143d26777fea4ff00f02a72f6cb3524834ed8f35ca46246c273cb1fa0a45be8774269670bf6642f53d1f4622d41648648a3b8461b4975cab67e86bb1c3f4baa0be6f2ff007e04db64978d0975148b499638c98638c0c6ded81f18f156aae352eb0583c9b9ed9ed8750db5bc2ec4c8c87c93914b7c8e8f0c274b97804d5ae746d66c9d9a080854caacc48393f6ac9fb7647686572b699663a31f61a65bda233bc49736aa7dcc1f91cffa0a097596b1a289db25b4f6740b0dad636eb083ed51c1ae34ac937b6792c095b45d46df5a1a9883167bcb1f4dfdd8c739069d547abf752d0f95ea70f6f3b1bb7a725cc8d9c24c3963e062aabad8c24a6df91714d452fd0160863e8e551785cf9fad72793cb7293eac7463fb2e857d59137edcb1c649ae746129c96cd94945361f7dd0d61aa3facbab491378da0102beaeae15714be47397a8cd2c75d09eff00f0daf6111bdade4332138c3021bef5af896746e3b1b0e7d6e5b581a69fa65e5869a966c193639dce78e4fcd711bb64fe55b5bc14c9d6df652cfd95f52e9b3cda77fca289dd701d2270fbd7e7157fb328fc12cffb3fff003154dd172ccb5fee64b52d2a6b3f45d95f64881892a46d3e41a0b28943193a14dea791ae977505a47f9693d49a39f92421409f0493c53a1c694a0e38ca64b758a52fd60d2ae8b6cb2a382e6ddc6583386dc7e062a4e3fa2bed9b3c2fefc91be6bc3c792ed4b449a4866b3b1458239a16e5f94c9e38f83e6baf77a5c2528e17813572b1f291838ee354d1ee55ac2492e5a15d92976389147f28f231cf35cfe4f15592c4a5b5f6be8ea3509ace319fa367d2bf8830cd8b5689a18d4763fa95bcfed41c3e4dfc5cc6d9768fd7f473f95c28cfe51f3f629b5fc44d417579ae4cfebdbfa8cab11ec4670318a91fa972217fbb9cff00f4751fa5513a1412c3fd9edcf5ddfaf52cb7b6724a90ed01ad24c94381c9c1ed55cbd56e5356e30bf42ebf49a9d3edc9e5fec7367d6371abc0d677da143240a843c923e500f8c11cd357ade70a51269fa4aadf68d9ff00182cd034a09a4c3acda6644705a6809c65727f481db1e2a9aa9aec82b96ff6bffa137defbba25ac787ff00d99bfc47d02c7a9ede3bdd1ad75286fe17468ee0c1208c60f395c73c669efd8aa59aa3e7c8bad5928f4b648d23c1f98d1e31708b7771e9a8c30288c7ec7b5294a89f9593229c6586f42d695ae151c59b5b888f313af6c78fad2ee5869278fe8b5622bce42a5d4ee356d0d7f2d118e68df631941017ea0fc629ab9719a55e764ea855d997e1965ac39b1936cd28990060c25ff4238aa55b182c6762a51ccb7e05b6dd5e2518bff57d11ddd4ed64fa91f1f51c579daa4b6f213a9c7f8ac0d750d0f4cbbd33fc416682e98aef56954107ff00e38e6a8f629ebd9f9275c8b7b755a144dd050eb57d35f3dcb5b7aad911e03c6a7ce181e693770abb1e9e3232bf50956927bc198eacfc3dbcd0e23a9ed9ef4ab08c2a02d8439cb103bf8ae7ff00a6cea8494765d0e7576b59623896e5bd18a68aee15908da8cb83c9c6707902a654dd19756874674c7e512cbad5b4ac7e4e58c2ca8d80e8bb5811f3f34b9d362f28baa9d7678628d7f445beb643f9759b3cee1c11fd6ba1c4bfac7ab8b21e471712ca9651946e885bb6532a35bfeadd8209ededc0fbf15d1873129f46, 'cuido', 'Disponible', 20, '2023-06-07', 20000);
INSERT INTO `productos` (`Id_Producto`, `Id_Provedor`, `Id_Categoria`, `Foto`, `Nom_Producto`, `Disponibilidad`, `cantidad`, `Fecha_ven`, `Precio`) VALUES
(2, 9, 4, NULL, 'Accesorios', 'Agotado', 1, '0000-00-00', 324234);

-- --------------------------------------------------------

--
-- Estructura de tabla para la tabla `proveedores`
--

CREATE TABLE `proveedores` (
  `Id_Provedor` int(3) NOT NULL,
  `Nit_Provedor` int(3) DEFAULT NULL,
  `Nom_Provedor` varchar(35) DEFAULT NULL,
  `Correo` varchar(50) DEFAULT NULL,
  `Telefono` int(12) DEFAULT NULL,
  `Direccion` varchar(40) DEFAULT NULL
) ENGINE=InnoDB DEFAULT CHARSET=utf8mb4 COLLATE=utf8mb4_general_ci;

--
-- Volcado de datos para la tabla `proveedores`
--

INSERT INTO `proveedores` (`Id_Provedor`, `Nit_Provedor`, `Nom_Provedor`, `Correo`, `Telefono`, `Direccion`) VALUES
(1, 1092309090, 'soya', 'soya1@gmail.com', 2147483647, 'cll 12-12'),
(2, 1003154464, 'pranapets', 'pranapets2@gmail.com', 2147483647, 'cra 47 a'),
(3, 1035484868, 'dog it', 'dog it3@gmail.com', 2147483647, 'cll 87 #23'),
(4, 1284864456, 'glo', 'glo4@gmail.com', 2147483647, 'cra 50#32'),
(5, 1354464664, 'ringo', 'ringo5@gmail.com', 2147483647, 'tranv 3#26'),
(6, 1086468455, 'cani', 'cani6@gmail.com', 2147483647, 'cra 28# 12'),
(7, 1878973321, 'patitas', 'patitas7@gmail.com', 2147483647, 'cll 10 #42'),
(8, 1045456486, 'go', 'go8@gmail.com', 2147483647, 'cra 80# 30'),
(9, 1084848894, 'monge', 'monge9@gmail.com', 2147483647, 'cra 65#28'),
(10, 1047846484, 'canagan', 'canagan10@gmail.com', 2147483647, 'cll 50# 86');

-- --------------------------------------------------------

--
-- Estructura de tabla para la tabla `roles`
--

CREATE TABLE `roles` (
  `Id_Rol` int(2) NOT NULL,
  `Nom_Rol` varchar(15) DEFAULT NULL
) ENGINE=InnoDB DEFAULT CHARSET=utf8mb4 COLLATE=utf8mb4_general_ci;

--
-- Volcado de datos para la tabla `roles`
--

INSERT INTO `roles` (`Id_Rol`, `Nom_Rol`) VALUES
(1, 'Administrador'),
(2, 'Empleado');

-- --------------------------------------------------------

--
-- Estructura de tabla para la tabla `role_permisos`
--

CREATE TABLE `role_permisos` (
  `id_roleP` int(3) NOT NULL,
  `Id_Rol` int(2) NOT NULL,
  `Id_permiso` int(2) NOT NULL
) ENGINE=InnoDB DEFAULT CHARSET=utf8mb4 COLLATE=utf8mb4_general_ci;

-- --------------------------------------------------------

--
-- Estructura de tabla para la tabla `servicio`
--

CREATE TABLE `servicio` (
  `Id_Servicio` int(3) NOT NULL,
  `Nom_Servicio` varchar(35) DEFAULT NULL,
  `Categoria` varchar(35) DEFAULT NULL,
  `Precio` float DEFAULT NULL
) ENGINE=InnoDB DEFAULT CHARSET=utf8mb4 COLLATE=utf8mb4_general_ci;

--
-- Volcado de datos para la tabla `servicio`
--

INSERT INTO `servicio` (`Id_Servicio`, `Nom_Servicio`, `Categoria`, `Precio`) VALUES
(1, 'peluqueria', 'pequeño', 20000),
(2, 'vacunacion', 'grande', 25000);

-- --------------------------------------------------------

--
-- Estructura de tabla para la tabla `usuarios`
--

CREATE TABLE `usuarios` (
  `Id_Usuario` int(4) NOT NULL,
  `Id_Rol` int(2) DEFAULT NULL,
  `Nombre` varchar(30) DEFAULT NULL,
  `Apellido` varchar(30) DEFAULT NULL,
  `Tipo_Doc` varchar(15) DEFAULT NULL,
  `Documento` int(15) DEFAULT NULL,
  `Telefono` bigint(20) DEFAULT NULL,
  `Correo` varchar(30) DEFAULT NULL,
  `Contraseña` varchar(20) DEFAULT NULL,
  `Estado` varchar(20) DEFAULT NULL
) ENGINE=InnoDB DEFAULT CHARSET=utf8mb4 COLLATE=utf8mb4_general_ci;

--
-- Volcado de datos para la tabla `usuarios`
--

INSERT INTO `usuarios` (`Id_Usuario`, `Id_Rol`, `Nombre`, `Apellido`, `Tipo_Doc`, `Documento`, `Telefono`, `Correo`, `Contraseña`, `Estado`) VALUES
(1, 1, 'Juan', 'Osorio', 'c.c', 1021803123, 317307753, 'juan@gmail.com', '12345678', 'Activo'),
(2, 2, 'yeimar', 'escobar', 'cc', 1812345698, 3045523123, 'yeimarecobar1@gmail.com', '12345678', 'ACTIVO'),
(3, 2, 'alison', 'perez', 'cc', 1984556091, 3211230909, 'alisonperez1@gmail.com', '12345678', 'ACTIVO'),
(4, 2, 'juan', 'patino', 'cc', 1983878909, 3053454598, 'juanpatino@gmail.com', '12345678', 'ACTIVO'),
(5, 2, 'jose', 'ocampo', 'cc', 1123433231, 3012339912, 'joseocampo1@gmail.com', '12345678', 'INACTIVO'),
(6, 2, 'yerry', 'jimenez', 'cc', 1223123121, 3015454091, 'yerryjimenez1@gmail.com', '12345678', 'ACTIVO'),
(7, 2, 'guillermo', 'mayo', 'cc', 1009876556, 3046556879, 'guillermomayo1@gmail.com', '12345678', 'ACTIVO'),
(8, 2, 'cristian', 'mazo', 'cc', 1997667898, 3011234338, 'cristianmazo1@gmail.com', '12345678', 'ACTIVO'),
(9, 1, 'fernando', 'martinez', 'cc', 1100121219, 3051212988, 'fernandomartinez@gmail.com', '12345678', 'ACTIVO'),
(10, 2, 'david', 'velasquez', 'cc', 1123443980, 3214430989, 'davidvelasquez1@gmail.com', '12345678', 'INACTIVO');

-- --------------------------------------------------------

--
-- Estructura de tabla para la tabla `ventas`
--

CREATE TABLE `ventas` (
  `Id_Venta` int(3) NOT NULL,
  `Documento_Cliente` int(15) DEFAULT NULL,
  `Fecha_Hventa` datetime DEFAULT NULL,
  `Forma_pago` varchar(50) DEFAULT NULL,
  `Tolventas_Pro_ser` float DEFAULT NULL
) ENGINE=InnoDB DEFAULT CHARSET=utf8mb4 COLLATE=utf8mb4_general_ci;

--
-- Volcado de datos para la tabla `ventas`
--

INSERT INTO `ventas` (`Id_Venta`, `Documento_Cliente`, `Fecha_Hventa`, `Forma_pago`, `Tolventas_Pro_ser`) VALUES
(1, 1009121233, '2023-05-09 12:00:07', 'efectivo', 90500),
(2, 1556486467, '2023-06-01 12:00:07', 'trasferencia', 72000);

--
-- Índices para tablas volcadas
--

--
-- Indices de la tabla `categoria`
--
ALTER TABLE `categoria`
  ADD PRIMARY KEY (`Id_Categoria`);

--
-- Indices de la tabla `cita_externa`
--
ALTER TABLE `cita_externa`
  ADD PRIMARY KEY (`Id_Externa`),
  ADD KEY `Id_CitaExt` (`Id_CitaExt`);

--
-- Indices de la tabla `cita_interna`
--
ALTER TABLE `cita_interna`
  ADD PRIMARY KEY (`Id_Interna`),
  ADD KEY `Id_citaInt` (`Id_citaInt`);

--
-- Indices de la tabla `clientes`
--
ALTER TABLE `clientes`
  ADD PRIMARY KEY (`Documento_Cliente`);

--
-- Indices de la tabla `compras`
--
ALTER TABLE `compras`
  ADD PRIMARY KEY (`Id_Compra`);

--
-- Indices de la tabla `configuracion`
--
ALTER TABLE `configuracion`
  ADD PRIMARY KEY (`Id_Configuracion`),
  ADD KEY `Id_Rol` (`Id_Rol`),
  ADD KEY `Id_Permiso` (`Id_Permiso`);

--
-- Indices de la tabla `deta_compras`
--
ALTER TABLE `deta_compras`
  ADD PRIMARY KEY (`Id_DetalleCompra`),
  ADD KEY `Id_Compra` (`Id_Compra`),
  ADD KEY `Id_Producto` (`Id_Producto`);

--
-- Indices de la tabla `deta_externas`
--
ALTER TABLE `deta_externas`
  ADD PRIMARY KEY (`Id_CitaExt`),
  ADD KEY `Id_Mascota` (`Id_Mascota`),
  ADD KEY `Documento_Cliente` (`Documento_Cliente`);

--
-- Indices de la tabla `deta_interna`
--
ALTER TABLE `deta_interna`
  ADD PRIMARY KEY (`Id_CitaInt`),
  ADD KEY `Id_Mascota` (`Id_Mascota`),
  ADD KEY `Documento_Cliente` (`Documento_Cliente`);

--
-- Indices de la tabla `deta_venta`
--
ALTER TABLE `deta_venta`
  ADD PRIMARY KEY (`Id_DetalleV`),
  ADD KEY `Id_Venta` (`Id_Venta`),
  ADD KEY `Id_Servicio` (`Id_Servicio`),
  ADD KEY `Id_Producto` (`Id_Producto`);

--
-- Indices de la tabla `mascotas`
--
ALTER TABLE `mascotas`
  ADD PRIMARY KEY (`Id_Mascotas`),
  ADD KEY `Documento_Cliente` (`Documento_Cliente`);

--
-- Indices de la tabla `permisos`
--
ALTER TABLE `permisos`
  ADD PRIMARY KEY (`Id_permiso`);

--
-- Indices de la tabla `productos`
--
ALTER TABLE `productos`
  ADD PRIMARY KEY (`Id_Producto`),
  ADD KEY `Id_Provedor` (`Id_Provedor`),
  ADD KEY `Id_Categoria` (`Id_Categoria`);

--
-- Indices de la tabla `proveedores`
--
ALTER TABLE `proveedores`
  ADD PRIMARY KEY (`Id_Provedor`);

--
-- Indices de la tabla `roles`
--
ALTER TABLE `roles`
  ADD PRIMARY KEY (`Id_Rol`);

--
-- Indices de la tabla `role_permisos`
--
ALTER TABLE `role_permisos`
  ADD PRIMARY KEY (`id_roleP`),
  ADD KEY `Id_permiso` (`Id_permiso`),
  ADD KEY `role_permisos_ibfk_2` (`Id_Rol`);

--
-- Indices de la tabla `servicio`
--
ALTER TABLE `servicio`
  ADD PRIMARY KEY (`Id_Servicio`);

--
-- Indices de la tabla `usuarios`
--
ALTER TABLE `usuarios`
  ADD PRIMARY KEY (`Id_Usuario`),
  ADD KEY `fk_rol` (`Id_Rol`);

--
-- Indices de la tabla `ventas`
--
ALTER TABLE `ventas`
  ADD PRIMARY KEY (`Id_Venta`),
  ADD KEY `Documento_Cliente` (`Documento_Cliente`);

--
-- AUTO_INCREMENT de las tablas volcadas
--

--
-- AUTO_INCREMENT de la tabla `categoria`
--
ALTER TABLE `categoria`
  MODIFY `Id_Categoria` int(3) NOT NULL AUTO_INCREMENT, AUTO_INCREMENT=5;

--
-- AUTO_INCREMENT de la tabla `cita_externa`
--
ALTER TABLE `cita_externa`
  MODIFY `Id_Externa` int(3) NOT NULL AUTO_INCREMENT, AUTO_INCREMENT=3;

--
-- AUTO_INCREMENT de la tabla `cita_interna`
--
ALTER TABLE `cita_interna`
  MODIFY `Id_Interna` int(3) NOT NULL AUTO_INCREMENT, AUTO_INCREMENT=3;

--
-- AUTO_INCREMENT de la tabla `compras`
--
ALTER TABLE `compras`
  MODIFY `Id_Compra` int(3) NOT NULL AUTO_INCREMENT, AUTO_INCREMENT=3;

--
-- AUTO_INCREMENT de la tabla `configuracion`
--
ALTER TABLE `configuracion`
  MODIFY `Id_Configuracion` int(4) NOT NULL AUTO_INCREMENT, AUTO_INCREMENT=5;

--
-- AUTO_INCREMENT de la tabla `deta_compras`
--
ALTER TABLE `deta_compras`
  MODIFY `Id_DetalleCompra` int(3) NOT NULL AUTO_INCREMENT, AUTO_INCREMENT=5;

--
-- AUTO_INCREMENT de la tabla `deta_externas`
--
ALTER TABLE `deta_externas`
  MODIFY `Id_CitaExt` int(3) NOT NULL AUTO_INCREMENT, AUTO_INCREMENT=3;

--
-- AUTO_INCREMENT de la tabla `deta_interna`
--
ALTER TABLE `deta_interna`
  MODIFY `Id_CitaInt` int(3) NOT NULL AUTO_INCREMENT, AUTO_INCREMENT=3;

--
-- AUTO_INCREMENT de la tabla `deta_venta`
--
ALTER TABLE `deta_venta`
  MODIFY `Id_DetalleV` int(3) NOT NULL AUTO_INCREMENT, AUTO_INCREMENT=3;

--
-- AUTO_INCREMENT de la tabla `mascotas`
--
ALTER TABLE `mascotas`
  MODIFY `Id_Mascotas` int(3) NOT NULL AUTO_INCREMENT, AUTO_INCREMENT=5;

--
-- AUTO_INCREMENT de la tabla `permisos`
--
ALTER TABLE `permisos`
  MODIFY `Id_permiso` int(2) NOT NULL AUTO_INCREMENT, AUTO_INCREMENT=47;

--
-- AUTO_INCREMENT de la tabla `productos`
--
ALTER TABLE `productos`
  MODIFY `Id_Producto` int(3) NOT NULL AUTO_INCREMENT, AUTO_INCREMENT=3;

--
-- AUTO_INCREMENT de la tabla `proveedores`
--
ALTER TABLE `proveedores`
  MODIFY `Id_Provedor` int(3) NOT NULL AUTO_INCREMENT, AUTO_INCREMENT=11;

--
-- AUTO_INCREMENT de la tabla `roles`
--
ALTER TABLE `roles`
  MODIFY `Id_Rol` int(2) NOT NULL AUTO_INCREMENT, AUTO_INCREMENT=8;

--
-- AUTO_INCREMENT de la tabla `role_permisos`
--
ALTER TABLE `role_permisos`
  MODIFY `id_roleP` int(3) NOT NULL AUTO_INCREMENT, AUTO_INCREMENT=132;

--
-- AUTO_INCREMENT de la tabla `servicio`
--
ALTER TABLE `servicio`
  MODIFY `Id_Servicio` int(3) NOT NULL AUTO_INCREMENT, AUTO_INCREMENT=3;

--
-- AUTO_INCREMENT de la tabla `usuarios`
--
ALTER TABLE `usuarios`
  MODIFY `Id_Usuario` int(4) NOT NULL AUTO_INCREMENT, AUTO_INCREMENT=11;

--
-- AUTO_INCREMENT de la tabla `ventas`
--
ALTER TABLE `ventas`
  MODIFY `Id_Venta` int(3) NOT NULL AUTO_INCREMENT, AUTO_INCREMENT=3;

--
-- Restricciones para tablas volcadas
--

--
-- Filtros para la tabla `cita_externa`
--
ALTER TABLE `cita_externa`
  ADD CONSTRAINT `cita_externa_ibfk_1` FOREIGN KEY (`Id_CitaExt`) REFERENCES `deta_externas` (`Id_CitaExt`);

--
-- Filtros para la tabla `cita_interna`
--
ALTER TABLE `cita_interna`
  ADD CONSTRAINT `cita_interna_ibfk_1` FOREIGN KEY (`Id_citaInt`) REFERENCES `deta_interna` (`Id_CitaInt`);

--
-- Filtros para la tabla `configuracion`
--
ALTER TABLE `configuracion`
  ADD CONSTRAINT `configuracion_ibfk_1` FOREIGN KEY (`Id_Rol`) REFERENCES `roles` (`Id_Rol`),
  ADD CONSTRAINT `configuracion_ibfk_2` FOREIGN KEY (`Id_Permiso`) REFERENCES `permisos` (`Id_permiso`);

--
-- Filtros para la tabla `deta_compras`
--
ALTER TABLE `deta_compras`
  ADD CONSTRAINT `deta_compras_ibfk_1` FOREIGN KEY (`Id_Compra`) REFERENCES `compras` (`Id_Compra`),
  ADD CONSTRAINT `deta_compras_ibfk_2` FOREIGN KEY (`Id_Producto`) REFERENCES `productos` (`Id_Producto`);

--
-- Filtros para la tabla `deta_externas`
--
ALTER TABLE `deta_externas`
  ADD CONSTRAINT `deta_externas_ibfk_1` FOREIGN KEY (`Id_Mascota`) REFERENCES `mascotas` (`Id_Mascotas`),
  ADD CONSTRAINT `deta_externas_ibfk_2` FOREIGN KEY (`Documento_Cliente`) REFERENCES `clientes` (`Documento_Cliente`),
  ADD CONSTRAINT `deta_externas_ibfk_3` FOREIGN KEY (`Id_CitaExt`) REFERENCES `cita_externa` (`Id_CitaExt`);

--
-- Filtros para la tabla `deta_interna`
--
ALTER TABLE `deta_interna`
  ADD CONSTRAINT `deta_interna_ibfk_1` FOREIGN KEY (`Id_Mascota`) REFERENCES `mascotas` (`Id_Mascotas`),
  ADD CONSTRAINT `deta_interna_ibfk_2` FOREIGN KEY (`Documento_Cliente`) REFERENCES `clientes` (`Documento_Cliente`),
  ADD CONSTRAINT `deta_interna_ibfk_3` FOREIGN KEY (`Id_CitaInt`) REFERENCES `cita_interna` (`Id_citaInt`);

--
-- Filtros para la tabla `deta_venta`
--
ALTER TABLE `deta_venta`
  ADD CONSTRAINT `deta_venta_ibfk_1` FOREIGN KEY (`Id_Venta`) REFERENCES `ventas` (`Id_Venta`),
  ADD CONSTRAINT `deta_venta_ibfk_2` FOREIGN KEY (`Id_Servicio`) REFERENCES `servicio` (`Id_Servicio`),
  ADD CONSTRAINT `deta_venta_ibfk_3` FOREIGN KEY (`Id_Producto`) REFERENCES `productos` (`Id_Producto`);

--
-- Filtros para la tabla `mascotas`
--
ALTER TABLE `mascotas`
  ADD CONSTRAINT `mascotas_ibfk_1` FOREIGN KEY (`Documento_Cliente`) REFERENCES `clientes` (`Documento_Cliente`);

--
-- Filtros para la tabla `productos`
--
ALTER TABLE `productos`
  ADD CONSTRAINT `productos_ibfk_1` FOREIGN KEY (`Id_Provedor`) REFERENCES `proveedores` (`Id_Provedor`),
  ADD CONSTRAINT `productos_ibfk_2` FOREIGN KEY (`Id_Categoria`) REFERENCES `categoria` (`Id_Categoria`);

--
-- Filtros para la tabla `role_permisos`
--
ALTER TABLE `role_permisos`
  ADD CONSTRAINT `role_permisos_ibfk_1` FOREIGN KEY (`Id_permiso`) REFERENCES `permisos` (`Id_permiso`),
  ADD CONSTRAINT `role_permisos_ibfk_2` FOREIGN KEY (`Id_Rol`) REFERENCES `roles` (`Id_Rol`);

--
-- Filtros para la tabla `usuarios`
--
ALTER TABLE `usuarios`
  ADD CONSTRAINT `fk_rol` FOREIGN KEY (`Id_Rol`) REFERENCES `roles` (`Id_Rol`);

--
-- Filtros para la tabla `ventas`
--
ALTER TABLE `ventas`
  ADD CONSTRAINT `ventas_ibfk_2` FOREIGN KEY (`Documento_Cliente`) REFERENCES `clientes` (`Documento_Cliente`);
COMMIT;

/*!40101 SET CHARACTER_SET_CLIENT=@OLD_CHARACTER_SET_CLIENT */;
/*!40101 SET CHARACTER_SET_RESULTS=@OLD_CHARACTER_SET_RESULTS */;
/*!40101 SET COLLATION_CONNECTION=@OLD_COLLATION_CONNECTION */;
